{
  "name": "Al-Adiyat",
  "name_translations": {
    "ar": "العاديات",
    "en": "The Chargers",
    "id": "Kuda Yang Berlari Kencang"
  },
  "number_of_ayah": 11,
  "number_of_surah": 100,
  "place": "Mecca",
  "recitations": [{
    "name": "Mishari Rashid al-`Afasy",
    "audio_url": "https://download.quranicaudio.com/quran/mishaari_raashid_al_3afaasee/100.mp3"
  }, {
    "name": "Abdur-Rahman as-Sudais",
    "audio_url": "https://download.quranicaudio.com/quran/abdurrahmaan_as-sudays/100.mp3"
  }, {
    "name": "Saad al-Ghamdi",
    "audio_url": "https://download.quranicaudio.com/quran/sa3d_al-ghaamidi/complete/100.mp3"
  }],
  "type": "Makkiyah",
  "verses": [{
    "number": 1,
    "text": "بِسْمِ ٱللَّهِ ٱلرَّحْمَٰنِ ٱلرَّحِيمِ وَٱلْعَٰدِيَٰتِ ضَبْحًا",
    "translation_en": "By the racers, panting,",
    "translation_id": "Demi kuda perang yang berlari kencang dengan terengah-engah,"
  }, {
    "number": 2,
    "text": "فَٱلْمُورِيَٰتِ قَدْحًا",
    "translation_en": "And the producers of sparks [when] striking",
    "translation_id": "dan kuda yang mencetuskan api dengan pukulan (kuku kakinya),"
  }, {
    "number": 3,
    "text": "فَٱلْمُغِيرَٰتِ صُبْحًا",
    "translation_en": "And the chargers at dawn,",
    "translation_id": "dan kuda yang menyerang dengan tiba-tiba di waktu pagi,"
  }, {
    "number": 4,
    "text": "فَأَثَرْنَ بِهِۦ نَقْعًا",
    "translation_en": "Stirring up thereby [clouds of] dust,",
    "translation_id": "maka ia menerbangkan debu,"
  }, {
    "number": 5,
    "text": "فَوَسَطْنَ بِهِۦ جَمْعًا",
    "translation_en": "Arriving thereby in the center collectively,",
    "translation_id": "dan menyerbu ke tengah-tengah kumpulan musuh,"
  }, {
    "number": 6,
    "text": "إِنَّ ٱلْإِنسَٰنَ لِرَبِّهِۦ لَكَنُودٌ",
    "translation_en": "Indeed mankind, to his Lord, is ungrateful.",
    "translation_id": "sesungguhnya manusia itu sangat ingkar, tidak berterima kasih kepada Tuhannya,"
  }, {
    "number": 7,
    "text": "وَإِنَّهُۥ عَلَىٰ ذَٰلِكَ لَشَهِيدٌ",
    "translation_en": "And indeed, he is to that a witness.",
    "translation_id": "dan sesungguhnya manusia itu menyaksikan (sendiri) keingkarannya,"
  }, {
    "number": 8,
    "text": "وَإِنَّهُۥ لِحُبِّ ٱلْخَيْرِ لَشَدِيدٌ",
    "translation_en": "And indeed he is, in love of wealth, intense.",
    "translation_id": "dan sesungguhnya dia sangat bakhil karena cintanya kepada harta."
  }, {
    "number": 9,
    "text": "أَفَلَا يَعْلَمُ إِذَا بُعْثِرَ مَا فِى ٱلْقُبُورِ",
    "translation_en": "But does he not know that when the contents of the graves are scattered",
    "translation_id": "Maka apakah dia tidak mengetahui apabila dibangkitkan apa yang ada di dalam kubur,"
  }, {
    "number": 10,
    "text": "وَحُصِّلَ مَا فِى ٱلصُّدُورِ",
    "translation_en": "And that within the breasts is obtained,",
    "translation_id": "dan dilahirkan apa yang ada di dalam dada,"
  }, {
    "number": 11,
    "text": "إِنَّ رَبَّهُم بِهِمْ يَوْمَئِذٍ لَّخَبِيرٌۢ",
    "translation_en": "Indeed, their Lord with them, that Day, is [fully] Acquainted.",
    "translation_id": "sesungguhnya Tuhan mereka pada hari itu Maha Mengetahui keadaan mereka."
  }],
  "tafsir": {
    "id": {
      "kemenag": {
        "name": "Kemenag",
        "source": "Aplikasi Quran Kementrian Agama Republik Indonesia",
        "text": {
          "1": "Allah bersumpah dengan kuda perang yang memperdengarkan suaranya yang gemuruh. Kuda-kuda yang memancarkan bunga api dari kuku kakinya karena berlari kencang. Kuda-kuda yang menyerang di waktu subuh untuk menyergap musuh di waktu mereka tidak siap siaga. Karena kencangnya lari kuda itu, debu-debu jadi beterbangan. Allah menyatakan bahwa kuda yang menyerang itu tiba-tiba berada di tengah-tengah musuh sehingga menyebabkan mereka panik.\n\nAllah bersumpah dengan kuda dan sifat-sifatnya dalam suasana perang bertujuan untuk membangkitkan semangat perjuangan di kalangan orang-orang Mukmin. Sudah selayaknya mereka bersifat demikian dengan membiasakan diri menunggang kuda dengan tangkas untuk menyerbu musuh. Mereka juga diperintahkan agar selalu siap siaga untuk terjun ke medan pertempuran bila genderang perang memanggil mereka untuk menghancurkan musuh yang menyerang, sebagaimana Allah berfirman:\n\nDan persiapkanlah dengan segala kemampuan untuk menghadapi mereka dengan kekuatan yang kamu miliki dan dari pasukan berkuda yang dapat menggentarkan musuh Allah dan musuhmu. (al-Anfal/8: 60).\n\nAllah bersumpah dengan kuda perang yang dalam keadaan berlari kencang, hilir-mudik, memancarkan percikan bunga api dari kakinya karena berlari kencang, dan dengan penyergapan di waktu subuh, menunjukkan bahwa kuda-kuda yang dipelihara itu bukan untuk kebanggaan. Hendaknya kuda yang dipuji adalah yang digunakan untuk memadamkan keganasan musuh, melumpuhkan kekuatan mereka, atau menghadang serangan mereka.\n\nMaksudnya, dalam ketangkasan berkuda terkandung faedah yang tidak terkira banyaknya. Di antaranya adalah dapat dipergunakan untuk mencari nafkah, cepat bergerak untuk suatu keperluan yang mendadak, digunakan untuk menyergap musuh, dan dapat mencapai tempat yang jauh dalam waktu yang singkat.",
          "2": "Allah bersumpah dengan kuda perang yang memperdengarkan suaranya yang gemuruh. Kuda-kuda yang memancarkan bunga api dari kuku kakinya karena berlari kencang. Kuda-kuda yang menyerang di waktu subuh untuk menyergap musuh di waktu mereka tidak siap siaga. Karena kencangnya lari kuda itu, debu-debu jadi beterbangan. Allah menyatakan bahwa kuda yang menyerang itu tiba-tiba berada di tengah-tengah musuh sehingga menyebabkan mereka panik.\n\nAllah bersumpah dengan kuda dan sifat-sifatnya dalam suasana perang bertujuan untuk membangkitkan semangat perjuangan di kalangan orang-orang Mukmin. Sudah selayaknya mereka bersifat demikian dengan membiasakan diri menunggang kuda dengan tangkas untuk menyerbu musuh. Mereka juga diperintahkan agar selalu siap siaga untuk terjun ke medan pertempuran bila genderang perang memanggil mereka untuk menghancurkan musuh yang menyerang, sebagaimana Allah berfirman:\n\nDan persiapkanlah dengan segala kemampuan untuk menghadapi mereka dengan kekuatan yang kamu miliki dan dari pasukan berkuda yang dapat menggentarkan musuh Allah dan musuhmu. (al-Anfal/8: 60).\n\nAllah bersumpah dengan kuda perang yang dalam keadaan berlari kencang, hilir-mudik, memancarkan percikan bunga api dari kakinya karena berlari kencang, dan dengan penyergapan di waktu subuh, menunjukkan bahwa kuda-kuda yang dipelihara itu bukan untuk kebanggaan. Hendaknya kuda yang dipuji adalah yang digunakan untuk memadamkan keganasan musuh, melumpuhkan kekuatan mereka, atau menghadang serangan mereka.\n\nMaksudnya, dalam ketangkasan berkuda terkandung faedah yang tidak terkira banyaknya. Di antaranya adalah dapat dipergunakan untuk mencari nafkah, cepat bergerak untuk suatu keperluan yang mendadak, digunakan untuk menyergap musuh, dan dapat mencapai tempat yang jauh dalam waktu yang singkat.",
          "3": "Allah bersumpah dengan kuda perang yang memperdengarkan suaranya yang gemuruh. Kuda-kuda yang memancarkan bunga api dari kuku kakinya karena berlari kencang. Kuda-kuda yang menyerang di waktu subuh untuk menyergap musuh di waktu mereka tidak siap siaga. Karena kencangnya lari kuda itu, debu-debu jadi beterbangan. Allah menyatakan bahwa kuda yang menyerang itu tiba-tiba berada di tengah-tengah musuh sehingga menyebabkan mereka panik.\n\nAllah bersumpah dengan kuda dan sifat-sifatnya dalam suasana perang bertujuan untuk membangkitkan semangat perjuangan di kalangan orang-orang Mukmin. Sudah selayaknya mereka bersifat demikian dengan membiasakan diri menunggang kuda dengan tangkas untuk menyerbu musuh. Mereka juga diperintahkan agar selalu siap siaga untuk terjun ke medan pertempuran bila genderang perang memanggil mereka untuk menghancurkan musuh yang menyerang, sebagaimana Allah berfirman:\n\nDan persiapkanlah dengan segala kemampuan untuk menghadapi mereka dengan kekuatan yang kamu miliki dan dari pasukan berkuda yang dapat menggentarkan musuh Allah dan musuhmu. (al-Anfal/8: 60).\n\nAllah bersumpah dengan kuda perang yang dalam keadaan berlari kencang, hilir-mudik, memancarkan percikan bunga api dari kakinya karena berlari kencang, dan dengan penyergapan di waktu subuh, menunjukkan bahwa kuda-kuda yang dipelihara itu bukan untuk kebanggaan. Hendaknya kuda yang dipuji adalah yang digunakan untuk memadamkan keganasan musuh, melumpuhkan kekuatan mereka, atau menghadang serangan mereka.\n\nMaksudnya, dalam ketangkasan berkuda terkandung faedah yang tidak terkira banyaknya. Di antaranya adalah dapat dipergunakan untuk mencari nafkah, cepat bergerak untuk suatu keperluan yang mendadak, digunakan untuk menyergap musuh, dan dapat mencapai tempat yang jauh dalam waktu yang singkat.",
          "4": "Allah bersumpah dengan kuda perang yang memperdengarkan suaranya yang gemuruh. Kuda-kuda yang memancarkan bunga api dari kuku kakinya karena berlari kencang. Kuda-kuda yang menyerang di waktu subuh untuk menyergap musuh di waktu mereka tidak siap siaga. Karena kencangnya lari kuda itu, debu-debu jadi beterbangan. Allah menyatakan bahwa kuda yang menyerang itu tiba-tiba berada di tengah-tengah musuh sehingga menyebabkan mereka panik.\n\nAllah bersumpah dengan kuda dan sifat-sifatnya dalam suasana perang bertujuan untuk membangkitkan semangat perjuangan di kalangan orang-orang Mukmin. Sudah selayaknya mereka bersifat demikian dengan membiasakan diri menunggang kuda dengan tangkas untuk menyerbu musuh. Mereka juga diperintahkan agar selalu siap siaga untuk terjun ke medan pertempuran bila genderang perang memanggil mereka untuk menghancurkan musuh yang menyerang, sebagaimana Allah berfirman:\n\nDan persiapkanlah dengan segala kemampuan untuk menghadapi mereka dengan kekuatan yang kamu miliki dan dari pasukan berkuda yang dapat menggentarkan musuh Allah dan musuhmu. (al-Anfal/8: 60).\n\nAllah bersumpah dengan kuda perang yang dalam keadaan berlari kencang, hilir-mudik, memancarkan percikan bunga api dari kakinya karena berlari kencang, dan dengan penyergapan di waktu subuh, menunjukkan bahwa kuda-kuda yang dipelihara itu bukan untuk kebanggaan. Hendaknya kuda yang dipuji adalah yang digunakan untuk memadamkan keganasan musuh, melumpuhkan kekuatan mereka, atau menghadang serangan mereka.\n\nMaksudnya, dalam ketangkasan berkuda terkandung faedah yang tidak terkira banyaknya. Di antaranya adalah dapat dipergunakan untuk mencari nafkah, cepat bergerak untuk suatu keperluan yang mendadak, digunakan untuk menyergap musuh, dan dapat mencapai tempat yang jauh dalam waktu yang singkat.",
          "5": "Allah bersumpah dengan kuda perang yang memperdengarkan suaranya yang gemuruh. Kuda-kuda yang memancarkan bunga api dari kuku kakinya karena berlari kencang. Kuda-kuda yang menyerang di waktu subuh untuk menyergap musuh di waktu mereka tidak siap siaga. Karena kencangnya lari kuda itu, debu-debu jadi beterbangan. Allah menyatakan bahwa kuda yang menyerang itu tiba-tiba berada di tengah-tengah musuh sehingga menyebabkan mereka panik.\n\nAllah bersumpah dengan kuda dan sifat-sifatnya dalam suasana perang bertujuan untuk membangkitkan semangat perjuangan di kalangan orang-orang Mukmin. Sudah selayaknya mereka bersifat demikian dengan membiasakan diri menunggang kuda dengan tangkas untuk menyerbu musuh. Mereka juga diperintahkan agar selalu siap siaga untuk terjun ke medan pertempuran bila genderang perang memanggil mereka untuk menghancurkan musuh yang menyerang, sebagaimana Allah berfirman:\n\nDan persiapkanlah dengan segala kemampuan untuk menghadapi mereka dengan kekuatan yang kamu miliki dan dari pasukan berkuda yang dapat menggentarkan musuh Allah dan musuhmu. (al-Anfal/8: 60).\n\nAllah bersumpah dengan kuda perang yang dalam keadaan berlari kencang, hilir-mudik, memancarkan percikan bunga api dari kakinya karena berlari kencang, dan dengan penyergapan di waktu subuh, menunjukkan bahwa kuda-kuda yang dipelihara itu bukan untuk kebanggaan. Hendaknya kuda yang dipuji adalah yang digunakan untuk memadamkan keganasan musuh, melumpuhkan kekuatan mereka, atau menghadang serangan mereka.\n\nMaksudnya, dalam ketangkasan berkuda terkandung faedah yang tidak terkira banyaknya. Di antaranya adalah dapat dipergunakan untuk mencari nafkah, cepat bergerak untuk suatu keperluan yang mendadak, digunakan untuk menyergap musuh, dan dapat mencapai tempat yang jauh dalam waktu yang singkat.",
          "6": "Dalam ayat ini, Allah menerangkan isi sumpah-Nya, yaitu: watak manusia adalah mengingkari kebenaran dan tidak mengakui hal-hal yang menyebabkan mereka harus bersyukur kepada penciptanya, kecuali orang-orang yang mendapat taufik, membiasakan diri berbuat kebajikan dan menjauhkan diri dari kemungkaran.\n\nHubungan antara ayat 5 yang menggambarkan persoalan kuda dan ayat 6 yang memberi informasi tentang sifat dasar manusia adalah bahwa manusia itu mempunyai potensi menjadi liar seperti kuda yang tidak terkendali, sehingga menyebabkannya ingkar kepada Allah.\n\nSifat yang terpendam dalam jiwa manusia ini menyebabkan ia tidak mementingkan apa yang terdapat di sekelilingnya, tidak menghiraukan apa yang akan datang, dan lupa apa yang telah lalu. Bila Allah memberikan kepadanya sesuatu nikmat, dia menjadi bingung, hatinya menjadi bengis, dan sikapnya menjadi kasar terhadap hamba-hamba Allah.",
          "7": "Dalam ayat ini, Allah menjelaskan bahwa seorang manusia meskipun ingkar, aniaya, dan tetap dalam keingkaran serta kebohongan, bila ia mawas diri, seharusnya ia akan kembali kepada yang benar. \n\nDia mengaku bahwa dia tidak mensyukuri nikmat-nikmat Allah yang dianugerahkan kepadanya. Dia juga mengakui bahwa semua tindakannya merupakan penentangan dan pengingkaran terhadap nikmat tersebut. Ini adalah kesaksian sendiri atas keingkarannya, pengakuan tersebut lebih kuat daripada pengakuan yang timbul dari diri sendiri dengan lisan.",
          "8": "Allah menyatakan bahwa karena sangat sayang dan cinta kepada harta serta keinginan untuk mengumpulkan dan menyimpannya menyebabkan manusia menjadi sangat kikir, tamak, serta melampaui batas. Allah berfirman:\n\nDan kamu mencintai harta dengan kecintaan yang berlebihan. (al-Fajr/89: 20)",
          "9": "Dalam ayat-ayat berikut ini, Allah menerangkan ancaman-Nya kepada orang-orang yang ingkar terhadap nikmat-nikmat-Nya dengan menyatakan apakah mereka tidak sadar bahwa Allah mengetahui isi hatinya. Allah juga menyatakan bahwa Dia akan membalas keingkaran mereka itu pada hari dikeluarkan apa yang ada di dalam dada dan dibangkitkan apa yang ada di dalam kubur.",
          "10": "Dalam ayat-ayat berikut ini, Allah menerangkan ancaman-Nya kepada orang-orang yang ingkar terhadap nikmat-nikmat-Nya dengan menyatakan apakah mereka tidak sadar bahwa Allah mengetahui isi hatinya. Allah juga menyatakan bahwa Dia akan membalas keingkaran mereka itu pada hari dikeluarkan apa yang ada di dalam dada dan dibangkitkan apa yang ada di dalam kubur.",
          "11": "Dalam ayat-ayat berikut ini, Allah menerangkan ancaman-Nya kepada orang-orang yang ingkar terhadap nikmat-nikmat-Nya dengan menyatakan apakah mereka tidak sadar bahwa Allah mengetahui isi hatinya. Allah juga menyatakan bahwa Dia akan membalas keingkaran mereka itu pada hari dikeluarkan apa yang ada di dalam dada dan dibangkitkan apa yang ada di dalam kubur."
        }
      }
    }
  }
}