{
  "name": "Al-Ma'un",
  "name_translations": {
    "ar": "الماعون",
    "en": "Almsgiving",
    "id": "Barang Yang Berguna"
  },
  "number_of_ayah": 7,
  "number_of_surah": 107,
  "place": "Mecca",
  "recitations": [{
    "name": "Mishari Rashid al-`Afasy",
    "audio_url": "https://download.quranicaudio.com/quran/mishaari_raashid_al_3afaasee/107.mp3"
  }, {
    "name": "Abdur-Rahman as-Sudais",
    "audio_url": "https://download.quranicaudio.com/quran/abdurrahmaan_as-sudays/107.mp3"
  }, {
    "name": "Saad al-Ghamdi",
    "audio_url": "https://download.quranicaudio.com/quran/sa3d_al-ghaamidi/complete/107.mp3"
  }],
  "type": "Makkiyah",
  "verses": [{
    "number": 1,
    "text": "بِسْمِ ٱللَّهِ ٱلرَّحْمَٰنِ ٱلرَّحِيمِ أَرَءَيْتَ ٱلَّذِى يُكَذِّبُ بِٱلدِّينِ",
    "translation_en": "Have you seen the one who denies the Recompense?",
    "translation_id": "Tahukah kamu (orang) yang mendustakan agama?"
  }, {
    "number": 2,
    "text": "فَذَٰلِكَ ٱلَّذِى يَدُعُّ ٱلْيَتِيمَ",
    "translation_en": "For that is the one who drives away the orphan",
    "translation_id": "Itulah orang yang menghardik anak yatim,"
  }, {
    "number": 3,
    "text": "وَلَا يَحُضُّ عَلَىٰ طَعَامِ ٱلْمِسْكِينِ",
    "translation_en": "And does not encourage the feeding of the poor.",
    "translation_id": "dan tidak menganjurkan memberi makan orang miskin."
  }, {
    "number": 4,
    "text": "فَوَيْلٌ لِّلْمُصَلِّينَ",
    "translation_en": "So woe to those who pray",
    "translation_id": "Maka kecelakaanlah bagi orang-orang yang shalat,"
  }, {
    "number": 5,
    "text": "ٱلَّذِينَ هُمْ عَن صَلَاتِهِمْ سَاهُونَ",
    "translation_en": "[But] who are heedless of their prayer -",
    "translation_id": "(yaitu) orang-orang yang lalai dari shalatnya,"
  }, {
    "number": 6,
    "text": "ٱلَّذِينَ هُمْ يُرَآءُونَ",
    "translation_en": "Those who make show [of their deeds]",
    "translation_id": "orang-orang yang berbuat riya,"
  }, {
    "number": 7,
    "text": "وَيَمْنَعُونَ ٱلْمَاعُونَ",
    "translation_en": "And withhold [simple] assistance.",
    "translation_id": "dan enggan (menolong dengan) barang berguna."
  }],
  "tafsir": {
    "id": {
      "kemenag": {
        "name": "Kemenag",
        "source": "Aplikasi Quran Kementrian Agama Republik Indonesia",
        "text": {
          "1": "Dalam ayat ini, Allah menghadapkan pertanyaan kepada Nabi Muhammad, \"Apakah engkau mengetahui orang yang mendustakan agama dan yang dimaksud dengan orang yang mendustakan agama?\" Pertanyaan ini dijawab pada ayat-ayat berikut.",
          "2": "Allah lalu menjelaskan bahwa sebagian dari sifat-sifat orang yang mendustakan agama ialah orang-orang yang menolak dan membentak anak-anak yatim yang datang kepadanya untuk memohon belas-kasihnya demi kebutuhan hidupnya. Penolakannya itu sebagai penghinaan dan takabur terhadap anak-anak yatim itu.",
          "3": "Allah menegaskan lebih lanjut sifat pendusta itu, yaitu dia tidak mengajak orang lain untuk membantu dan memberi makan orang miskin. Bila tidak mau mengajak orang memberi makan dan membantu orang miskin berarti ia tidak melakukannya sama sekali. Berdasarkan keterangan di atas, bila seorang tidak sanggup membantu orang-orang miskin maka hendaklah ia menganjurkan orang lain agar melakukan usaha yang mulia itu.",
          "4": "Dalam ayat-ayat ini, Allah mengungkapkan satu ancaman yaitu celakalah orang-orang yang mengerjakan salat dengan tubuh dan lidahnya, tidak sampai ke hatinya. Dia lalai dan tidak menyadari apa yang diucapkan lidahnya dan yang dikerjakan oleh anggota tubuhnya. Ia rukuk dan sujud dalam keadaan lalai, ia mengucapkan takbir tetapi tidak menyadari apa yang diucapkannya. Semua itu adalah hanya gerak biasa dan kata-kata hafalan semata-mata yang tidak mempengaruhi apa-apa, tidak ubahnya seperti robot.\n\nPerilaku tersebut ditujukan kepada orang-orang yang mendustakan agama, yaitu orang munafik. Ancaman itu tidak ditujukan kepada orang-orang muslim yang awam, tidak mengerti bahasa Arab, dan tidak tahu tentang arti dari apa yang dibacanya. Jadi orang-orang awam yang tidak memahami makna dari apa yang dibacanya dalam salat tidak termasuk orang-orang yang lalai seperti yang disebut dalam ayat ini.",
          "5": "Dalam ayat-ayat ini, Allah mengungkapkan satu ancaman yaitu celakalah orang-orang yang mengerjakan salat dengan tubuh dan lidahnya, tidak sampai ke hatinya. Dia lalai dan tidak menyadari apa yang diucapkan lidahnya dan yang dikerjakan oleh anggota tubuhnya. Ia rukuk dan sujud dalam keadaan lalai, ia mengucapkan takbir tetapi tidak menyadari apa yang diucapkannya. Semua itu adalah hanya gerak biasa dan kata-kata hafalan semata-mata yang tidak mempengaruhi apa-apa, tidak ubahnya seperti robot.\n\nPerilaku tersebut ditujukan kepada orang-orang yang mendustakan agama, yaitu orang munafik. Ancaman itu tidak ditujukan kepada orang-orang muslim yang awam, tidak mengerti bahasa Arab, dan tidak tahu tentang arti dari apa yang dibacanya. Jadi orang-orang awam yang tidak memahami makna dari apa yang dibacanya dalam salat tidak termasuk orang-orang yang lalai seperti yang disebut dalam ayat ini.",
          "6": "Allah selanjutnya menambah penjelasan tentang sifat orang pendusta agama, yaitu mereka melakukan perbuatan-perbuatan lahir hanya semata karena ria, tidak terkesan pada jiwanya untuk meresapi rahasia dan hikmahnya.",
          "7": "Allah menambahkan lagi dalam ayat ini sifat pendusta itu, yaitu mereka tidak mau memberikan barang-barang yang diperlukan oleh orang-orang yang membutuhkannya, sedang barang itu tak pantas ditahan, seperti periuk, kapuk, cangkul, dan lain-lain. \n\nKeadaan orang yang membesarkan agama berbeda dengan keadaan orang yang mendustakan agama, karena yang pertama tampak dalam tata hidupnya yang jujur, adil, kasih sayang, pemurah, dan lain-lain. Sedangkan sifat pendusta agama ialah ria, curang, aniaya, takabur, kikir, memandang rendah orang lain, tidak mementingkan yang lain kecuali dirinya sendiri, bangga dengan harta dan kedudukan, serta tidak mau mengeluarkan sebahagian dari hartanya, baik untuk keperluan perseorangan maupun untuk masyarakat."
        }
      }
    }
  }
}