{
  "name": "Al-Ikhlas",
  "name_translations": {
    "ar": "الإخلاص",
    "en": "Sincerity",
    "id": "Ikhlas"
  },
  "number_of_ayah": 4,
  "number_of_surah": 112,
  "place": "Mecca",
  "recitations": [{
    "name": "Mishari Rashid al-`Afasy",
    "audio_url": "https://download.quranicaudio.com/quran/mishaari_raashid_al_3afaasee/112.mp3"
  }, {
    "name": "Abdur-Rahman as-Sudais",
    "audio_url": "https://download.quranicaudio.com/quran/abdurrahmaan_as-sudays/112.mp3"
  }, {
    "name": "Saad al-Ghamdi",
    "audio_url": "https://download.quranicaudio.com/quran/sa3d_al-ghaamidi/complete/112.mp3"
  }],
  "type": "Makkiyah",
  "verses": [{
    "number": 1,
    "text": "بِسْمِ ٱللَّهِ ٱلرَّحْمَٰنِ ٱلرَّحِيمِ قُلْ هُوَ ٱللَّهُ أَحَدٌ",
    "translation_en": "Say, \"He is Allah, [who is] One,",
    "translation_id": "Katakanlah: \"Dialah Allah, Yang Maha Esa."
  }, {
    "number": 2,
    "text": "ٱللَّهُ ٱلصَّمَدُ",
    "translation_en": "Allah, the Eternal Refuge.",
    "translation_id": "Allah adalah Tuhan yang bergantung kepada-Nya segala sesuatu."
  }, {
    "number": 3,
    "text": "لَمْ يَلِدْ وَلَمْ يُولَدْ",
    "translation_en": "He neither begets nor is born,",
    "translation_id": "Dia tiada beranak dan tidak pula diperanakkan,"
  }, {
    "number": 4,
    "text": "وَلَمْ يَكُن لَّهُۥ كُفُوًا أَحَدٌۢ",
    "translation_en": "Nor is there to Him any equivalent.\"",
    "translation_id": "dan tidak ada seorangpun yang setara dengan Dia\"."
  }],
  "tafsir": {
    "id": {
      "kemenag": {
        "name": "Kemenag",
        "source": "Aplikasi Quran Kementrian Agama Republik Indonesia",
        "text": {
          "1": "Pada ayat ini, Allah menyuruh Nabi Muhammad menjawab pertanyaan orang-orang yang menanyakan tentang sifat Tuhannya, bahwa Dia adalah Allah Yang Maha Esa, tidak tersusun dan tidak berbilang, karena berbilang dalam susunan zat berarti bahwa bagian kumpulan itu memerlukan bagian yang lain, sedang Allah sama sekali tidak memerlukan suatu apa pun. Keesaan Allah itu meliputi tiga hal: Dia Maha Esa pada Zat-Nya, Maha Esa pada sifat-Nya dan Maha Esa pada perbuatan-Nya.\n\nMaha Esa pada zat-Nya berarti zat-Nya tidak tersusun dari beberapa zat atau bagian. Maha Esa pada sifat-Nya berarti tidak ada satu sifat makhluk pun yang menyamai-Nya dan Maha Esa pada perbuatan-Nya berarti Dialah yang membuat semua perbuatan sesuai dengan firman-Nya:\n\nSesungguhnya urusan-Nya apabila Dia menghendaki sesuatu Dia hanya berkata kepadanya, \"Jadilah!\" Maka jadilah sesuatu itu. (Yasin/36 : 82)",
          "2": "Allah menambahkan dalam ayat ini penjelasan tentang sifat Tuhan Yang Maha Esa itu, yaitu Dia adalah Tuhan tempat meminta dan memohon.",
          "3": "Allah lalu menegaskan bahwa Mahasuci Ia dari mempunyai anak. Ayat ini juga menentang dakwaan orang-orang musyrik Arab yang mengatakan bahwa malaikat-malaikat adalah anak perempuan Allah dan dakwaan orang Nasrani bahwa Isa anak laki-laki Allah. Dalam ayat lain, Allah berfirman:\n\nMaka tanyakanlah (Muhammad) kepada mereka (orang-orang kafir Mekah), \"Apakah anak-anak perempuan itu untuk Tuhanmu sedangkan untuk mereka anak-anak laki-laki?\" Atau apakah Kami menciptakan malaikat-malaikat berupa perempuan sedangkan mereka menyaksikan(nya)? Ingatlah, sesungguhnya di antara kebohongannya mereka benar-benar mengatakan, \"Allah mempunyai anak.\" Dan sungguh, mereka benar-benar pendusta. (as-saffat/37: 149-152)\n\nAllah tidak beranak, dan tidak pula diperanakkan. Dengan demikian, Dia tidak sama dengan makhluk. Dia berada tidak didahului oleh tidak ada. Mahasuci Allah dari apa yang mereka sebutkan.\n\nIbnu 'Abbas berkata, \"Dia tidak beranak sebagaimana Maryam melahirkan Isa dan tidak pula diperanakkan. Ini adalah bantahan terhadap orang-orang Nasrani yang mengatakan Isa al-Masih adalah anak Allah dan bantahan terhadap orang-orang Yahudi yang mengatakan Uzair adalah anak Allah.",
          "4": "Dalam ayat ini, Allah menjelaskan lagi bahwa tidak ada yang setara dan sebanding dengan Dia dalam zat, sifat, dan perbuatan-Nya. Ini adalah tantangan terhadap orang-orang yang beritikad bahwa ada yang setara dan menyerupai Allah dalam perbuatannya, sebagaimana pendirian orang-orang musyrik Arab yang menyatakan bahwa malaikat itu adalah sekutu Allah."
        }
      }
    }
  }
}