{
  "name": "At-Tur",
  "name_translations": {
    "ar": "الطور",
    "en": "The Mount",
    "id": "Bukit Tursina"
  },
  "number_of_ayah": 49,
  "number_of_surah": 52,
  "place": "Mecca",
  "recitations": [{
    "name": "Mishari Rashid al-`Afasy",
    "audio_url": "https://download.quranicaudio.com/quran/mishaari_raashid_al_3afaasee/052.mp3"
  }, {
    "name": "Abdur-Rahman as-Sudais",
    "audio_url": "https://download.quranicaudio.com/quran/abdurrahmaan_as-sudays/052.mp3"
  }, {
    "name": "Saad al-Ghamdi",
    "audio_url": "https://download.quranicaudio.com/quran/sa3d_al-ghaamidi/complete/052.mp3"
  }],
  "type": "Makkiyah",
  "verses": [{
    "number": 1,
    "text": "بِسْمِ ٱللَّهِ ٱلرَّحْمَٰنِ ٱلرَّحِيمِ وَٱلطُّورِ",
    "translation_en": "By the mount",
    "translation_id": "Demi bukit,"
  }, {
    "number": 2,
    "text": "وَكِتَٰبٍ مَّسْطُورٍ",
    "translation_en": "And [by] a Book inscribed",
    "translation_id": "dan Kitab yang ditulis,"
  }, {
    "number": 3,
    "text": "فِى رَقٍّ مَّنشُورٍ",
    "translation_en": "In parchment spread open",
    "translation_id": "pada lembaran yang terbuka,"
  }, {
    "number": 4,
    "text": "وَٱلْبَيْتِ ٱلْمَعْمُورِ",
    "translation_en": "And [by] the frequented House",
    "translation_id": "dan demi Baitul Ma'mur,"
  }, {
    "number": 5,
    "text": "وَٱلسَّقْفِ ٱلْمَرْفُوعِ",
    "translation_en": "And [by] the heaven raised high",
    "translation_id": "dan atap yang ditinggikan (langit),"
  }, {
    "number": 6,
    "text": "وَٱلْبَحْرِ ٱلْمَسْجُورِ",
    "translation_en": "And [by] the sea filled [with fire],",
    "translation_id": "dan laut yang di dalam tanahnya ada api,"
  }, {
    "number": 7,
    "text": "إِنَّ عَذَابَ رَبِّكَ لَوَٰقِعٌ",
    "translation_en": "Indeed, the punishment of your Lord will occur.",
    "translation_id": "sesungguhnya azab Tuhanmu pasti terjadi,"
  }, {
    "number": 8,
    "text": "مَّا لَهُۥ مِن دَافِعٍ",
    "translation_en": "Of it there is no preventer.",
    "translation_id": "tidak seorangpun yang dapat menolaknya,"
  }, {
    "number": 9,
    "text": "يَوْمَ تَمُورُ ٱلسَّمَآءُ مَوْرًا",
    "translation_en": "On the Day the heaven will sway with circular motion",
    "translation_id": "pada hari ketika langit benar-benar bergoncang,"
  }, {
    "number": 10,
    "text": "وَتَسِيرُ ٱلْجِبَالُ سَيْرًا",
    "translation_en": "And the mountains will pass on, departing -",
    "translation_id": "dan gunung benar-benar berjalan."
  }, {
    "number": 11,
    "text": "فَوَيْلٌ يَوْمَئِذٍ لِّلْمُكَذِّبِينَ",
    "translation_en": "Then woe, that Day, to the deniers,",
    "translation_id": "Maka kecelakaan yang besarlah di hari itu bagi orang-orang yang mendustakan,"
  }, {
    "number": 12,
    "text": "ٱلَّذِينَ هُمْ فِى خَوْضٍ يَلْعَبُونَ",
    "translation_en": "Who are in [empty] discourse amusing themselves.",
    "translation_id": "(yaitu) orang-orang yang bermain-main dalam kebathilan,"
  }, {
    "number": 13,
    "text": "يَوْمَ يُدَعُّونَ إِلَىٰ نَارِ جَهَنَّمَ دَعًّا",
    "translation_en": "The Day they are thrust toward the fire of Hell with a [violent] thrust, [its angels will say],",
    "translation_id": "pada hari mereka didorong ke neraka Jahannam dengan sekuat-kuatnya."
  }, {
    "number": 14,
    "text": "هَٰذِهِ ٱلنَّارُ ٱلَّتِى كُنتُم بِهَا تُكَذِّبُونَ",
    "translation_en": "\"This is the Fire which you used to deny.",
    "translation_id": "(Dikatakan kepada mereka): \"Inilah neraka yang dahulu kamu selalu mendustakannya\"."
  }, {
    "number": 15,
    "text": "أَفَسِحْرٌ هَٰذَآ أَمْ أَنتُمْ لَا تُبْصِرُونَ",
    "translation_en": "Then is this magic, or do you not see?",
    "translation_id": "Maka apakah ini sihir? Ataukah kamu tidak melihat?"
  }, {
    "number": 16,
    "text": "ٱصْلَوْهَا فَٱصْبِرُوٓا۟ أَوْ لَا تَصْبِرُوا۟ سَوَآءٌ عَلَيْكُمْ إِنَّمَا تُجْزَوْنَ مَا كُنتُمْ تَعْمَلُونَ",
    "translation_en": "[Enter to] burn therein; then be patient or impatient - it is all the same for you. You are only being recompensed [for] what you used to do.\"",
    "translation_id": "Masukklah kamu ke dalamnya (rasakanlah panas apinya); maka baik kamu bersabar atau tidak, sama saja bagimu; kamu diberi balasan terhadap apa yang telah kamu kerjakan."
  }, {
    "number": 17,
    "text": "إِنَّ ٱلْمُتَّقِينَ فِى جَنَّٰتٍ وَنَعِيمٍ",
    "translation_en": "Indeed, the righteous will be in gardens and pleasure,",
    "translation_id": "Sesungguhnya orang-orang yang bertakwa berada dalam surga dan kenikmatan,"
  }, {
    "number": 18,
    "text": "فَٰكِهِينَ بِمَآ ءَاتَىٰهُمْ رَبُّهُمْ وَوَقَىٰهُمْ رَبُّهُمْ عَذَابَ ٱلْجَحِيمِ",
    "translation_en": "Enjoying what their Lord has given them, and their Lord protected them from the punishment of Hellfire.",
    "translation_id": "mereka bersuka ria dengan apa yang diberikan kepada mereka oleh Tuhan mereka; dan Tuhan mereka memelihara mereka dari azab neraka."
  }, {
    "number": 19,
    "text": "كُلُوا۟ وَٱشْرَبُوا۟ هَنِيٓـًٔۢا بِمَا كُنتُمْ تَعْمَلُونَ",
    "translation_en": "[They will be told], \"Eat and drink in satisfaction for what you used to do.\"",
    "translation_id": "(Dikatakan kepada mereka): \"Makan dan minumlah dengan enak sebagai balasan dari apa yang telah kamu kerjakan\","
  }, {
    "number": 20,
    "text": "مُتَّكِـِٔينَ عَلَىٰ سُرُرٍ مَّصْفُوفَةٍ وَزَوَّجْنَٰهُم بِحُورٍ عِينٍ",
    "translation_en": "They will be reclining on thrones lined up, and We will marry them to fair women with large, [beautiful] eyes.",
    "translation_id": "mereka bertelekan di atas dipan-dipan berderetan dan Kami kawinkan mereka dengan bidadari-bidadari yang cantik bermata jeli."
  }, {
    "number": 21,
    "text": "وَٱلَّذِينَ ءَامَنُوا۟ وَٱتَّبَعَتْهُمْ ذُرِّيَّتُهُم بِإِيمَٰنٍ أَلْحَقْنَا بِهِمْ ذُرِّيَّتَهُمْ وَمَآ أَلَتْنَٰهُم مِّنْ عَمَلِهِم مِّن شَىْءٍ كُلُّ ٱمْرِئٍۭ بِمَا كَسَبَ رَهِينٌ",
    "translation_en": "And those who believed and whose descendants followed them in faith - We will join with them their descendants, and We will not deprive them of anything of their deeds. Every person, for what he earned, is retained.",
    "translation_id": "Dan orang-oranng yang beriman, dan yang anak cucu mereka mengikuti mereka dalam keimanan, Kami hubungkan anak cucu mereka dengan mereka, dan Kami tiada mengurangi sedikitpun dari pahala amal mereka. Tiap-tiap manusia terikat dengan apa yang dikerjakannya."
  }, {
    "number": 22,
    "text": "وَأَمْدَدْنَٰهُم بِفَٰكِهَةٍ وَلَحْمٍ مِّمَّا يَشْتَهُونَ",
    "translation_en": "And We will provide them with fruit and meat from whatever they desire.",
    "translation_id": "Dan Kami beri mereka tambahan dengan buah-buahan dan daging dari segala jenis yang mereka ingini."
  }, {
    "number": 23,
    "text": "يَتَنَٰزَعُونَ فِيهَا كَأْسًا لَّا لَغْوٌ فِيهَا وَلَا تَأْثِيمٌ",
    "translation_en": "They will exchange with one another a cup [of wine] wherein [results] no ill speech or commission of sin.",
    "translation_id": "Di dalam surga mereka saling memperebutkan piala (gelas) yang isinya tidak (menimbulkan) kata-kata yang tidak berfaedah dan tiada pula perbuatan dosa."
  }, {
    "number": 24,
    "text": "وَيَطُوفُ عَلَيْهِمْ غِلْمَانٌ لَّهُمْ كَأَنَّهُمْ لُؤْلُؤٌ مَّكْنُونٌ",
    "translation_en": "There will circulate among them [servant] boys [especially] for them, as if they were pearls well-protected.",
    "translation_id": "Dan berkeliling di sekitar mereka anak-anak muda untuk (melayani) mereka, seakan-akan mereka itu mutiara yang tersimpan."
  }, {
    "number": 25,
    "text": "وَأَقْبَلَ بَعْضُهُمْ عَلَىٰ بَعْضٍ يَتَسَآءَلُونَ",
    "translation_en": "And they will approach one another, inquiring of each other.",
    "translation_id": "Dan sebahagian mereka menghadap kepada sebahagian yang lain saling tanya-menanya."
  }, {
    "number": 26,
    "text": "قَالُوٓا۟ إِنَّا كُنَّا قَبْلُ فِىٓ أَهْلِنَا مُشْفِقِينَ",
    "translation_en": "They will say, \"Indeed, we were previously among our people fearful [of displeasing Allah].",
    "translation_id": "Mereka berkata: \"Sesungguhnya kami dahulu, sewaktu berada di tengah-tengah keluarga kami merasa takut (akan diazab)\"."
  }, {
    "number": 27,
    "text": "فَمَنَّ ٱللَّهُ عَلَيْنَا وَوَقَىٰنَا عَذَابَ ٱلسَّمُومِ",
    "translation_en": "So Allah conferred favor upon us and protected us from the punishment of the Scorching Fire.",
    "translation_id": "Maka Allah memberikan karunia kepada kami dan memelihara kami dari azab neraka."
  }, {
    "number": 28,
    "text": "إِنَّا كُنَّا مِن قَبْلُ نَدْعُوهُ إِنَّهُۥ هُوَ ٱلْبَرُّ ٱلرَّحِيمُ",
    "translation_en": "Indeed, we used to supplicate Him before. Indeed, it is He who is the Beneficent, the Merciful.\"",
    "translation_id": "Sesungguhnya kami dahulu menyembah-Nya. Sesungguhnya Dialah yang melimpahkan kebaikan lagi Maha Penyayang."
  }, {
    "number": 29,
    "text": "فَذَكِّرْ فَمَآ أَنتَ بِنِعْمَتِ رَبِّكَ بِكَاهِنٍ وَلَا مَجْنُونٍ",
    "translation_en": "So remind [O Muhammad], for you are not, by the favor of your Lord, a soothsayer or a madman.",
    "translation_id": "Maka tetaplah memberi peringatan, dan kamu disebabkan nikmat Tuhanmu bukanlah seorang tukang tenung dan bukan pula seorang gila."
  }, {
    "number": 30,
    "text": "أَمْ يَقُولُونَ شَاعِرٌ نَّتَرَبَّصُ بِهِۦ رَيْبَ ٱلْمَنُونِ",
    "translation_en": "Or do they say [of you], \"A poet for whom we await a misfortune of time?\"",
    "translation_id": "Bahkan mereka mengatakan: \"Dia adalah seorang penyair yang kami tunggu-tunggu kecelakaan menimpanya\"."
  }, {
    "number": 31,
    "text": "قُلْ تَرَبَّصُوا۟ فَإِنِّى مَعَكُم مِّنَ ٱلْمُتَرَبِّصِينَ",
    "translation_en": "Say, \"Wait, for indeed I am, with you, among the waiters.\"",
    "translation_id": "Katakanlah: \"Tunggulah, maka sesungguhnya akupun termasuk orang yang menunggu (pula) bersama kamu\"."
  }, {
    "number": 32,
    "text": "أَمْ تَأْمُرُهُمْ أَحْلَٰمُهُم بِهَٰذَآ أَمْ هُمْ قَوْمٌ طَاغُونَ",
    "translation_en": "Or do their minds command them to [say] this, or are they a transgressing people?",
    "translation_id": "Apakah mereka diperintah oleh fikiran-fikiran mereka untuk mengucapkan tuduhan-tuduhan ini ataukah mereka kaum yang melampaui batas?"
  }, {
    "number": 33,
    "text": "أَمْ يَقُولُونَ تَقَوَّلَهُۥ بَل لَّا يُؤْمِنُونَ",
    "translation_en": "Or do they say, \"He has made it up\"? Rather, they do not believe.",
    "translation_id": "Ataukah mereka mengatakan: \"Dia (Muhammad) membuat-buatnya\". Sebenarnya mereka tidak beriman."
  }, {
    "number": 34,
    "text": "فَلْيَأْتُوا۟ بِحَدِيثٍ مِّثْلِهِۦٓ إِن كَانُوا۟ صَٰدِقِينَ",
    "translation_en": "Then let them produce a statement like it, if they should be truthful.",
    "translation_id": "Maka hendaklah mereka mendatangkan kalimat yang semisal Al Quran itu jika mereka orang-orang yang benar."
  }, {
    "number": 35,
    "text": "أَمْ خُلِقُوا۟ مِنْ غَيْرِ شَىْءٍ أَمْ هُمُ ٱلْخَٰلِقُونَ",
    "translation_en": "Or were they created by nothing, or were they the creators [of themselves]?",
    "translation_id": "Apakah mereka diciptakan tanpa sesuatupun ataukah mereka yang menciptakan (diri mereka sendiri)?"
  }, {
    "number": 36,
    "text": "أَمْ خَلَقُوا۟ ٱلسَّمَٰوَٰتِ وَٱلْأَرْضَ بَل لَّا يُوقِنُونَ",
    "translation_en": "Or did they create the heavens and the earth? Rather, they are not certain.",
    "translation_id": "Ataukah mereka telah menciptakan langit dan bumi itu?; sebenarnya mereka tidak meyakini (apa yang mereka katakan)."
  }, {
    "number": 37,
    "text": "أَمْ عِندَهُمْ خَزَآئِنُ رَبِّكَ أَمْ هُمُ ٱلْمُصَۣيْطِرُونَ",
    "translation_en": "Or have they the depositories [containing the provision] of your Lord? Or are they the controllers [of them]?",
    "translation_id": "Ataukah di sisi mereka ada perbendaharaan Tuhanmu atau merekakah yang berkuasa?"
  }, {
    "number": 38,
    "text": "أَمْ لَهُمْ سُلَّمٌ يَسْتَمِعُونَ فِيهِ فَلْيَأْتِ مُسْتَمِعُهُم بِسُلْطَٰنٍ مُّبِينٍ",
    "translation_en": "Or have they a stairway [into the heaven] upon which they listen? Then let their listener produce a clear authority.",
    "translation_id": "Ataukah mereka mempunyai tangga (ke langit) untuk mendengarkan pada tangga itu (hal-hal yang gaib)? Maka hendaklah orang yang mendengarkan di antara mereka mendatangkan suatu keterangan yang nyata."
  }, {
    "number": 39,
    "text": "أَمْ لَهُ ٱلْبَنَٰتُ وَلَكُمُ ٱلْبَنُونَ",
    "translation_en": "Or has He daughters while you have sons?",
    "translation_id": "Ataukah untuk Allah anak-anak perempuan dan untuk kamu anak-anak laki-laki?"
  }, {
    "number": 40,
    "text": "أَمْ تَسْـَٔلُهُمْ أَجْرًا فَهُم مِّن مَّغْرَمٍ مُّثْقَلُونَ",
    "translation_en": "Or do you, [O Muhammad], ask of them a payment, so they are by debt burdened down?",
    "translation_id": "Ataukah kamu meminta upah kepada mereka sehingga mereka dibebani dengan hutang?"
  }, {
    "number": 41,
    "text": "أَمْ عِندَهُمُ ٱلْغَيْبُ فَهُمْ يَكْتُبُونَ",
    "translation_en": "Or have they [knowledge of] the unseen, so they write [it] down?",
    "translation_id": "Apakah ada pada sisi mereka pengetahuan tentang yang gaib lalu mereka menuliskannya?"
  }, {
    "number": 42,
    "text": "أَمْ يُرِيدُونَ كَيْدًا فَٱلَّذِينَ كَفَرُوا۟ هُمُ ٱلْمَكِيدُونَ",
    "translation_en": "Or do they intend a plan? But those who disbelieve - they are the object of a plan.",
    "translation_id": "Ataukah mereka hendak melakukan tipu daya? Maka orang-orang yang kafir itu merekalah yang kena tipu daya."
  }, {
    "number": 43,
    "text": "أَمْ لَهُمْ إِلَٰهٌ غَيْرُ ٱللَّهِ سُبْحَٰنَ ٱللَّهِ عَمَّا يُشْرِكُونَ",
    "translation_en": "Or have they a deity other than Allah? Exalted is Allah above whatever they associate with Him.",
    "translation_id": "Ataukah mereka mempunyai tuhan selain Allah. Maha Suci Allah dari apa yang mereka persekutukan."
  }, {
    "number": 44,
    "text": "وَإِن يَرَوْا۟ كِسْفًا مِّنَ ٱلسَّمَآءِ سَاقِطًا يَقُولُوا۟ سَحَابٌ مَّرْكُومٌ",
    "translation_en": "And if they were to see a fragment from the sky falling, they would say, \"[It is merely] clouds heaped up.\"",
    "translation_id": "Jika mereka melihat sebagian dari langit gugur, mereka akan mengatakan: \"Itu adalah awan yang bertindih-tindih\"."
  }, {
    "number": 45,
    "text": "فَذَرْهُمْ حَتَّىٰ يُلَٰقُوا۟ يَوْمَهُمُ ٱلَّذِى فِيهِ يُصْعَقُونَ",
    "translation_en": "So leave them until they meet their Day in which they will be struck insensible -",
    "translation_id": "Maka biarkanlah mereka hingga mereka menemui hari (yang dijanjikan kepada) mereka yang pada hari itu mereka dibinasakan,"
  }, {
    "number": 46,
    "text": "يَوْمَ لَا يُغْنِى عَنْهُمْ كَيْدُهُمْ شَيْـًٔا وَلَا هُمْ يُنصَرُونَ",
    "translation_en": "The Day their plan will not avail them at all, nor will they be helped.",
    "translation_id": "(yaitu) hari ketika tidak berguna bagi mereka sedikitpun tipu daya mereka dan mereka tidak ditolong."
  }, {
    "number": 47,
    "text": "وَإِنَّ لِلَّذِينَ ظَلَمُوا۟ عَذَابًا دُونَ ذَٰلِكَ وَلَٰكِنَّ أَكْثَرَهُمْ لَا يَعْلَمُونَ",
    "translation_en": "And indeed, for those who have wronged is a punishment before that, but most of them do not know.",
    "translation_id": "Dan sesungguhnya untuk orang-orang yang zalim ada azab selain daripada itu. Tetapi kebanyakan mereka tidak mengetahui."
  }, {
    "number": 48,
    "text": "وَٱصْبِرْ لِحُكْمِ رَبِّكَ فَإِنَّكَ بِأَعْيُنِنَا وَسَبِّحْ بِحَمْدِ رَبِّكَ حِينَ تَقُومُ",
    "translation_en": "And be patient, [O Muhammad], for the decision of your Lord, for indeed, you are in Our eyes. And exalt [Allah] with praise of your Lord when you arise.",
    "translation_id": "Dan bersabarlah dalam menunggu ketetapan Tuhanmu, maka sesungguhnya kamu berada dalam penglihatan Kami, dan bertasbihlah dengan memuji Tuhanmu ketika kamu bangun berdiri,"
  }, {
    "number": 49,
    "text": "وَمِنَ ٱلَّيْلِ فَسَبِّحْهُ وَإِدْبَٰرَ ٱلنُّجُومِ",
    "translation_en": "And in a part of the night exalt Him and after [the setting of] the stars.",
    "translation_id": "dan bertasbihlah kepada-Nya pada beberapa saat di malam hari dan di waktu terbenam bintang-bintang (di waktu fajar)."
  }],
  "tafsir": {
    "id": {
      "kemenag": {
        "name": "Kemenag",
        "source": "Aplikasi Quran Kementrian Agama Republik Indonesia",
        "text": {
          "1": "Ayat ini mengutarakan bahwa Allah swt bersumpah dengan ath-thur yang tinggi kedudukannya karena di atas ath-thur itu Allah telah berbicara dengan Nabi Musa dan menurunkan kitab Taurat kepadanya yang berisikan hukum-hukum, hikmat, dan budi pekerti dan mudah dibaca manusia. Ath-thur berarti bukit yaitu Bukit thursina yakni sebuah bukit di Madyan tempat Nabi Musa mendengarkan kalam Allah swt. Ath-thur dalam bahasa Suryani berarti juga bukit yang banyak pohon-pohonnya, tempat di mana Tuhan berbicara langsung dengan Nabi Musa dan di tempat itu pula diangkat menjadi rasul. Dinamakan ath-thur karena banyak pohonnya, bila tidak ada pohonnya, maka tidaklah dinamakan ath-thur, akan tetapi Jabal (gunung). Allah menggunakan gunung sebagai sumpah-Nya tentunya karena pentingnya gunung dalam terjadinya kehidupan di bumi ini. Mengenai gunung dan peranannya, antara lain dapat dilihat pada bahasan beberapa ayat berikut, Luqman/31: 10 dan an-Naml/27: 88. Bahasan selanjutnya juga dapat dilihat pada an-Naba'/78: 6-7 dan an-Nazi'at/79: 30-32.",
          "2": "Kemudian Allah swt bersumpah dengan sebuah kitab yang tertulis (bertulisan indah) dengan susunan huruf-hurufnya yang rapih. Ada yang berpendapat bahwa maksudnya ialah Lauh Mahfudz, dan ada pula yang berpendapat bahwa arti kitab yang tertulis indah, ialah yang diturunkan dan dibacakan kepada manusia dengan terang-terangan.",
          "3": "Selanjutnya Allah swt menerangkan dalam ayat ini bahwa kitab-kitab itu mudah bagi setiap orang mempelajari isinya. Kitabkitab itu berisi hikmah-hikmah, hukum, kebudayaan dan budi pekerti (akhlak); karena itu ditulis pada lembaran-lembaran terbuka yang dapat dibaca. (",
          "4": "Dalam ayat ini Allah swt bersumpah dengan al-Baitul-Ma'mur yaitu sebuah rumah di langit yang ketujuh yang setiap harinya dimasuki oleh 70 ribu malaikat untuk tawaf atau salat. Mereka telah masuk ke sana tidak akan kembali untuk selamanya. Hal ini ditegaskan dalam hadis Isra' yaitu: \"Terdapat dalam Sahih al-Bukhari dan Sahih Muslim bahwa Rasulullah saw bersabda dalam hadis tentang Isra' sesudah melampaui langit ketujuh, kemudian aku diangkat ke Baitulma'mur, tiba-tiba di sana kulihat 70.000 malaikat masuk setiap hari dan mereka tidak akan kembali lagi setelah itu. (Riwayat al-Bukhari dan Muslim) \n\nMaksud hadis di atas bahwa para malaikat itu beribadat dan melakukan tawaf di sana (Baitulma'mur) seperti halnya manusia di bumi, melakukan tawaf di Ka'bah Mekah. Begitulah keadaan para malaikat itu. Kemudian Qatadah, Rabi' bin Anas dan as-Suddi berkata, bahwa Rasulullah saw pada suatu hari berkata kepada para sahabat: \n\n\"Tahukah kamu apakah Baitulma'mur itu? Mereka menjawab, \"Allah dan Rasul-Nya lebih mengetahui\" Rasulullah berkata, \"Baitulma'mur ialah sebuah masjid di langit yang searah dengan Ka'bah dan apabila (seseorang dari sana) jatuh, maka akan jatuh di atas Ka'bah, di sana salat 70.000 malaikat setiap hari; apabila mereka keluar dari sana, tidak akan kembali lagi.\" (Riwayat Ibnu Jarir)",
          "5": "Dalam ayat ini Allah swt bersumpah dengan atap yang ditinggikan (langit) yaitu alam tinggi yang mempunyai beberapa matahari, beberapa bulan, bintang-bintang tetap, dan bintang-bintang beredar. Di sana juga terletak 'Arsy dan kursi-Nya; demikian juga malaikat-malaikat-Nya (yang tidak pernah menolak perintah Allah swt dan selalu patuh terhadap apa yang Allah perintahkan kepada mereka). Di sana juga ada benda-benda alam yang tak terhitung banyaknya hanya Allah swt yang mengetahuinya, dan balatentara Allah swt yang kita juga tak mengetahui hakikatnya kecuali Dia yang menciptakannya. Dalam firman Allah swt dijelaskan: \n\nDan tidak ada yang mengetahui bala tentara Tuhanmu kecuali Dia sendiri. (al-Muddatstsir/74: 31) \n\nSufyan ats-sauri, Syu'bah dan Abdul Ahwas meriwayatkan dari Simak dari Harb dari Khalid bin Ar'arah dari 'Ali bahwa As-Saqful Marfu' artinya 'langit. Sufyan membaca firman Allah sebagai berikut: \n\nDan Kami menjadikan langit sebagai atap yang terpelihara. (alAnbiya'/21: 32) \n\nMaksudnya ialah bahwa langit itu sebagai atap dan yang dimaksud dengan \"terpelihara\" ialah segala yang berada di langit itu dijaga oleh Allah swt dengan peraturan dan hukum-hukum yang menyebabkan semuanya berjalan dengan teratur dan tertib, sesuai sistem dan hukumnya.",
          "6": "Dalam ayat ini Allah bersumpah, Demi al-Bahrul-Masjur (laut yang di dalamnya ada api) yakni laut yang tertahan dari banjir karena kalau laut itu dilepaskan, ia akan menenggelamkan semua yang ada di atas bumi sehingga hewan dan tumbuh-tumbuhan semuanya akan habis musnah. Maka rusaklah aturan alam dan tidaklah ada hikmah alam ini dijadikan. Sebagian ulama berpendapat dan menetapkan bahwa lapisan bumi itu seluruhnya seperti semangka, dan kulitnya seperti kulit semangka, itu artinya bahwa perbandingan kulit bumi dan api yang ada di dalam kulitnya itu seperti kulit semangka dengan isinya, yang dimakan itu. Sebab itu sekarang kita sebenarnya berada di atas api yang besar, yakni di atas laut yang dibawahnya penuh dengan api dan laut itu tertutup dengan kulit bumi dari segala penjurunya. Dari waktu ke waktu api itu naik ke atas laut yang tampak pada waktu gempa dan pada waktu gunung berapi meletus; seperti gunung berapi Visofius yang meletus di Italia pada tahun 1909 M yang telah menelan kota Mozaina, dan gempa ini yang telah terjadi di Jepang pada tahun 1952 M yang memusnahkan kota-kotanya sekaligus. Menurut Jumhur bahwa yang dimaksud dalam ayat ini ialah laut bumi. Akan tetapi mereka berbeda pendapat dalam kata \"masjur\" di antara pendapatnya ialah berarti: dinyalakan api di hari Kiamat seperti dalam Al-Qur'an: \n\nDan apabila lautan dijadikan meluap. (al-Infithar/82: 3) \n\nFirman-Nya yang lain: \n\nDan apabila lautan dipanaskan. (at-Takwir/81: 6)",
          "7": "Kemudian Allah swt menyebutkan isi sumpah bahwa azabazab hari Kiamat diperuntunkkan bagi semua yang mendustakan para rasul. Azab tersebut pasti akan terjadi, tanpa ragu sedikitpun. Penegasan tentang kepastian datangnya azab sangat penting untuk menghilangkan keraguan di kalangan manusia yang meragukan peristiwa terjadinya azab itu.",
          "8": "Allah menerangkan bahwa azab tersebut tak seorang pun yang dapat menolaknya. Dan tidak pula ada jalan untuk keluar dari azab itu yang merupakan balasan bagi orang-orang yang telah menodai dirinya dengan perbuatan syirik dan dosa, dan yang telah menodai jiwanya dengan dusta terhadap para rasul dan hari kebangkitan. Kemudian diterangkan pula dalam ayat ini bahwa azab yang tidak dapat dihindarkan itu terjadi pada suatu hari tatkala langit berguncang di tempatnya.",
          "9": "Allah menerangkan bahwa azab tersebut tak seorang pun yang dapat menolaknya. Dan tidak pula ada jalan untuk keluar dari azab itu yang merupakan balasan bagi orang-orang yang telah menodai dirinya dengan perbuatan syirik dan dosa, dan yang telah menodai jiwanya dengan dusta terhadap para rasul dan hari kebangkitan. Kemudian diterangkan pula dalam ayat ini bahwa azab yang tidak dapat dihindarkan itu terjadi pada suatu hari tatkala langit berguncang di tempatnya.",
          "10": "Dalam ayat ini Allah menambahkan penjelasannya bahwa pada hari Kiamat itu gunung-gunung berpindah dari tempatnya, berjalan seperti jalannya awan, dan terbang ke udara lalu jatuh ke bumi terpecah-pecah, kemudian hancur menjadi debu laksana bulu yang diterbangkan angin. Berguncangnya langit dan beterbangannya gunung-gunung ialah sebagai pemberitahuan dan peringatan kepada manusia bahwa mereka tidak akan dapat kembali ke dunia, karena ia telah musnah dan telah terjadi alam baru yaitu alam akhirat. Ayat di atas berkaitan dengan gambaran saat terjadinya kiamat, yang banyak pula disebut di ayat-ayat lainnya. Gunung yang mengekspresikan daratan atau kerak bumi, digambarkan berpindah tempat atau dengan kata lain gunung-gunung itu bergerak. Pergerakan gunung-gunung ini adalah manifestasi pergerakan lempeng bumi (lihat an-Naml/27: 88) dan dapat menimbulkan gempa bumi. Dalam Surah az-Zalzalah/99: 1-4 kejadian kiamat digambarkan dengan datangnya gempa yang dahsyat. Gempa dahsyat ini dapat menimbulkan retakan yang panjang dan dalam yang bukan mustahil memicu terjadinya letusan gunung api. Sebagai contoh adalah ketika terjadi gempa Nias pada tahun 2005 yang berkekuatan Mw=8,7, setelah gempa Aceh 2004, beberapa gunung api di Pulau Sumatra memperlihatkan kegiatan yang meningkat. \n\nFakta ilmiah memang menunjukkan bahwa gunung-gunung itu bergerak. Data Global Positioning Systems (GPS) merekam gerakangerakan tersebut dalam ukuran milimeter. Sebagai contoh adalah pulau-pulau terluar di sebelah barat Sumatra yang bergerak ke arah timurlaut sebesar 50-60 mm/tahun.",
          "11": "Dalam ayat ini Allah menerangkan kepada siapa azab itu ditimpakan setelah terjadinya guncangan langit dan beterbangan gunung-gunung yaitu kepada orang-orang pendusta yang bergelimang dengan kebatilan dan selalu menolak kebenaran serta tidak ingat akan adanya hari perhitungan dan tidak pernah takut akan adanya siksaan Tuhan.",
          "12": "Dalam ayat ini Allah menerangkan kepada siapa azab itu ditimpakan setelah terjadinya guncangan langit dan beterbangan gunung-gunung yaitu kepada orang-orang pendusta yang bergelimang dengan kebatilan dan selalu menolak kebenaran serta tidak ingat akan adanya hari perhitungan dan tidak pernah takut akan adanya siksaan Tuhan.",
          "13": "Dalam ayat ini Allah menerangkan bahwa orang-orang yang berbuat kejahatan tersebut, pada hari itu mereka dihardik dan didorong dengan paksa ke dalam neraka Jahanam, yang apinya selalu membakar dan menyala-nyala. (",
          "14": "Setelah mereka dekat dengan neraka, para penjaga menegaskan dengan ejekan, \"Inilah neraka, yang dahulu kamu dustakan di dunia.\" Pendustaan mereka terhadap neraka berarti dusta mereka terhadap rasul yang telah membawa berita tentang neraka itu, dengan wahyu yang telah diturunkan kepadanya.",
          "15": "Karena itu dalam ayat ini Allah mengejek mereka, yaitu orang-orang musyrik yang ketika di dunia menganggap Muhammad saw tukang sihir yang menyihir akal dan menutup mata mereka. Allah swt mengejek mereka ketika mereka diazab di akhirat. \"Apakah yang mereka lihat dengan mata kepala mereka sekarang ini, seperti azab yang diberitahukan kepada mereka di dunia itu, ataukah mereka masih terlena oleh sihir seperti dahulu mereka menganggap Muhammad saw menyihir mereka di dunia, ataukah mata mereka tidak melihat apa-apa?\" Sungguh azab itu telah menjadi kenyataan, mata mereka tidak kena sihir dan tidak pula ditutupi. \n\nJelasnya apakah dalam penglihatan mereka ada keraguan ataukah mata mereka sedang sakit? Tidak, kedua-duanya tidak, yang mereka lihat itu adalah kenyataan yang sebenarnya.",
          "16": "Ketika mereka tidak dapat mengingkari kenyataan dan mengakui bahwa itu bukan sihir dan bukan pula akibat salah melihat, Allah swt memerintahkan kepada mereka supaya masuk ke dalam api neraka untuk merasakan panasnya api neraka. Kemudian Allah swt menjelaskan bahwa bersabar atau tidak, keadaannya serupa bagi mereka. Karena seorang yang tidak sabar akan sesuatu, maka ia berusaha untuk menolaknya baik dengan menjauhinya atau pun dengan mengatasinya. Namun, lain halnya dengan hari kebangkitan sebab azab di akhirat tidak sama dengan azab di dunia karena orang yang diazab di dunia, bila ia bersabar ia akan mendapat manfaat dari kesabarannya, baik manfaat yang berupa balasan di akhirat nanti maupun pujian di dunia berkenaan dengan kesabaran dan ketabahannya. Dan kalau dia tidak sabar dengan pengertian berkeluh-kesah tentulah ia dicela dan dianggap kekanak-kanakan. Akan tetapi kesabaran di akhirat tidak ada manfaatnya karena akhirat bukan tempat beramal tetapi untuk mendapat ganjaran dan pembalasan. Pada akhir ayat ini Allah swt menegaskan bahwa manusia itu akan menerima pembalasan dari Allah. Jika perbuatan mereka di dunia baik, mereka akan menerima balasan yang baik pula di akhirat. Dan jika perbuatan mereka di dunia jahat, mereka di akhirat akan menerima balasan setimpal dengan kejahatannya. Allah berfirman: \n\nDan Tuhanmu tidak menzalimi seorang jua pun. (al-Kahf/18: 49) \n\nTegasnya Allah akan membalas setiap orang sesuai dengan perbuatannya. Balasan itu akan diterima apakah bersabar atau tidak, pasti terlaksana.",
          "17": "Dalam ayat ini Allah menerangkan bahwa orang-orang yang takut akan murka Tuhannya, mereka melaksanakan ibadah kepadaNya baik dengan terang-terangan atau tidak, memenuhi kewajibankewajibannya terhadap Tuhan, dan menjalankan peraturanperaturan agama, tidak mengerjakan suatu perbuatan maksiat yakni tidak menodai dirinya dengan dosa dan tidak menodai jiwanya dengan kemunafikan. Kepada mereka Tuhan memberikan balasan surga, di dalamnya mereka bersenang-senang. Mereka mendapat apa yang belum pernah mereka lihat, belum pernah mereka dengar, dan belum pernah diterangkan oleh seorang manusia pun. Semuanya itu sebagai balasan atas perbuatan baik mereka selama hidup di dunia. Mereka menjauhi kemewahan duniawi yang membuat lalai pada ibadah serta bersabar atas cobaan-cobaan yang menimpa mereka dengan harapan agar mendapat rida Allah. (",
          "18": "Dalam ayat ini digambarkan bahwa mereka merasakan suka cita dan kebahagiaan yang penuh karena anugerah dan hadiahhadiah yang dilimpahkan Allah kepadanya. Mereka tidak pernah terganggu oleh segala macam was-was atau dihinggapi oleh perasaan lelah. Mereka betul-betul berada dalam kesenangan dan kenikmatan serta kelezatan luar biasa, muka mereka berseri-seri, ceria, dan riang gembira. Mereka telah diselamatkan oleh Tuhannya dari azab. Mereka kini merasakan segala kenikmatan dan jauh dari kesengsaraan. Itulah kesenangan yang benar dan nikmat yang abadi.",
          "19": "Dalam ayat ini Allah membolehkan mereka memakan dan meminum apa yang telah tersedia berupa segala makanan dan minuman yang lezat-lezat. Mereka tidak lagi khawatir akan bahaya yang akan menimpa seperti halnya apa yang mereka saksikan di dunia tentang adanya bahaya makanan dan minuman. Semua itu sebagai balasan terhadap segala amal baik mereka dan sebagai balasan atas kesungguhan mereka di dunia dalam berbakti kepada Allah swt. Mereka betul-betul merasa nikmat di akhirat itu. Diriwayatkan bahwa Rabi' bin Hisyam melakukan salat sepanjang malam. Lalu seorang bertanya kepadanya mengapa ia melelahkan dirinya seperti itu. Maka jawabannya bahwa ia memerlukan istirahat di akhirat nanti. Dalam ayat yang sama artinya Allah berfirman: \n\n(Kepada mereka dikatakan),\"Makan dan minumlah dengan nikmat karena amal yang telah kamu kerjakan pada hari-hari yang telah lalu.\" (al-hujurat/49: 17) \n\nPerkataan hani'an dalam ayat ini berarti kenikmatan makanan dan minuman dan terhindar dari segala apa yang membahayakan. Orang yang makan di dunia kadang-kadang mendatangkan penyakit dan lain-lain, sehingga ia kurang tenang dan kurang enak makan. Atau ia takut akan segera habisnya makanan itu sehingga ia harus mencarinya lagi. Atau karena habis, lalu kemudian harus memasak lagi hingga matang dan dapat dimakan. Hal-hal seperti ini tidak akan ditemui di surga. Perkataan \"bima kuntum ta'malun\" dalam ayat ini berarti sebagai balasan yang telah kamu perbuat di dunia, hal ini sebagai isyarat bahwa Allah telah memenuhi apa yang telah dijanjikan olehNya di dunia, sebab tidak ada nikmat di dunia yang bisa diperoleh tanpa adanya susah payah dahulu. Berlainan halnya dengan nikmat di akhirat. Nikmat di akhirat sebagai balasan atas iman dan amal saleh di dunia sebagaimana dijelaskan oleh Allah di dalam firmanNya: \n\nMereka merasa berjasa kepadamu dengan keislaman mereka. Katakanlah, \"Janganlah kamu merasa berjasa kepadaku dengan keislamanmu, sebenarnya Allah yang melimpahkan nikmat kepadamu dengan menunjukkan kamu kepada keimanan, jika kamu orang yang benar.\" (al-hujurat/49: 17)",
          "20": "Kemudian Allah menyebutkan apa yang mereka nikmati misalnya kasur-kasurnya (dipan-dipannya). Mereka duduk di sofa yang berjajar dengan santai tanpa suatu apapun yang membebani hati mereka. Tidak ada satu masalah pun yang mesti mereka hadapi waktu itu, sebab barang siapa yang duduk, sedangkan ia menghadapi suatu masalah atau di bebani pikiran oleh suatu masalah berarti pikiran dan hatinya tidak tenteram. Pada ayat ini dipergunakan kata-kata yajlis (duduk) bukan kata-kata yattaki'u (duduk santai). Dengan maksud untuk menjelaskan keadaan duduk seseorang yang diliputi kepuasan dan ketenteraman. Maka keadaan di surga itu menunjukkan suatu keadaan yang tenang, tanpa kesusahan, tanpa beban dan tanpa masalah. Dalam ayat yang sama artinya dikatakan: \n\nDuduk berhadap-hadapan di atas dipan-dipan. (al-hijr/15: 47) \n\nDuduk santai sekadar ungkapan sebagai salah satu contoh tentang kebebasan yang sebenarnya di dalam surga sebagaimana disabdakan oleh Nabi Muhammad saw: \"Seseorang di dalam surga duduk santai selama 40 (empat puluh) tahun tidak berpindah dan tidak membosankannya, datang kepadanya (tanpa diusahakan) apa-apa yang diingini oleh dirinya dan disenangi oleh matanya.\" (Riwayat Ibnu Abi hatim) Kemudian diterangkan bahwa mereka di sana menikmati pasangan-pasangan mereka. Allah telah memberi mereka istri-istri yang cantik yang bermata jeli.",
          "21": "Dalam ayat ini, Allah swt menerangkan bahwa orang-orang yang beriman yang diikuti oleh anak cucu mereka dalam keimanan, akan dipertemukan Allah dalam satu tingkatan dan kedudukan yang sama sebagai karunia Allah kepada mereka meskipun para keturunan itu ternyata belum mencapai derajat tersebut dalam amal mereka. Sehingga orang tua mereka menjadi senang, maka sempurnalah kegembiraan mereka karena dapat berkumpul semua bersama-sama. Ketika membaca ayat 21 ini Ibnu 'Abbas berkata bahwa keturunan anak cucu orang-orang beriman akan ditingkatkan oleh Allah swt derajatnya bila ternyata tingkatan mereka lebih rendah dari derajat orang tua mereka. Kemudian Allah swt memberikan gambaran tentang situasi surga penuh kenikmatan seperti tersedianya makanan mereka di dalam surga. Setiap buah-buahan atau makanan yang mereka inginkan pasti mereka peroleh sesuai dengan selera mereka. Kemudian digambarkan bagaimana mereka hidup senang di sana. Mereka saling berebutan minum, minum tetap dalam kesopanan, berbicara tentang hal lucu, di sana mereka dilayani oleh pelayanpelayan yang sangat ramah dan cantik. Mereka juga membicarakan hal ihwal mereka di dunia dahulu sebelum mereka berada di dalam kesenangan dan kemewahan surgawi. Diriwayatkan bahwasanya Rasulullah bersabda: Apabila seseorang memasuki surga, menanyakan kedua orang tuanya, istrinya, dan anaknya, maka dikatakan kepadanya: \"Mereka belum sampai pada derajat dan amalanmu.\" Maka ia berkata: \"Ya Tuhanku, aku telah beramal untukku dan untuk mereka\". Maka (permohonannya dikabulkan Tuhan) disuruhlah mereka (orang tua, istri, anak) untuk bergabung dengan dia.\" (Riwayat Ibnu Mardawaih dan ath-thabrani dari Ibnu 'Abbas) \n\nIni merupakan karunia Allah swt terhadap anak cucu yang beriman dan berkat amal bapak-bapak mereka sebab bapak pun memperoleh karunia Allah swt dengan berkat anak cucu mereka sebagaimana sabda Nabi Muhammad saw:Sesungguhnya Allah swt niscaya mengangkat derajat seorang hamba, lalu ia bertanya, \"Ya Tuhanku, bagaimana aku memperoleh derajat ini?\" Allah menjawab, \"Kamu memperolehnya sebab doa anakmu.\" (Riwayat Ahmad dan al-Baihaqi dari Abu Hurairah) Dari Abu Hurairah bahwasanya Rasulullah saw bersabda, \"Apabila mati seorang anak Adam, maka terputuslah amalnya kecuali tiga: amal jariah, atau ilmu yang bermanfaat atau anak yang saleh yang mendoakannya.\"(Riwayat Muslim dari Abu Hurairah) \n\nKemudian pada ayat ini Allah menjelaskan lagi bahwa pahala dari amal saleh para bapak yang saleh tidak dikurangi meskipun kedudukan anak dan isteri mereka yang beriman diangkat derajat mereka menjadi sama dengan suami/bapak mereka sebagai karunia Allah swt. Pada akhir ayat ini Allah menegaskan bahwa setiap orang memang hanya bertanggungjawab terhadap amal dan perbuatan masing-masing. Perbuatan dosa istri atau anak tidak menjadi tanggung jawab ayah/suami, demikian pula perbuatan dosa agar tidak dibebankan pada anak atau istrinya. Hal ini perlu ditegaskan bahwa hal itu merupakan prinsip dasar. Tetapi Allah memberi karunia banyak kepada orang tua yang beriman dan beramal saleh dengan menambah kebahagiaan orang tua untuk memenuhi keinginan orang tua berkumpul di surga bersama anak, istri dan cucu-cucunya, selama mereka beriman, meskipun derajat mereka lebih rendah, tetapi Allah mengangkat mereka menjadi sama dengan bapak yang mukmin dan saleh tadi. Apabila si anak berbahagia masuk surga dan merindukan bersama orang tuanya maka Allah melimpahkan karunia-Nya, mengangkat bapak ibunya yang beriman untuk mendapat kebahagiaan bersama anak mereka di surga. Karunia Allah yang demikian tidak mengubah prinsip setiap orang hanya bertanggungjawab atas perbuatan masing-masing, meskipun tetap masih ada pengecualian yang lain seperti firman Allah swt: \n\nSetiap orang bertanggung jawab atas apa yang telah dilakukannya, kecuali golongan kanan. (al-Muddatstsir/74: 38-39) Setiap orang akan diminta pertanggungjawaban atas perbuatannya di hadapan Allah swt. Tanggung jawab itu tidak akan terlepas dari mereka kecuali golongan kanan yaitu orang-orang yang berbuat baik. Mereka inilah yang akan terlepas dari tanggung jawab disebabkan oleh ketaatan mereka beribadah kepada Allah swt.",
          "22": "Selanjutnya pada ayat ini Allah menyebutkan bahwa Dia menambahkan kesenangan penghuni surga tersebut dari waktu ke waktu dengan apa yang mereka inginkan, seperti disediakannya berbagai macam buah-buahan dan daging yang lezat, sekalipun mereka tidak memintanya. Mengapa Allah swt menyebutkan buah-buahan dan daging, tidak menyebutkan berbagai macam makanan yang lain karena buahbuahan dan daging merupakan makanan yang disenangi dan mengandung gizi yang diperlukan bagi tubuh dan sangat disenangi di dunia. Jadi Allah memberi semua yang menjadi kesenangan manusia",
          "23": "Dalam ayat ini Allah swt menggambarkan tentang kegembiraan mereka di surga yaitu mereka masing-masing mengambil gelas minuman mereka. Mereka duduk sambil bersulang dengan teman-teman mereka, bersenda-gurau seperti terjadi dalam suatu kelompok sahabat, sebagai gambaran betapa riang-gembiranya mereka. Minuman khamar di akhirat tidak memabukkan seperti halnya dengan khamar di dunia, dan tidak pula menyebabkan orang berbicara melantur tak tentu arah atau mabuk seperti peminum di dunia. Allah swt telah menjelaskan dalam ayat lain, yakni tentang khamar di akhirat dan sedap rasa makanan yaitu ayat yang berbunyi dalam firman-Nya: \n\n(warnanya) putih bersih, sedap rasanya bagi orang-orang yang minum. Tidak ada di dalamnya (unsur) yang memabukkan dan mereka tidak mabuk karenanya. (as-shaffat/37: 46-47) \n\nDan firman-Nya: \n\nMereka tidak pening karenanya dan tidak pula mabuk. (alWaqi'ah/56: 19)",
          "24": "Ayat ini menjelaskan bahwa penghuni surga dikelilingi oleh pelayan-pelayan yang muda belia yang membawa minuman. Pelayan-pelayan itu selalu siap diperintah. Mereka tampan dan cantik seperti mutiara yang berkilauan indah dan tersimpan dalam tempat yang tersembunyi. Dalam ayat yang sama artinya Allah menjelaskan: Mereka dikelilingi oleh anak-anak muda yang tetap muda, dengan membawa gelas, cerek dan sloki (piala) berisi minuman yang diambil dari air yang mengalir. (al-Waqi'ah/56: 17-18) Terkait dengan ayat ini Qatadah berkata, \"Saya mendengar kabar Rasulullah ditanya tentang pelayan surga yang seperti mutiara, maka bagaimana dengan yang dilayani?\" Rasulullah bersabda: \"Demi Allah bahwa perbedaan kelebihan antara mereka, seperti kelebihan malam bulan purnama atas semua bintang.\" (Riwayat Ibnu Jarir dan Ibnu Mundhir) \n\nDiriwayatkan bahwa derajat yang paling rendah di surga ialah orang yang bilamana ia memanggil pelayannya, maka datanglah seribu pelayan berdiri di pintunya, dengan menjawab. Labbaik, labbaik (ya . . . ya . . . ).\"",
          "25": "Pada ayat ini Allah swt menerangkan bahwa penghuni surga itu saling mendatangi penghuni yang lain baik antara bapak, ibu dan keluarga mereka yang seiman di dunia dan juga dengan penghuni surga yang lain, bertanya tentang keadaan mereka di dunia dahulu yaitu meliputi ibadah atau seputar berbagai upaya nahi munkar karena takutnya mereka akan azab Allah swt ketika hidup di dunia. Kemudian mereka memuji Allah swt yang telah menghilangkan sedih, pilu, duka dan kegelisahan mereka. Mereka di surga tidak lagi merasakan kesusahan dan kesukaran mencari nafkah hidup atau mencari rezeki dan segala hal yang berkenaan dengan kehidupan. Mereka hanya tinggal menikmati berbagai kesenangan saja. Diriwayatkan bahwa Anas berkata sebagai berikut:Bersabda Rasulullah saw, \"Apabila penghuni surga telah memasuki surga dan mereka rindu kepada kawan-kawan mereka, lalu datanglah sofa seseorang mendekat hingga berhadapanlah dengan sofa yang lainnya keduanya duduk santai sambil bercakap-cakap dan membicarakan amal mereka di dunia dahulu. Maka berkatalah seseorang dari mereka, \"Hai fulan, tahukah engkau pada hari apa Tuhan mengampuni kita? Pada hari di tempat, di mana kita berdoa kepada Allah kemudian kita diampuni-Nya.\" (Riwayat al-Bazzar)",
          "26": "Kemudian dalam ayat ini Allah swt merinci tanya jawab atas berbagai kesenangan yang mereka nikmati. Mereka berkata bahwa sesungguhnya mereka sewaktu di dunia, pada waktu itu di tengah-tengah keluarga mereka timbul rasa takut akan azab Allah dan siksanya. Kemudian Allah menghilangkan rasa takut itu dengan mengaruniakan nikmat-Nya kepada mereka yaitu mereka terpelihara dari api neraka yang disebut as-samum. Perasaan takut mereka di dunia akan azab Allah mendorong mereka mengerjakan segala perintah Allah dan menjauhi segala larangan-Nya meskipun ketika itu mereka berada di tengah-tengah keluarga, mereka memperoleh ketenangan. Diriwayatkan bahwasanya Aisyah berkata, \"Andaikata Allah membukakan neraka di bumi ini seujung jari saja, maka akan terbakarlah bumi dan seluruh isinya.\"",
          "27": "Kemudian dalam ayat ini Allah swt merinci tanya jawab atas berbagai kesenangan yang mereka nikmati. Mereka berkata bahwa sesungguhnya mereka sewaktu di dunia, pada waktu itu di tengah-tengah keluarga mereka timbul rasa takut akan azab Allah dan siksanya. Kemudian Allah menghilangkan rasa takut itu dengan mengaruniakan nikmat-Nya kepada mereka yaitu mereka terpelihara dari api neraka yang disebut as-samum. Perasaan takut mereka di dunia akan azab Allah mendorong mereka mengerjakan segala perintah Allah dan menjauhi segala larangan-Nya meskipun ketika itu mereka berada di tengah-tengah keluarga, mereka memperoleh ketenangan. Diriwayatkan bahwasanya Aisyah berkata, \"Andaikata Allah membukakan neraka di bumi ini seujung jari saja, maka akan terbakarlah bumi dan seluruh isinya.\"",
          "28": "Dalam ayat ini Allah swt menerangkan bahwa penghunipenghuni surga itu telah memenuhi persyaratan seruan Allah dan Rasul-Nya sehingga mereka mendapat kemuliaan itu. Mereka berkata bahwa mereka dahulu menyembah Allah dan memohon kepada-Nya. Maka Allah memperkenankan dan mengabulkan permintaan mereka dan menerima ibadah mereka, karena Allah yang melimpahkan kebaikan, dan pemberi karunia, lagi Maha Penyayang. Setiap orang yang beriman dan setiap orang kafir tidak akan pernah lupa, akan apa yang telah mereka perbuat di dunia, kenikmatan orang-orang yang beriman akan bertambah bila mereka melihat bahwa mereka telah berpindah dari penjara dunia ke alam kesenangan akhirat, dan dari kesempitan kepada kelapangan. Sebaliknya bertambahlah siksa orang kafir bilamana ia melihat bahwa dirinya telah berpindah dari kemewahan dunia ke alam penderitaan, dan kesengsaraan neraka Jahanam di akhirat.",
          "29": "Pada ayat 29 Allah swt memerintahkan kepada Nabi Muhammad saw untuk tetap memberikan peringatan kepada kaumnya, dengan mengajarkan kepada mereka ayat-ayat Allah tanpa menghiraukan perbuatan-perbuatan mereka yang tidak mengandung kebenaran. Allah menegaskan bahwa hamba-Nya yang bernama Muhammad saw bukanlah tukang tenung dan bukan orang gila. Adapun orang-orang kafir menuduh Nabi Muhammad saw sebagai tukang tenung karena beliau banyak memberikan berita-berita gaib tentang masa lalu. Umat-umat yang diperjuangkan nabi-nabi sebelumnya juga memberikan berita hal-hal yang akan datang seperti hari Kiamat, hari kebangkitan dan hari pengadilan (yaumulhisab) dan tentang surga serta neraka. Berita-berita gaib ini merupakan sebuah kebenaran yang diterima dari Allah. Jadi jelaslah bahwa Nabi bukan tukang tenung yang menyampaikan hal-hal yang tidak benar. Orang kafir juga menuduh Rasulullah sebagai orang gila karena beliau menyatakan dan mengajarkan bahwa Tuhan itu hanya satu, sedangkan mereka menganggap Tuhan mereka yang berjumlah empat saja banyak persoalan dunia yang tidak selesai. Jika Tuhan hanya satu maka dunia tidak terpelihara lagi, kata mereka. Beberapa orientalis Barat menyatakan Nabi punya penyakit epilepsi (ayan) seperti ketika beliau menerima wahyu tiba-tiba diam dan tidak menghiraukan keadaan sekeliling seperti orang terjangkit penyakit ayan. Tetapi pada ayat 29 ini Allah menegaskan bahwa Muhammad saw tidaklah gila sebagimana dituduhkan orang-orang kafir. Nabi Muhammad saw adalah hamba Allah yang diangkat jadi rasul, memiliki akal yang sehat, cita-cita yang tinggi, akhlak dan perilaku yang mulia. Sedangkan pada ayat 30 orang-orang kafir masih menuduh Nabi sebagai penyair karena ayat-ayat Al-Qur'an sangat indah bahasanya, susunan kalimat dan pilihan katanya sangat luar biasa. Para penyair biasa memiliki kemampuan bahasa yang indah dan biasa menyusun kalimat dan memilih kata-katanya tidak seperti manusia biasa. Menurut mereka para penyair sering menemui kematian karena kecelakaan. Oleh karena itu mereka selalu menunggu-nunggu kecelakaan yang akan menimpa Muhammad saw. Pada ayat ini Allah swt menegaskan bahwa Nabi bukanlah penyair. Bahasa yang indah, susunan kalimat dan pilihan bahasa yang luar biasa pada ayat-ayat Al-Qur'an karena ayat-ayat itu merupakan firman Allah yang diwahyukan kepada Nabi Muhammad saw dan Allah akan selalu melindungi Nabi-Nya. Firman Allah: \n\nWahai Rasul! Sampaikanlah apa yang diturunkan Tuhanmu kepadamu. Jika tidak engkau lakukan (apa yang diperintahkan itu) berarti engkau tidak menyampaikan amanat-Nya. Dan Allah memelihara engkau dari (gangguan) manusia. Sungguh, Allah tidak memberi petunjuk kepada orang-orang kafir. (al-Ma'idah/5: 67)",
          "30": "Pada ayat 29 Allah swt memerintahkan kepada Nabi Muhammad saw untuk tetap memberikan peringatan kepada kaumnya, dengan mengajarkan kepada mereka ayat-ayat Allah tanpa menghiraukan perbuatan-perbuatan mereka yang tidak mengandung kebenaran. Allah menegaskan bahwa hamba-Nya yang bernama Muhammad saw bukanlah tukang tenung dan bukan orang gila. Adapun orang-orang kafir menuduh Nabi Muhammad saw sebagai tukang tenung karena beliau banyak memberikan berita-berita gaib tentang masa lalu. Umat-umat yang diperjuangkan nabi-nabi sebelumnya juga memberikan berita hal-hal yang akan datang seperti hari Kiamat, hari kebangkitan dan hari pengadilan (yaumulhisab) dan tentang surga serta neraka. Berita-berita gaib ini merupakan sebuah kebenaran yang diterima dari Allah. Jadi jelaslah bahwa Nabi bukan tukang tenung yang menyampaikan hal-hal yang tidak benar. Orang kafir juga menuduh Rasulullah sebagai orang gila karena beliau menyatakan dan mengajarkan bahwa Tuhan itu hanya satu, sedangkan mereka menganggap Tuhan mereka yang berjumlah empat saja banyak persoalan dunia yang tidak selesai. Jika Tuhan hanya satu maka dunia tidak terpelihara lagi, kata mereka. Beberapa orientalis Barat menyatakan Nabi punya penyakit epilepsi (ayan) seperti ketika beliau menerima wahyu tiba-tiba diam dan tidak menghiraukan keadaan sekeliling seperti orang terjangkit penyakit ayan. Tetapi pada ayat 29 ini Allah menegaskan bahwa Muhammad saw tidaklah gila sebagimana dituduhkan orang-orang kafir. Nabi Muhammad saw adalah hamba Allah yang diangkat jadi rasul, memiliki akal yang sehat, cita-cita yang tinggi, akhlak dan perilaku yang mulia. Sedangkan pada ayat 30 orang-orang kafir masih menuduh Nabi sebagai penyair karena ayat-ayat Al-Qur'an sangat indah bahasanya, susunan kalimat dan pilihan katanya sangat luar biasa. Para penyair biasa memiliki kemampuan bahasa yang indah dan biasa menyusun kalimat dan memilih kata-katanya tidak seperti manusia biasa. Menurut mereka para penyair sering menemui kematian karena kecelakaan. Oleh karena itu mereka selalu menunggu-nunggu kecelakaan yang akan menimpa Muhammad saw. Pada ayat ini Allah swt menegaskan bahwa Nabi bukanlah penyair. Bahasa yang indah, susunan kalimat dan pilihan bahasa yang luar biasa pada ayat-ayat Al-Qur'an karena ayat-ayat itu merupakan firman Allah yang diwahyukan kepada Nabi Muhammad saw dan Allah akan selalu melindungi Nabi-Nya. Firman Allah: \n\nWahai Rasul! Sampaikanlah apa yang diturunkan Tuhanmu kepadamu. Jika tidak engkau lakukan (apa yang diperintahkan itu) berarti engkau tidak menyampaikan amanat-Nya. Dan Allah memelihara engkau dari (gangguan) manusia. Sungguh, Allah tidak memberi petunjuk kepada orang-orang kafir. (al-Ma'idah/5: 67)",
          "31": "Dalam ayat ini Allah swt menegaskan kepada Muhammad saw supaya ia mengancam mereka dengan mengajak menunggu hari kehancuran mereka. Muhammad saw juga menyatakan bahwa ia juga menunggu seperti mereka mengenai akan datangnya ketentuan dari Tuhan supaya mereka mengetahui siapa yang berakhir dengan kebaikan dan siapa pula yang mendapat kemenangan di dunia dan di akhirat. Sikap orang-orang kafir yang sombong memang kadang-kadang perlu dihadapi dengan tegas. Apalagi tuduhan mereka memang sudah keterlaluan dengan menyatakan Nabi sebagai tukang tenung, sebagai orang gila dan sebagainya, padahal pendapat-pendapat mereka hanya didasarkan pada prasangka yang tidak berdasar sama sekali. Maka perlu ditegaskan bahwa risalah Nabi adalah dari Allah yang Mahakuasa, oleh karena itu Nabi tidak perlu takut membuktikan semuanya sampai di hari akhirat nanti. (",
          "32": "Kemudian pada ayat ini Allah swt mempertanyakan apakah orang-orang kafir itu mempergunakan akal sehat mereka atau hanya mempertaruhkan hawa nafsu dan angan-angan belaka dalam melemparkan tuduhan-tuduhan mereka yang aneh dan tidak ada dasarnya sama sekali. Nabi memang bukan penyair, juga bukan tukang tenung dan bukan orang gila. Tuduhan-tuduhan mereka semata-mata didasarkan pada rasa benci yang berlebih-lebihan, sehingga tidak memperhatikan akal sehat sama sekali.",
          "33": "Pada ayat ini dengan menggunakan bentuk kalimat pertanyaan, Allah menerangkan tuduhan orang-orang kafir bahwa Nabi dianggap mengada-ada, menyatakan sesuatu yang dikarangkarang sendiri oleh Nabi Muhammad saw. Bentuk pertanyaan ini merupakan suatu dorongan agar mereka berpikir untuk mencari jawaban dengan menggunakan akal sehat. Ayat-ayat Al-Qur'an memang memesona mereka, baik rangkaian bahasanya maupun isi kandungannya, sehingga mereka mengatakan Muhammad adalah penyair atau tukang tenung bahkan mereka anggap sebagai orang gila, sebetulnya mereka terkagum-kagum pada ayat Al-Qur'an, tetapi karena mereka tidak beriman, mereka menolak dan mengingkari firman-firman Allah dan kenabian Nabi Muhammad maka mereka asal tuduh saja. Memang mereka menghadapi dilema dengan kehebatan Al-Qur'an tetapi juga benci kepada Nabi Muhammad saw. Demikianlah jika seseorang tidak mendapat hidayah dari Allah swt, menderita batin di dunia, dan menderita lahir batin di akhirat nanti.",
          "34": "Kemudian dalam ayat ini Allah menjawab berbagi tuduhan mereka terhadap Nabi Muhammad saw dengan tantangan untuk mencoba membuat seperti apa yang telah disampaikan oleh Nabi. Kalau Muhammad saw itu dituduh penyair, maka di tengah-tengah mereka itu banyak penyair yang fasih. Kalau Nabi dituduh tukang tenung, bukankah di tengah-tengah mereka juga banyak tukang tenung yang ahli. Atau kalau ia dituduh mengada-adakan, bukankah di tengah-tengah mereka itu juga banyak ahli pidato, lancar berbicara dengan keindahan tutur katanya, dan sebagainya. Maka mengapakah mereka, tidak sanggup membuat suatu ungkapan seperti Al-Qur'an bila mereka memang orang-orang yang benar dalam tuduhan mereka. Bahkan mereka mempunyai tokoh-tokoh ahli yang punya kemampuan besar dalam berpidato, bersyair, dan telah banyak pengalaman bekerja dengan menggunakan gaya bahasa puisi atau prosa. Mereka mengetahui benar sejarah bangsa Arab lebih dari pengetahuan Muhammad saw? Walaupun demikian, nyatanya mereka masih tidak mampu membuat suatu surah pun seperti Al-Qur'an meskipun mereka semua bekerja sama secara kelompok.",
          "35": "Dalam ayat ini Allah menegaskan apakah orang-orang kafir itu mengingkari Allah sebagai Pencipta yang menjadikan semesta alam ini, atau mereka menganggap bahwa mereka itu diciptakan sebagus itu tanpa adanya pencipta. Namun, akal menetapkan bahwa setiap yang ada berasal dari tiada. Ini menunjukkan suatu bukti bahwa ada sesuatu yang mengadakannya pasti ada yang menciptakannya. Ataukah mereka menganggap bahwa diri mereka sendiri yang menciptakan mereka. Anggapan mereka seperti ini tentulah bertentangan dengan akal yang sehat, sebab setiap sesuatu itu harus ada yang menyebabkan adanya dan yang mengadakannya.",
          "36": "Kemudian dalam ayat ini Allah menegaskan pula dengan menyatakan kalau mereka itu menciptakan diri mereka sendiri, apakah juga mereka berani berkata bahwa mereka menciptakan alam semesta ini (langit dan bumi), sedangkan pada keduanya terdapat segala penyebab kehidupan mereka? Mereka pasti tidak dapat meyakinkan diri sendiri dan tidak konsekuen terhadap apa yang mereka katakan, karena bila ditanyai siapa yang menjadikannya dan yang menjadikan langit dan bumi, pasti mereka akan berkata, \"Allahlah yang menjadikan itu.\" Sesungguhnya bila mereka meyakini, mereka tidak akan mengingkari keesaan Allah.",
          "37": "Selanjutnya dinyatakan pada ayat ini dalam bentuk pertanyaan, apakah mereka bertindak selaku penguasa dan di tangan mereka perbendaharaan Tuhan. Kemudian mereka menganugerahkan jabatan kenabian kepada siapa yang mereka kehendaki dan memilih orang-orang yang mereka senangi? Ataukah mereka itu orang-orang yang berkuasa sehingga mereka mengatur urusan alam semesta, kemudian mereka menjadikan sesuatu atas kehendak dan kemauan mereka? Kenyataannya tidak demikian. Akan tetapi Allah-lah Yang Mahakuasa, yang mengatur dan menjadikan semuanya yang dikehendaki-Nya. Diriwayatkan oleh Imam al-Bukhari dari az-Zuhri, dari Muhammad bin Jubair bin Muth'im bapaknya berkata, \"Saya mendengar Nabi Muhammad saw membaca Surah ath-thur ketika salat Magrib. Ketika telah sampai pada ayat 35-37 ini, jantungku hampir terasa melayang. Dan Jubair bin Muth'im telah datang kepada Nabi Muhammad saw setelah Perang Badar dalam tahanan. Saat itu dia masih seorang musyrik. Kemudian dia mendengarkan ayat ini yang akhirnya ia masuk Islam.\"",
          "38": "Dalam ayat ini Allah swt menyatakan dengan nada pertanyaan, apakah mereka mempunyai tangga untuk naik ke langit, kemudian mereka dapat mendengarkan perkataan malaikat tentang masalah-masalah gaib yang diwahyukan Allah. Sebenarnya mereka hanya berpegang kepada hawa nafsu saja. Mereka mengakui hal itu, maka cobalah mereka mengemukakan suatu bukti yang nyata, yang menerangkan kebenaran pengakuan mereka itu yang menolak risalah seperti pembuktian yang dibawa oleh Muhammad saw dari Tuhannya.",
          "39": "Dalam ayat ini Allah swt bertanya kepada mereka dengan mengatakan apakah menurut mereka Tuhan mempunyai anak-anak perempuan yang dinamakan malaikat, sedangkan mereka mempunyai anak laki-laki, padahal mereka tahu anak laki-laki lebih diinginkan dari pada anak perempuan. Dalam ayat ini Allah berfirman: \n\nYang demikian itu tentulah suatu pembagian yang tidak adil. (anNajm/53: 2) \n\nIni merupakan kelengkapan penjelasan bahwa barang siapa yang berpendapat seperti itu, jelaslah bahwa dia tidak termasuk orangorang yang mempunyai pikiran yang sehat.",
          "40": "Pada ayat ini Allah swt bertanya kepada mereka, perlukah Muhammad saw meminta upah kepada orang-orang musyrik, sedangkan dia diutus Allah swt kepada mereka untuk mengajak, mengesakan Tuhan dan taat kepada-Nya? Andaikata demikian, tidaklah upah yang diminta Muhammad saw itu memberatkan beban mereka sehingga mereka tidak dapat memenuhi seruan Muhammad? Pertanyaan ini mematahkan tuduhan mereka, apalagi jika Nabi Muhammad meminta upah kepada mereka.",
          "41": "Selanjutnya dalam ayat ini Allah bertanya kepada mereka apakah mereka mempunyai ilmu gaib yang tidak diketahui manusia, yang mereka tulis untuk keperluan manusia? Kemudian mereka memberitahukannya kepada manusia semau mereka? Tidaklah mungkin mereka mempunyai ilmu gaib karena tidak ada yang mengetahui kegaiban langit dan bumi kecuali Allah. Qatadah berkata, ayat ini merupakan jawaban terhadap perkataan mereka bahwa mereka menunggu perputaran masa (kematian Muhammad sebelum mereka). Maka Allah menegaskan, apakah ada pada mereka pengetahuan tentang yang gaib sehingga mereka mengetahui bahwa Muhammad saw akan wafat sebelum mereka",
          "42": "Kemudian dalam ayat ini Allah swt berkata kepada mereka apakah mereka (orang-orang musyrik) hendak menipu manusia dan Rasul dengan perkataan mereka tentang rasul dan agama? Kalau memang ini yang mereka kehendaki, maka tipu daya mereka akan kembali kepada mereka sendiri.",
          "43": "Selanjutnya, pada ayat ini Allah berkata kepada mereka, apakah mereka mempunyai Tuhan selain Allah yang membantu dan menghindarkan mereka dari siksa Allah swt. Mahasuci Allah dari apa yang mereka persekutukan dan dari yang mereka sembah selain Dia. Pertanyaan-pertanyaan ini adalah menyinggung orang-orang kafir untuk menemukan jawaban yang benar yang didasarkan pada akal sehat. Ini merupakan kecaman keras kepada orang-orang musyrik, terhadap penyembahan mereka kepada berhala sebagai yang dipersekutukan mereka terhadap Allah.",
          "44": "Dalam ayat ini digambarkan bahwa orang-orang musyrik itu adalah kaum yang berwatak sombong dan keras kepala. Walaupun kepada mereka diperlihatkan tanda-tanda azab yang akan menimpa mereka dengan datangnya sekumpulan awan yang akan membawa bencana bagi mereka. Tetapi mereka menganggap ringan dan hanya memandang sebagai gumpalan awan yang sedang bermain-main dan saling bertumpuk. Hal ini disebabkan hati mereka sudah tertutup dan bersikap menyepelekan persoalan penting telah membutakan pandangan mereka. Mereka tetap mengingkari apa yang mereka lihat dengan mata kepala mereka sendiri. Dalam ayat yang sama artinya Allah berfirman: \n\nDan kalau Kami bukakan kepada mereka salah satu pintu langit, lalu mereka terus menerus naik ke atasnya, tentulah mereka berkata, \"Sesungguhnya pandangan kamilah yang dikaburkan, bahkan kami adalah orang yang terkena sihir.\" (al-hijr/15: 14-15)",
          "45": "Kemudian Allah memerintahkan kepada Rasul-Nya untuk membiarkan mereka dalam keadaan keras kepala seperti itu, dan tidak mengacuhkan mereka hingga datangnya suatu hari dimana mereka akan dibalas dengan kehancuran disebabkan oleh kejahatan mereka, yaitu pada Perang Badar seperti yang dikatakan oleh alBiqa'i menurut dzahir ayat ini, atau sampai datang hari kebangkitan manusia di akhirat, sebagaimana firman Allah: \n\nDan sangkakala pun ditiup, maka matilah semua (makhluk) yang di langit dan di bumi kecuali mereka yang dikehendaki Allah. Kemudian ditiup sekali lagi (sangkakala itu) maka seketika itu mereka bangun (dari kuburnya) menunggu (keputusan Allah). (azZumar/39: 68)",
          "46": "Dalam ayat ini Allah menerangkan bahwa pada hari itu tidaklah berguna bagi mereka tipu daya yang telah mereka atur terhadap Muhammad saw untuk membangkitkan api permusuhan kepadanya. Dan mereka tidak akan mendapat bantuan atau pertolongan yang dapat menghalangi azab Allah yang menimpa mereka",
          "47": "Allah swt menjelaskan bahwa orang-orang kafir yang menganiaya diri mereka sendiri dengan kekufuran dan kemaksiatan mereka, akan mendapatkan azab yang pedih di akhirat. Di samping itu di dunia pun mereka memperoleh azab berupa kelaparan selama tujuh tahun sebelum terjadinya Perang Badar, dan kekalahan besar pada perang tersebut. Namun, kebanyakan mereka tidak mengetahui bahwasanya Allah akan menimpakan azab-Nya kepada mereka baik di dunia maupun di akhirat. Dalam ayat yang sama artinya Allah berfirman: \n\nDan pasti Kami timpakan kepada mereka sebagian siksa yang dekat (di dunia) sebelum azab yang lebih besar (di akhirat); agar mereka kembali (ke jalan yang benar). (as-Sajdah/32: 21)",
          "48": "Setelah menjelaskan berbagai situasi yang besar, menyedihkan hati rasul, akibat tindakan membangkang dan keras kepala orang-orang kafir dan musyrik yang menolak beriman kepada Allah dan rasulnya. Maka dalam hal ini, Allah memerintahkan kepada Muhamamd saw supaya bersabar terhadap gangguan kaumnya dan tidak lagi menghiraukan mereka, serta tetap menyampaikan perintah-Nya dan memperingatkan larangan-Nya, dan menyampaikan apa yang telah diwahyukan kepadanya, sebab Allah selalu melihatnya dan memperhatikan pekerjaannya serta menjaga dan melindunginya dari gangguan dan rintangan musuhnya. Perihal bertasbih dan memuji Tuhan ketika bangun dan berdiri, meliputi tiga keadaan, yaitu: 1. Ketika bangun dari tidur 2. Ketika bangun dari duduk 3. Ketika bangun akan salat Hal ini mengandung hikmah supaya orang mukmin selalu bertasbih setiap saat, dalam situasi dan kondisi bagaimanapun, terutama perubahan dari suatu keadaan ke keadaan yang lain. Atha', Sa'id, Sufyan ats-sauri, dan Abul Ahwas berkata: bahwa Nabi Muhammad saw bertasbih tatkala ia bangkit dari tempat duduknya. Sebagian hadis: Dari Abu Barzah al-Aslami berkata, Rasulullah saw pada akhir hayatnya, apabila beliau bangun dari tempat duduknya beliau mengucapkan, \"Subhanaka Allahumma wabihamdika asyahadu an la ilaha illa anta astagfiruka wa atubu ilaika! Engkau mengucapkan suatu ucapan yang belum pernah engkau ucapkan sebelumnya. Rasulullah saw bersabda, \"Ucapan ini penghapus dosa dari kesalahan-kesalahan yang mungkin terjadi di majlis.\" (Riwayat Abu Dawud dan an-Nasa'i) \n\nDiriwayatkan bahwasanya Jibril telah mengajarkan kepada Nabi Muhammad saw agar ucapan tersebut dibaca ketika hendak bangkit dan duduk dalam satu majlis yaitu: \"Mahasuci engkau, wahai Allah, dengan memuji-Mu, aku bersaksi bahwa tiada Tuhan selain Engkau, aku mohon pengampunan-Mu dan aku bertobat kepada-Mu.\" (Riwayat Abu Dawud dan an-Nasa'i)",
          "49": "Kemudian Allah dalam ayat ini memerintahkan kepada Muhammad saw supaya ia bertasbih kepada Allah dengan salat malam. Karena ibadah pada waktu itu berat melaksanakannya, dan jauh dari ria, dan supaya ia salat tatkala terbenamnya bintangbintang pada waktu subuh. Dalam ayat yang sama artinya Allah berfirman: \n\nDan pada sebagian malam, lakukanlah salat Tahajud (sebagai suatu ibadah) tambahan bagimu: mudah-mudahan Tuhanmu mengangkatmu ke tempat yang terpuji. (al-Isra'/17: 79) \n\nMakna membaca tasbih dalam ayat ini dapat berarti membaca tasbih seperti pada hadis di atas, juga dapat diartikan melaksanakan salat, baik salat Isya, salat malam maupun salat Subuh."
        }
      }
    }
  }
}