{
  "name": "Ar-Rahman",
  "name_translations": {
    "ar": "الرحمن",
    "en": "The Beneficent",
    "id": "Maha Pengasih"
  },
  "number_of_ayah": 78,
  "number_of_surah": 55,
  "place": "Medina",
  "recitations": [{
    "name": "Mishari Rashid al-`Afasy",
    "audio_url": "https://download.quranicaudio.com/quran/mishaari_raashid_al_3afaasee/055.mp3"
  }, {
    "name": "Abdur-Rahman as-Sudais",
    "audio_url": "https://download.quranicaudio.com/quran/abdurrahmaan_as-sudays/055.mp3"
  }, {
    "name": "Saad al-Ghamdi",
    "audio_url": "https://download.quranicaudio.com/quran/sa3d_al-ghaamidi/complete/055.mp3"
  }],
  "type": "Madaniyah",
  "verses": [{
    "number": 1,
    "text": "بِسْمِ ٱللَّهِ ٱلرَّحْمَٰنِ ٱلرَّحِيمِ ٱلرَّحْمَٰنُ",
    "translation_en": "The Most Merciful",
    "translation_id": "(Tuhan) Yang Maha Pemurah,"
  }, {
    "number": 2,
    "text": "عَلَّمَ ٱلْقُرْءَانَ",
    "translation_en": "Taught the Qur'an,",
    "translation_id": "Yang telah mengajarkan al Quran."
  }, {
    "number": 3,
    "text": "خَلَقَ ٱلْإِنسَٰنَ",
    "translation_en": "Created man,",
    "translation_id": "Dia menciptakan manusia."
  }, {
    "number": 4,
    "text": "عَلَّمَهُ ٱلْبَيَانَ",
    "translation_en": "[And] taught him eloquence.",
    "translation_id": "Mengajarnya pandai berbicara."
  }, {
    "number": 5,
    "text": "ٱلشَّمْسُ وَٱلْقَمَرُ بِحُسْبَانٍ",
    "translation_en": "The sun and the moon [move] by precise calculation,",
    "translation_id": "Matahari dan bulan (beredar) menurut perhitungan."
  }, {
    "number": 6,
    "text": "وَٱلنَّجْمُ وَٱلشَّجَرُ يَسْجُدَانِ",
    "translation_en": "And the stars and trees prostrate.",
    "translation_id": "Dan tumbuh-tumbuhan dan pohon-pohonan kedua-duanya tunduk kepada-Nya."
  }, {
    "number": 7,
    "text": "وَٱلسَّمَآءَ رَفَعَهَا وَوَضَعَ ٱلْمِيزَانَ",
    "translation_en": "And the heaven He raised and imposed the balance",
    "translation_id": "Dan Allah telah meninggikan langit dan Dia meletakkan neraca (keadilan)."
  }, {
    "number": 8,
    "text": "أَلَّا تَطْغَوْا۟ فِى ٱلْمِيزَانِ",
    "translation_en": "That you not transgress within the balance.",
    "translation_id": "Supaya kamu jangan melampaui batas tentang neraca itu."
  }, {
    "number": 9,
    "text": "وَأَقِيمُوا۟ ٱلْوَزْنَ بِٱلْقِسْطِ وَلَا تُخْسِرُوا۟ ٱلْمِيزَانَ",
    "translation_en": "And establish weight in justice and do not make deficient the balance.",
    "translation_id": "Dan tegakkanlah timbangan itu dengan adil dan janganlah kamu mengurangi neraca itu."
  }, {
    "number": 10,
    "text": "وَٱلْأَرْضَ وَضَعَهَا لِلْأَنَامِ",
    "translation_en": "And the earth He laid [out] for the creatures.",
    "translation_id": "Dan Allah telah meratakan bumi untuk makhluk(Nya)."
  }, {
    "number": 11,
    "text": "فِيهَا فَٰكِهَةٌ وَٱلنَّخْلُ ذَاتُ ٱلْأَكْمَامِ",
    "translation_en": "Therein is fruit and palm trees having sheaths [of dates]",
    "translation_id": "Di bumi itu ada buah-buahan dan pohon kurma yang mempunyai kelopak mayang."
  }, {
    "number": 12,
    "text": "وَٱلْحَبُّ ذُو ٱلْعَصْفِ وَٱلرَّيْحَانُ",
    "translation_en": "And grain having husks and scented plants.",
    "translation_id": "Dan biji-bijian yang berkulit dan bunga-bunga yang harum baunya."
  }, {
    "number": 13,
    "text": "فَبِأَىِّ ءَالَآءِ رَبِّكُمَا تُكَذِّبَانِ",
    "translation_en": "So which of the favors of your Lord would you deny?",
    "translation_id": "Maka nikmat Tuhan kamu yang manakah yang kamu dustakan?"
  }, {
    "number": 14,
    "text": "خَلَقَ ٱلْإِنسَٰنَ مِن صَلْصَٰلٍ كَٱلْفَخَّارِ",
    "translation_en": "He created man from clay like [that of] pottery.",
    "translation_id": "Dia menciptakan manusia dari tanah kering seperti tembikar,"
  }, {
    "number": 15,
    "text": "وَخَلَقَ ٱلْجَآنَّ مِن مَّارِجٍ مِّن نَّارٍ",
    "translation_en": "And He created the jinn from a smokeless flame of fire.",
    "translation_id": "dan Dia menciptakan jin dari nyala api."
  }, {
    "number": 16,
    "text": "فَبِأَىِّ ءَالَآءِ رَبِّكُمَا تُكَذِّبَانِ",
    "translation_en": "So which of the favors of your Lord would you deny?",
    "translation_id": "Maka nikmat Tuhan kamu yang manakah yang kamu dustakan?"
  }, {
    "number": 17,
    "text": "رَبُّ ٱلْمَشْرِقَيْنِ وَرَبُّ ٱلْمَغْرِبَيْنِ",
    "translation_en": "[He is] Lord of the two sunrises and Lord of the two sunsets.",
    "translation_id": "Tuhan yang memelihara kedua tempat terbit matahari dan Tuhan yang memelihara kedua tempat terbenamnya"
  }, {
    "number": 18,
    "text": "فَبِأَىِّ ءَالَآءِ رَبِّكُمَا تُكَذِّبَانِ",
    "translation_en": "So which of the favors of your Lord would you deny?",
    "translation_id": "Maka nikmat Tuhan kamu yang manakah yang kamu dustakan?"
  }, {
    "number": 19,
    "text": "مَرَجَ ٱلْبَحْرَيْنِ يَلْتَقِيَانِ",
    "translation_en": "He released the two seas, meeting [side by side];",
    "translation_id": "Dia membiarkan dua lautan mengalir yang keduanya kemudian bertemu,"
  }, {
    "number": 20,
    "text": "بَيْنَهُمَا بَرْزَخٌ لَّا يَبْغِيَانِ",
    "translation_en": "Between them is a barrier [so] neither of them transgresses.",
    "translation_id": "antara keduanya ada batas yang tidak dilampaui masing-masing."
  }, {
    "number": 21,
    "text": "فَبِأَىِّ ءَالَآءِ رَبِّكُمَا تُكَذِّبَانِ",
    "translation_en": "So which of the favors of your Lord would you deny?",
    "translation_id": "Maka nikmat Tuhan kamu yang manakah yang kamu dustakan?"
  }, {
    "number": 22,
    "text": "يَخْرُجُ مِنْهُمَا ٱللُّؤْلُؤُ وَٱلْمَرْجَانُ",
    "translation_en": "From both of them emerge pearl and coral.",
    "translation_id": "Dari keduanya keluar mutiara dan marjan."
  }, {
    "number": 23,
    "text": "فَبِأَىِّ ءَالَآءِ رَبِّكُمَا تُكَذِّبَانِ",
    "translation_en": "So which of the favors of your Lord would you deny?",
    "translation_id": "Maka nikmat Tuhan kamu yang manakah yang kamu dustakan?"
  }, {
    "number": 24,
    "text": "وَلَهُ ٱلْجَوَارِ ٱلْمُنشَـَٔاتُ فِى ٱلْبَحْرِ كَٱلْأَعْلَٰمِ",
    "translation_en": "And to Him belong the ships [with sails] elevated in the sea like mountains.",
    "translation_id": "Dan kepunyaan-Nya lah bahtera-bahtera yang tinggi layarnya di lautan laksana gunung-gunung."
  }, {
    "number": 25,
    "text": "فَبِأَىِّ ءَالَآءِ رَبِّكُمَا تُكَذِّبَانِ",
    "translation_en": "So which of the favors of your Lord would you deny?",
    "translation_id": "Maka nikmat Tuhan kamu yang manakah yang kamu dustakan?"
  }, {
    "number": 26,
    "text": "كُلُّ مَنْ عَلَيْهَا فَانٍ",
    "translation_en": "Everyone upon the earth will perish,",
    "translation_id": "Semua yang ada di bumi itu akan binasa."
  }, {
    "number": 27,
    "text": "وَيَبْقَىٰ وَجْهُ رَبِّكَ ذُو ٱلْجَلَٰلِ وَٱلْإِكْرَامِ",
    "translation_en": "And there will remain the Face of your Lord, Owner of Majesty and Honor.",
    "translation_id": "Dan tetap kekal Dzat Tuhanmu yang mempunyai kebesaran dan kemuliaan."
  }, {
    "number": 28,
    "text": "فَبِأَىِّ ءَالَآءِ رَبِّكُمَا تُكَذِّبَانِ",
    "translation_en": "So which of the favors of your Lord would you deny?",
    "translation_id": "Maka nikmat Tuhan kamu yang manakah yang kamu dustakan?"
  }, {
    "number": 29,
    "text": "يَسْـَٔلُهُۥ مَن فِى ٱلسَّمَٰوَٰتِ وَٱلْأَرْضِ كُلَّ يَوْمٍ هُوَ فِى شَأْنٍ",
    "translation_en": "Whoever is within the heavens and earth asks Him; every day He is bringing about a matter.",
    "translation_id": "Semua yang ada di langit dan bumi selalu meminta kepada-Nya. Setiap waktu Dia dalam kesibukan."
  }, {
    "number": 30,
    "text": "فَبِأَىِّ ءَالَآءِ رَبِّكُمَا تُكَذِّبَانِ",
    "translation_en": "So which of the favors of your Lord would you deny?",
    "translation_id": "Maka nikmat Rabb-mu yang manakah yang kamu dustakan?"
  }, {
    "number": 31,
    "text": "سَنَفْرُغُ لَكُمْ أَيُّهَ ٱلثَّقَلَانِ",
    "translation_en": "We will attend to you, O prominent beings.",
    "translation_id": "Kami akan memperhatikan sepenuhnya kepadamu hai manusia dan jin."
  }, {
    "number": 32,
    "text": "فَبِأَىِّ ءَالَآءِ رَبِّكُمَا تُكَذِّبَانِ",
    "translation_en": "So which of the favors of your Lord would you deny?",
    "translation_id": "Maka nikmat Tuhan kamu yang manakah yang kamu dustakan?"
  }, {
    "number": 33,
    "text": "يَٰمَعْشَرَ ٱلْجِنِّ وَٱلْإِنسِ إِنِ ٱسْتَطَعْتُمْ أَن تَنفُذُوا۟ مِنْ أَقْطَارِ ٱلسَّمَٰوَٰتِ وَٱلْأَرْضِ فَٱنفُذُوا۟ لَا تَنفُذُونَ إِلَّا بِسُلْطَٰنٍ",
    "translation_en": "O company of jinn and mankind, if you are able to pass beyond the regions of the heavens and the earth, then pass. You will not pass except by authority [from Allah].",
    "translation_id": "Hai jama'ah jin dan manusia, jika kamu sanggup menembus (melintasi) penjuru langit dan bumi, maka lintasilah, kamu tidak dapat menembusnya kecuali dengan kekuatan."
  }, {
    "number": 34,
    "text": "فَبِأَىِّ ءَالَآءِ رَبِّكُمَا تُكَذِّبَانِ",
    "translation_en": "So which of the favors of your Lord would you deny?",
    "translation_id": "Maka nikmat Tuhan kamu yang manakah yang kamu dustakan?"
  }, {
    "number": 35,
    "text": "يُرْسَلُ عَلَيْكُمَا شُوَاظٌ مِّن نَّارٍ وَنُحَاسٌ فَلَا تَنتَصِرَانِ",
    "translation_en": "There will be sent upon you a flame of fire and smoke, and you will not defend yourselves.",
    "translation_id": "Kepada kamu, (jin dan manusia) dilepaskan nyala api dan cairan tembaga maka kamu tidak dapat menyelamatkan diri (dari padanya)."
  }, {
    "number": 36,
    "text": "فَبِأَىِّ ءَالَآءِ رَبِّكُمَا تُكَذِّبَانِ",
    "translation_en": "So which of the favors of your Lord would you deny?",
    "translation_id": "Maka nikmat Tuhan kamu yang manakah yang kamu dustakan?"
  }, {
    "number": 37,
    "text": "فَإِذَا ٱنشَقَّتِ ٱلسَّمَآءُ فَكَانَتْ وَرْدَةً كَٱلدِّهَانِ",
    "translation_en": "And when the heaven is split open and becomes rose-colored like oil -",
    "translation_id": "Maka apabila langit telah terbelah dan menjadi merah mawar seperti (kilapan) minyak."
  }, {
    "number": 38,
    "text": "فَبِأَىِّ ءَالَآءِ رَبِّكُمَا تُكَذِّبَانِ",
    "translation_en": "So which of the favors of your Lord would you deny? -",
    "translation_id": "Maka nikmat Tuhan kamu yang manakah yang kamu dustakan?"
  }, {
    "number": 39,
    "text": "فَيَوْمَئِذٍ لَّا يُسْـَٔلُ عَن ذَنۢبِهِۦٓ إِنسٌ وَلَا جَآنٌّ",
    "translation_en": "Then on that Day none will be asked about his sin among men or jinn.",
    "translation_id": "Pada waktu itu manusia dan jin tidak ditanya tentang dosanya."
  }, {
    "number": 40,
    "text": "فَبِأَىِّ ءَالَآءِ رَبِّكُمَا تُكَذِّبَانِ",
    "translation_en": "So which of the favors of your Lord would you deny?",
    "translation_id": "Maka nikmat Tuhan kamu yang manakah yang kamu dustakan?"
  }, {
    "number": 41,
    "text": "يُعْرَفُ ٱلْمُجْرِمُونَ بِسِيمَٰهُمْ فَيُؤْخَذُ بِٱلنَّوَٰصِى وَٱلْأَقْدَامِ",
    "translation_en": "The criminals will be known by their marks, and they will be seized by the forelocks and the feet.",
    "translation_id": "Orang-orang yang berdosa dikenal dengan tanda-tandannya, lalu dipegang ubun-ubun dan kaki mereka."
  }, {
    "number": 42,
    "text": "فَبِأَىِّ ءَالَآءِ رَبِّكُمَا تُكَذِّبَانِ",
    "translation_en": "So which of the favors of your Lord would you deny?",
    "translation_id": "Maka nikmat Tuhan kamu yang manakah yang kamu dustakan?"
  }, {
    "number": 43,
    "text": "هَٰذِهِۦ جَهَنَّمُ ٱلَّتِى يُكَذِّبُ بِهَا ٱلْمُجْرِمُونَ",
    "translation_en": "This is Hell, which the criminals deny.",
    "translation_id": "Inilah neraka Jahannam yang didustakan oleh orang-orang berdosa."
  }, {
    "number": 44,
    "text": "يَطُوفُونَ بَيْنَهَا وَبَيْنَ حَمِيمٍ ءَانٍ",
    "translation_en": "They will go around between it and scalding water, heated [to the utmost degree].",
    "translation_id": "Mereka berkeliling di antaranya dan di antara air mendidih yang memuncak panasnya."
  }, {
    "number": 45,
    "text": "فَبِأَىِّ ءَالَآءِ رَبِّكُمَا تُكَذِّبَانِ",
    "translation_en": "So which of the favors of your Lord would you deny?",
    "translation_id": "Maka nikmat Tuhan kamu yang manakah yang kamu dustakan?"
  }, {
    "number": 46,
    "text": "وَلِمَنْ خَافَ مَقَامَ رَبِّهِۦ جَنَّتَانِ",
    "translation_en": "But for he who has feared the position of his Lord are two gardens -",
    "translation_id": "Dan bagi orang yang takut akan saat menghadap Tuhannya ada dua surga."
  }, {
    "number": 47,
    "text": "فَبِأَىِّ ءَالَآءِ رَبِّكُمَا تُكَذِّبَانِ",
    "translation_en": "So which of the favors of your Lord would you deny? -",
    "translation_id": "Maka nikmat Tuhan kamu yang manakah yang kamu dustakan?,"
  }, {
    "number": 48,
    "text": "ذَوَاتَآ أَفْنَانٍ",
    "translation_en": "Having [spreading] branches.",
    "translation_id": "kedua surga itu mempunyai pohon-pohonan dan buah-buahan."
  }, {
    "number": 49,
    "text": "فَبِأَىِّ ءَالَآءِ رَبِّكُمَا تُكَذِّبَانِ",
    "translation_en": "So which of the favors of your Lord would you deny?",
    "translation_id": "Maka nikmat Tuhan kamu yang manakah yang kamu dustakan?"
  }, {
    "number": 50,
    "text": "فِيهِمَا عَيْنَانِ تَجْرِيَانِ",
    "translation_en": "In both of them are two springs, flowing.",
    "translation_id": "Di dalam kedua surga itu ada dua buah mata air yang mengalir"
  }, {
    "number": 51,
    "text": "فَبِأَىِّ ءَالَآءِ رَبِّكُمَا تُكَذِّبَانِ",
    "translation_en": "So which of the favors of your Lord would you deny?",
    "translation_id": "Maka nikmat Tuhan kamu yang manakah yang kamu dustakan?"
  }, {
    "number": 52,
    "text": "فِيهِمَا مِن كُلِّ فَٰكِهَةٍ زَوْجَانِ",
    "translation_en": "In both of them are of every fruit, two kinds.",
    "translation_id": "Di dalam kedua surga itu terdapat segala macam buah-buahan yang berpasangan."
  }, {
    "number": 53,
    "text": "فَبِأَىِّ ءَالَآءِ رَبِّكُمَا تُكَذِّبَانِ",
    "translation_en": "So which of the favors of your Lord would you deny?",
    "translation_id": "Maka nikmat Tuhan kamu yang manakah yang kamu dustakan?"
  }, {
    "number": 54,
    "text": "مُتَّكِـِٔينَ عَلَىٰ فُرُشٍۭ بَطَآئِنُهَا مِنْ إِسْتَبْرَقٍ وَجَنَى ٱلْجَنَّتَيْنِ دَانٍ",
    "translation_en": "[They are] reclining on beds whose linings are of silk brocade, and the fruit of the two gardens is hanging low.",
    "translation_id": "Mereka bertelekan di atas permadani yang sebelah dalamnya dari sutera. Dan buah-buahan di kedua surga itu dapat (dipetik) dari dekat."
  }, {
    "number": 55,
    "text": "فَبِأَىِّ ءَالَآءِ رَبِّكُمَا تُكَذِّبَانِ",
    "translation_en": "So which of the favors of your Lord would you deny?",
    "translation_id": "Maka nikmat Tuhan kamu yang manakah yang kamu dustakan?"
  }, {
    "number": 56,
    "text": "فِيهِنَّ قَٰصِرَٰتُ ٱلطَّرْفِ لَمْ يَطْمِثْهُنَّ إِنسٌ قَبْلَهُمْ وَلَا جَآنٌّ",
    "translation_en": "In them are women limiting [their] glances, untouched before them by man or jinni -",
    "translation_id": "Di dalam surga itu ada bidadari-bidadari yang sopan menundukkan pandangannya, tidak pernah disentuh oleh manusia sebelum mereka (penghuni-penghuni surga yang menjadi suami mereka), dan tidak pula oleh jin."
  }, {
    "number": 57,
    "text": "فَبِأَىِّ ءَالَآءِ رَبِّكُمَا تُكَذِّبَانِ",
    "translation_en": "So which of the favors of your Lord would you deny? -",
    "translation_id": "Maka nikmat Tuhan kamu yang manakah yang kamu dustakan?"
  }, {
    "number": 58,
    "text": "كَأَنَّهُنَّ ٱلْيَاقُوتُ وَٱلْمَرْجَانُ",
    "translation_en": "As if they were rubies and coral.",
    "translation_id": "Seakan-akan bidadari itu permata yakut dan marjan."
  }, {
    "number": 59,
    "text": "فَبِأَىِّ ءَالَآءِ رَبِّكُمَا تُكَذِّبَانِ",
    "translation_en": "So which of the favors of your Lord would you deny?",
    "translation_id": "Maka nikmat Tuhan kamu yang manakah yang kamu dustakan?"
  }, {
    "number": 60,
    "text": "هَلْ جَزَآءُ ٱلْإِحْسَٰنِ إِلَّا ٱلْإِحْسَٰنُ",
    "translation_en": "Is the reward for good [anything] but good?",
    "translation_id": "Tidak ada balasan kebaikan kecuali kebaikan (pula)."
  }, {
    "number": 61,
    "text": "فَبِأَىِّ ءَالَآءِ رَبِّكُمَا تُكَذِّبَانِ",
    "translation_en": "So which of the favors of your Lord would you deny?",
    "translation_id": "Maka nikmat Tuhan kamu yang manakah yang kamu dustakan?"
  }, {
    "number": 62,
    "text": "وَمِن دُونِهِمَا جَنَّتَانِ",
    "translation_en": "And below them both [in excellence] are two [other] gardens -",
    "translation_id": "Dan selain dari dua surga itu ada dua surga lagi"
  }, {
    "number": 63,
    "text": "فَبِأَىِّ ءَالَآءِ رَبِّكُمَا تُكَذِّبَانِ",
    "translation_en": "So which of the favors of your Lord would you deny? -",
    "translation_id": "Maka nikmat Tuhan kamu yang manakah yang kamu dustakan?"
  }, {
    "number": 64,
    "text": "مُدْهَآمَّتَانِ",
    "translation_en": "Dark green [in color].",
    "translation_id": "Kedua surga itu (kelihatan) hijau tua warnanya."
  }, {
    "number": 65,
    "text": "فَبِأَىِّ ءَالَآءِ رَبِّكُمَا تُكَذِّبَانِ",
    "translation_en": "So which of the favors of your Lord would you deny?",
    "translation_id": "Maka nikmat Tuhan kamu yang manakah yang kamu dustakan?"
  }, {
    "number": 66,
    "text": "فِيهِمَا عَيْنَانِ نَضَّاخَتَانِ",
    "translation_en": "In both of them are two springs, spouting.",
    "translation_id": "Di dalam kedua surga itu ada dua buah mata air yang memancar."
  }, {
    "number": 67,
    "text": "فَبِأَىِّ ءَالَآءِ رَبِّكُمَا تُكَذِّبَانِ",
    "translation_en": "So which of the favors of your Lord would you deny?",
    "translation_id": "Maka nikmat Tuhan kamu yang manakah yang kamu dustakan?"
  }, {
    "number": 68,
    "text": "فِيهِمَا فَٰكِهَةٌ وَنَخْلٌ وَرُمَّانٌ",
    "translation_en": "In both of them are fruit and palm trees and pomegranates.",
    "translation_id": "Di dalam keduanya (ada macam-macam) buah-buahan dan kurma serta delima."
  }, {
    "number": 69,
    "text": "فَبِأَىِّ ءَالَآءِ رَبِّكُمَا تُكَذِّبَانِ",
    "translation_en": "So which of the favors of your Lord would you deny?",
    "translation_id": "Maka nikmat Tuhan kamu yang manakah yang kamu dustakan?"
  }, {
    "number": 70,
    "text": "فِيهِنَّ خَيْرَٰتٌ حِسَانٌ",
    "translation_en": "In them are good and beautiful women -",
    "translation_id": "Di dalam surga itu ada bidadari-bidadari yang baik-baik lagi cantik-cantik."
  }, {
    "number": 71,
    "text": "فَبِأَىِّ ءَالَآءِ رَبِّكُمَا تُكَذِّبَانِ",
    "translation_en": "So which of the favors of your Lord would you deny? -",
    "translation_id": "Maka nikmat Tuhan kamu yang manakah yang kamu dustakan?"
  }, {
    "number": 72,
    "text": "حُورٌ مَّقْصُورَٰتٌ فِى ٱلْخِيَامِ",
    "translation_en": "Fair ones reserved in pavilions -",
    "translation_id": "(Bidadari-bidadari) yang jelita, putih bersih, dipingit dalam rumah."
  }, {
    "number": 73,
    "text": "فَبِأَىِّ ءَالَآءِ رَبِّكُمَا تُكَذِّبَانِ",
    "translation_en": "So which of the favors of your Lord would you deny? -",
    "translation_id": "Maka nikmat Tuhan kamu yang manakah yang kamu dustakan?"
  }, {
    "number": 74,
    "text": "لَمْ يَطْمِثْهُنَّ إِنسٌ قَبْلَهُمْ وَلَا جَآنٌّ",
    "translation_en": "Untouched before them by man or jinni -",
    "translation_id": "Mereka tidak pernah disentuh oleh manusia sebelum mereka (penghuni-penghuni surga yang menjadi suami mereka), dan tidak pula oleh jin."
  }, {
    "number": 75,
    "text": "فَبِأَىِّ ءَالَآءِ رَبِّكُمَا تُكَذِّبَانِ",
    "translation_en": "So which of the favors of your Lord would you deny? -",
    "translation_id": "Maka nikmat Tuhan kamu yang manakah yang kamu dustakan?"
  }, {
    "number": 76,
    "text": "مُتَّكِـِٔينَ عَلَىٰ رَفْرَفٍ خُضْرٍ وَعَبْقَرِىٍّ حِسَانٍ",
    "translation_en": "Reclining on green cushions and beautiful fine carpets.",
    "translation_id": "Mereka bertelekan pada bantal-bantal yang hijau dan permadani-permadani yang indah."
  }, {
    "number": 77,
    "text": "فَبِأَىِّ ءَالَآءِ رَبِّكُمَا تُكَذِّبَانِ",
    "translation_en": "So which of the favors of your Lord would you deny?",
    "translation_id": "Maka nikmat Tuhan kamu yang manakah yang kamu dustakan?"
  }, {
    "number": 78,
    "text": "تَبَٰرَكَ ٱسْمُ رَبِّكَ ذِى ٱلْجَلَٰلِ وَٱلْإِكْرَامِ",
    "translation_en": "Blessed is the name of your Lord, Owner of Majesty and Honor.",
    "translation_id": "Maha Agung nama Tuhanmu Yang Mempunyai Kebesaran dan Karunia."
  }],
  "tafsir": {
    "id": {
      "kemenag": {
        "name": "Kemenag",
        "source": "Aplikasi Quran Kementrian Agama Republik Indonesia",
        "text": {
          "1": "Pada ayat ini Allah yang Maha Pemurah menyatakan bahwa Dia telah mengajarkan Al-Qur'an kepada Muhammad saw yang selanjutnya diajarkannya ke umatnya. Ayat ini turun sebagai bantahan bagi penduduk Mekah yang mengatakan: \n\nSesungguhnya Al-Qur'an itu hanya diajarkan oleh seorang manusia kepadanya (Muhammad). (an-Nahl/16: 103) \n\nOleh karena isi ayat ini mengungkapkan beberapa nikmat Allah atas hamba-Nya, maka surah ini dimulai dengan menyebut nikmat yang paling besar faedahnya dan paling banyak manfaatnya bagi hamba-Nya, yaitu nikmat mengajarkan Al-Qur'an kepada manusia. Hal itu karena manusia dengan mengikuti ajaran Al-Qur'an akan berbahagia di dunia dan di akhirat dan dengan berpegang teguh pada petunjuk-petunjuk-Nya akan tercapai tujuan di kedua tempat tersebut. Al-Qur'an adalah induk kitab-kitab samawi yang diturunkan melalui makhluk Allah yang terbaik di bumi ini yaitu Nabi Muhammad saw.",
          "2": "Pada ayat ini Allah yang Maha Pemurah menyatakan bahwa Dia telah mengajarkan Al-Qur'an kepada Muhammad saw yang selanjutnya diajarkannya ke umatnya. Ayat ini turun sebagai bantahan bagi penduduk Mekah yang mengatakan: \n\nSesungguhnya Al-Qur'an itu hanya diajarkan oleh seorang manusia kepadanya (Muhammad). (an-Nahl/16: 103) \n\nOleh karena isi ayat ini mengungkapkan beberapa nikmat Allah atas hamba-Nya, maka surah ini dimulai dengan menyebut nikmat yang paling besar faedahnya dan paling banyak manfaatnya bagi hamba-Nya, yaitu nikmat mengajarkan Al-Qur'an kepada manusia. Hal itu karena manusia dengan mengikuti ajaran Al-Qur'an akan berbahagia di dunia dan di akhirat dan dengan berpegang teguh pada petunjuk-petunjuk-Nya akan tercapai tujuan di kedua tempat tersebut. Al-Qur'an adalah induk kitab-kitab samawi yang diturunkan melalui makhluk Allah yang terbaik di bumi ini yaitu Nabi Muhammad saw.",
          "3": "Pada ayat ini Allah menyebutkan nikmat-Nya yang lain yaitu penciptaan manusia. Nikmat itu merupakan landasan nikmat-nikmat yang lain. Sesudah Allah menyatakan nikmat mengajarkan Al-Qur'an pada ayat yang lalu, maka pada ayat ini Dia menciptakan jenis makhluk-Nya yang terbaik yaitu manusia dan diajari-Nya pandai mengutarakan apa yang tergores dalam hatinya dan apa yang terpikir dalam otaknya, karena kemampuan berpikir dan berbicara itulah Al-Qur'an bisa diajarkan kepada umat manusia. Manusia adalah makhluk Allah yang paling sempurna. Ia dijadikan-Nya tegak, sehingga tangannya lepas. Dengan tangan yang lepas, otak bebas berpikir, dan tangan dapat merealisasikan apa yang dipikirkan oleh otak. Otak menghasilkan ilmu pengetahuan, dan tangan menghasilkan teknologi. Ilmu dan teknologi adalah peradaban, dengan demikian hanya manusia yang memiliki peradaban. Lidah adalah organ yang terletak pada rongga mulut. Organ ini, yang merupakan struktur berotot yang terdiri atas tujuh belas otot yang memiliki beberapa fungsi. Fungsi pengecap rasa adalah salah satu fungsi lidah yang utama. Terdapat sekitar 10.000 titik pengecap di lidah. Lidah juga berfungsi untuk turut membantu mengatur bunyi untuk berkomunikasi. Lidah, dalam agama, hampir selalu dikaitkan dengan hati, dan digunakan untuk mengukur baik-buruknya perilaku seseorang. Manusia akan menjadi baik apabila keduanya baik. Dan manusia akan menjadi buruk, apabila keduanya buruk. Nabi Muhammad saw menunjuk lidah sebagai faktor utama yang membawa bencana bagi manusia, dan ia merupakan tolok ukur untuk bagian tubuh lainnya. Beliau bersabda dalam hadisnya: Bukankah manusia dijungkirbalikkan wajah mereka di neraka karena lidah mereka? (Riwayat at-Tirmidhi dan Ibnu Majah) Jika manusia bangun di pagi hari, maka seluruh anggota tubuhnya mengingatkan lidah dan berpesan, \"Bertakwalah kepada Allah menyangkut kami, karena kami tidak lain kecuali denganmu. Jika engkau lurus, kami pun lurus, dan jika engkau bengkok, kami pun bengkok.\" (Riwayat at-Tirmidhi) \n\nUntuk dapat mengeluarkan bunyi yang berbeda-beda, atau yang disebut berbicara, lidah bekerjasama dengan beberapa organ lainnya, seperti bibir, rongga mulut, paru-paru, kerongkongan, dan pita suara. Kita dapat berkomunikasi dengan berbicara, setelah seluruh masyarakat menyepakati arti dari satu bunyi. Kemudian bunyi-bunyi yang masing-masing sudah disepakati artinya tersebut digabungkan dalam susunan yang tepat untuk menjadi kalimat. Pada tahap selanjutnya, akan tercipta suatu bahasa. Bahasa diuraikan dalam salah satu ayat Allah demikian: \n\nDan di antara tanda-tanda (kebesaran)-Nya ialah penciptaan langit dan bumi, perbedaan bahasamu dan warna kulitmu. Sungguh, pada yang demikian itu benar-benar terdapat tanda-tanda bagi orangorang yang mengetahui. (ar-Rum/30: 22)",
          "4": "Pada ayat ini Allah menyebutkan nikmat-Nya yang lain yaitu penciptaan manusia. Nikmat itu merupakan landasan nikmat-nikmat yang lain. Sesudah Allah menyatakan nikmat mengajarkan Al-Qur'an pada ayat yang lalu, maka pada ayat ini Dia menciptakan jenis makhluk-Nya yang terbaik yaitu manusia dan diajari-Nya pandai mengutarakan apa yang tergores dalam hatinya dan apa yang terpikir dalam otaknya, karena kemampuan berpikir dan berbicara itulah Al-Qur'an bisa diajarkan kepada umat manusia. Manusia adalah makhluk Allah yang paling sempurna. Ia dijadikan-Nya tegak, sehingga tangannya lepas. Dengan tangan yang lepas, otak bebas berpikir, dan tangan dapat merealisasikan apa yang dipikirkan oleh otak. Otak menghasilkan ilmu pengetahuan, dan tangan menghasilkan teknologi. Ilmu dan teknologi adalah peradaban, dengan demikian hanya manusia yang memiliki peradaban. Lidah adalah organ yang terletak pada rongga mulut. Organ ini, yang merupakan struktur berotot yang terdiri atas tujuh belas otot yang memiliki beberapa fungsi. Fungsi pengecap rasa adalah salah satu fungsi lidah yang utama. Terdapat sekitar 10.000 titik pengecap di lidah. Lidah juga berfungsi untuk turut membantu mengatur bunyi untuk berkomunikasi. Lidah, dalam agama, hampir selalu dikaitkan dengan hati, dan digunakan untuk mengukur baik-buruknya perilaku seseorang. Manusia akan menjadi baik apabila keduanya baik. Dan manusia akan menjadi buruk, apabila keduanya buruk. Nabi Muhammad saw menunjuk lidah sebagai faktor utama yang membawa bencana bagi manusia, dan ia merupakan tolok ukur untuk bagian tubuh lainnya. Beliau bersabda dalam hadisnya: Bukankah manusia dijungkirbalikkan wajah mereka di neraka karena lidah mereka? (Riwayat at-Tirmidhi dan Ibnu Majah) Jika manusia bangun di pagi hari, maka seluruh anggota tubuhnya mengingatkan lidah dan berpesan, \"Bertakwalah kepada Allah menyangkut kami, karena kami tidak lain kecuali denganmu. Jika engkau lurus, kami pun lurus, dan jika engkau bengkok, kami pun bengkok.\" (Riwayat at-Tirmidhi) \n\nUntuk dapat mengeluarkan bunyi yang berbeda-beda, atau yang disebut berbicara, lidah bekerjasama dengan beberapa organ lainnya, seperti bibir, rongga mulut, paru-paru, kerongkongan, dan pita suara. Kita dapat berkomunikasi dengan berbicara, setelah seluruh masyarakat menyepakati arti dari satu bunyi. Kemudian bunyi-bunyi yang masing-masing sudah disepakati artinya tersebut digabungkan dalam susunan yang tepat untuk menjadi kalimat. Pada tahap selanjutnya, akan tercipta suatu bahasa. Bahasa diuraikan dalam salah satu ayat Allah demikian: \n\nDan di antara tanda-tanda (kebesaran)-Nya ialah penciptaan langit dan bumi, perbedaan bahasamu dan warna kulitmu. Sungguh, pada yang demikian itu benar-benar terdapat tanda-tanda bagi orangorang yang mengetahui. (ar-Rum/30: 22)",
          "5": "Allah menyebutkan bahwa matahari dan bulan yang termasuk di antara benda-benda angkasa yang terbesar, beredar dalam orbitnya masing-masing matahari dan bulan yang sangat pasti, karena adanya itu maka terjadilah perubahan musim-musim. Dengan memperhitungkan perubahan-perubahan tersebut manusia dapat mengatur pertanian, perdagangan, pendidikan dan sebagainya. Banyak ayat dalam Al-Qur'an menyebut dan menjelaskan tentang pasangan matahari dan bulan. Matahari sebagai sumber cahaya yang terang membara (wahhaj) akibat reaksi nuklir di dalamnya. Sementara bulan hanya sebagai pemantul cahaya yang diterimanya dari matahari memiliki permukaan yang cerah berbinar-binar (munir). Matahari dan bulan bersama benda-benda langit lainnya tidak diam. Mereka bergerak di angkasa pada jalan (garis edar) masingmasing sebagaimana Allah berfirman dalam Surah adhdzariyat/51:7. Jalan yang dimaksud adalah garis edar dari bendabenda langit, termasuk matahari dan bulan. Dalam fisika, garis edar benda langit disebut orbit merupakan jalan atau lintasan yang dilalui oleh suatu benda langit, di sekitar benda langit lainnya, di dalam pengaruh dari gaya-gaya tertentu. Orbit pertama kali dianalisa secara matematis oleh Johannes Kepler yang merumuskan hasil perhitungannya dalam hukum Kepler tentang gerak planet. Dia menemukan bahwa orbit dari planet dalam tata surya kita adalah berbentuk ellips dan bukan lingkaran atau episiklus seperti yang semula dipercaya. Pada tahun 1601 Kepler berusaha mencocokkan berbagai bentuk kurva geometri pada data-data posisi Planet Mars yang ada. Hingga tahun 1606, setelah hampir setahun menghabiskan waktunya hanya untuk mencari penyelesaian perbedaan sebesar 8 menit busur (mungkin bagi kebanyakan orang hal ini akan diabaikan), Kepler mendapatkan orbit Planet Mars. Menurut Kepler, lintasan berbentuk ellips adalah gerakan yang paling sesuai untuk orbit planet yang mengitari matahari. Pada tahun 1609 dia memublikasikan Astronomia Nova yang menyatakan dua hukum gerak planet. Pergerakan-pergerakan benda langit ini terkendali sepenuhnya dan semuanya harus bergerak dalam suatu orbit yang terhitung. Jika tidak yang akan terjadi adalah tabrakan yang berarti kehancuran yang fatal. Perlu diketahui bahwa bulan beredar mengitari bumi dalam waktu 29.53059 hari. Waktu ini adalah waktu edar bulan relatif terhadap bumi tanpa memasukkan unsur peredaran bumi terhadap matahari. Apabila dimasukkan unsur pergerakan relatif bulan dan matahari terhadap semua bintang di alam maka lama peredaran bumi bukan 24 jam tetapi 23 jam 56 menit 4 detik dan waktu edar bulan terhadap bumi adalah 27.321661 hari atau 86164.0906 detik. Suatu angka yang fantastic, Subhanallah. Hal ini dipertegas lagi dalam firman-Nya pada Surah Yasin 36: 38, 40 dan Surah alAnbiya'/21: 33. Bumi dan planet-planet lain di sistem tata surya ini bergerak pada orbitnya masing-masing mengelilingi matahari. Matahari di lintasan orbitnya juga bergerak mengelilingi sistem yang lebih besar lagi yakni galaksi Bimasakti, begitu seterusnya. Tetapi tidak satupun dari bintang, planet dan benda-benda langit lainnya di angkasa bergerak tidak terkendali atau memotong orbit lain ataupun saling berbenturan. Tampak jelas kecermatan takdir pada keserasian antara ciptaan dan gerakan. Di angkasa yang luas ini pergerakan setiap benda langit tidak ada yang melenceng sehelai rambut pun atau terlambat sedetikpun. Al-Qur'an mengisyaratkan pergerakan benda-benda langit di alam semesta ini secara serasi, hal tersebut diungkap dalam adhdzariyat/51:7",
          "6": "Allah menyatakan bahwa tanaman-tanaman perdu, dan pohon-pohon yang bercabang, kedua-duanya tunduk kepada kehendak-Nya secara naluri, sebagaimana tunduknya manusia menurut fitrahnya. Perbedaan antara tumbuh-tumbuhan dan pohonpohonan dalam bentuk dan rupa, warna dan rasa, semua itu adalah karena patuh dan tunduk kepada kekuasaan yang menciptakan-Nya",
          "7": "Allah menyatakan bahwa Dia menciptakan langit tempat diturunkan perintah dan larangan-Nya kepada hamba-hamba-Nya, tempat malaikat-malaikat yang turun membawa wahyu-Nya kepada nabi-nabi-Nya, Di samping itu Dia menghendaki adanya keseimbangan dalam segala hal. Di antaranya adalah perimbangan akidah, yaitu mentauhidkan-Nya, karena tauhid adalah pertengahan antara mengingkari adanya Allah dengan mempersekutukan-Nya begitu saja, Perimbangan dalam ibadah, dalam beramal dan dalam budi pekerti, perimbangan dalam kekuatan rohani dan jasmani dan sebagainya. Demikianlah perimbangan dan keadilan yang dikehendaki-Nya dengan tidak membiarkan sesuatu karena kecilnya dan tidak pula mementingkan yang lain karena besarnya. Perimbangan-Nya mencakup semua yang ada di alam ini.",
          "8": "Allah menyatakan bahwa Dia melakukan yang demikian itu agar manusia tidak melampaui dan melangkahi batas-batas keadilan dan kelancaran menjalankan sesuatu menurut neraca yang telah ditetapkan bagi segala sesuatu, maka dengan demikian keadaan manusia akan bertambah baik, akhlak dan amal perbuatan akan lebih mulia dan teratur.",
          "9": "Allah memerintahkan manusia untuk menegakkan timbangan dengan adil dan jangan berlaku curang. Ini menunjukkan bahwa manusia harus memperhatikan timbangan yang adil dalam semua amal perbuatan dan ucapan-ucapannya. Dalam Al-Qur'an Allah tidak saja memberitahu manusia mengenai ciptaan-Nya, namun juga memberikan indikasi-indikasi untuk memanfaatkan semua ciptaan untuk kesejahteraan manusia. Dalam kaitan dengan matahari dan bulan, Allah memberikan petunjuk yang sangat jelas bahwa kedua benda langit tersebut akan sangat berguna untuk dijadikan patokan. Diberitahukan bahwa peredaran kedua benda langit itu mempunyai perhitungan. Ilmu pengetahuan kemudian menggunakan keteraturan itu untuk dijadikan penanda waktu atau kalender. Petunjuk itu juga ada pada dua ayat berikut: \n\nDan Dia telah menundukkan matahari dan bulan bagimu yang terusmenerus beredar (dalam orbitnya); dan telah menundukkan malam dan siang bagimu. (Ibrahim/14: 33) \n\nSesungguhnya jumlah bulan menurut Allah ialah dua belas bulan, (sebagaimana) dalam ketetapan Allah pada waktu Dia menciptakan langit dan bumi, di antaranya ada empat bulan haram. Itulah (ketetapan) agama yang lurus, maka janganlah kamu menzalimi dirimu dalam (bulan yang empat) itu, dan perangilah kaum musyrikin semuanya sebagaimana mereka pun memerangi kamu semuanya. Dan ketahuilah bahwa Allah beserta orang-orang yang takwa. (at-Taubah/9: 36) \n\nManusia telah diberikan petunjuk untuk membagi waktu dan penanggalan dengan jelas. Dalam astronomi modern, maka yang disebut satu tahun dalam perhitungan Kalender Matahari (Solar Calendar) adalah periode waktu yang diperlukan oleh bumi untuk melakukan satu putaran dalam orbitnya mengelilingi matahari. Waktu yang diperlukan adalah 365 hari, 5 jam, 48 menit, 46 detik. Atau sekitar 365,25 hari kurang 1 menit 14 detik. Apabila satu bulan Solar adalah sekitar 30 hari. Sedangkan satu tahun dalam perhitungan Kalender Bulan (Lunar Calendar) adalah satu periode dari 12 bulan Lunar. Jika satu bulan Lunar (periode yang diperlukan bulan untuk mengelilingi bumi) adalah 29,5 hari, maka satu tahun Lunar adalah 354 hari. Sejarah peradaban umat manusia dalam membuat kalender menunjukkan angka yang berbeda-beda. Bangsa Romawi kuno membagi satu tahun dalam 10 bulan. Pada masa Pra-Julius Caesar, dilakukan koreksi dan menjadi 12 bulan. Kemudian disempurnakan lagi oleh Paus Gregorius XIII (Gregorian Calendar) dan digunakan sebagai kalender modern yang digunakan saat ini. Kalender juga sudah digunakan pada peradaban yang lebih tua. Bangsa-bangsa Akkadia, Sumeria, Babilonia, Assiria, Yahudi, India dan Cina memberikan angka 12 bulan dalam setahunnya. Sedangkan Yunani menghitung 10 bulan dalam setahun. Bangsa Aztec, Maya dan Inca di Amerika Selatan, membagi satu tahun menjadi 13 bulan, dengan jumlah hari per bulannya sebanyak 20 hari. Pada salah satu ayat di atas ada kata \"menundukkan\". Ini mengisyaratkan agar manusia menggunakan akal dalam memanfaatkan kedua benda langit tersebut. Di sini dikandung perintah untuk mengembangkan teknologi. Salah satunya adalah menggunakan keteraturan orbit matahari dan bulan untuk pembuatan penanggalan dan pengaturan waktu. \n\nDialah yang menjadikan matahari bersinar dan bulan bercahaya, dan Dialah yang menetapkan tempat-tempat orbitnya, agar kamu mengetahui bilangan tahun, dan perhitungan (waktu). Allah tidak menciptakan demikian itu melainkan dengan benar. Dia menjelaskan tanda-tanda (kebesaran-Nya) kepada orang-orang yang mengetahui. (Yunus/10: 5) \n\nLintasan-lintasan orbit matahari, bulan dan bumi sudah sangat diketahui. Namun bahwa matahari juga memiliki lintasan orbitnya sendiri baru diketahui para ahli astronomi dan astrofisika modern pada paruh abad ke-20 yang lalu. Matahari mengorbit pusat galaksi di pinggiran piringan galaksi Bimasakti. Adapun garis tengah piringan galaksi ini adalah 3 x 107 km. Waktu yang diperlukan matahari untuk mengelilingi pusat galaksi adalah 250 juta tahun. Khusus untuk Surah at-Taubah/9 ayat 36 di atas, diingatkan akan empat bulan yang disucikan (bulan-bulan Muharam, Rajab, Zulkaidah, dan Zulhijah). Keempat bulan itu sudah disucikan masyarakat Timur Tengah sejak zaman Nabi Ibrahim.",
          "10": "Allah menerangkan bahwa Dia mendatarkan bumi untuk tempat tinggal binatang, dan semua jenis yang mempunyai roh dan di bumi itu tempat kehidupan untuk dapat mengambil manfaat dari benda-benda di permukaan bumi dan yang berada di dalam perutnya,",
          "11": "Allah memberitahukan bahwa di bumi ini terdapat bermacam-macam bahan yang dapat dijadikan makanan dari aneka ragam buah-buahan, baik yang dimakan setelah masak dari pohonnya atau setelah dimasak dengan rapi, baik dari buah-buahan setelah dikeringkan maupun dalam keadaan masih basah. Seterusnya Allah menyatakan, pohon-pohon kurma yang mempunyai selodang pembungkus buahnya ketika ia keluar. Dikhususkan sebutan kurma ini karena ditanam di tanah Arab dan sangat banyak faedahnya. Buahnya baik dimakan di waktu masih muda maupun setelah ia matang, baik keadaan basah maupun setelah ia dikeringkan. Dari seluruh pohonnya dapat juga diambil faedah seperti daunnya untuk keranjang dan tikar, sabutnya untuk tali, pelepahnya untuk atap rumah, dan batangnya untuk tiang. Dari beberapa faedah yang disebutkan, jenis kurma dikhususkan dalam menyebutnya di antara buah-buahan yang lain.",
          "12": "Pada ayat ini Allah menyatakan bahwa semua biji-bijian yang dijadikan sebagai bahan makanan, seperti gandum, padi dan jelai mempunyai daun yang menutupi tandan-tandannya, begitu pula semua yang berbau harum dari tumbuh-tumbuhan.",
          "13": "Allah menantang manusia dan jin; nikmat manakah dari nikmat-nikmat yang telah mereka rasakan itu yang mereka dustakan. Yang dimaksud dengan pendustaan nikmat-nikmat tersebut adalah kekafiran mereka terhadap Tuhan mereka, karena mempersekutukan tuhan-tuhan mereka dengan Allah. Dalam peribadatan adalah bukti tentang kekafiran mereka terhadap tuhan mereka, karena nikmat-nikmat itu harus disyukuri, sedangkan syukur artinya menyembah yang memberi nikmat-nikmat kepada mereka. Ayat tersebut diulang-ulang dalam surah ini tiga puluh satu kali banyaknya untuk memperkuat tentang adanya nikmat dan untuk memperingatkannya. Dari itu, sambil Allah menyebut satu persatu dari nikmat-nikmat tersebut Dia memisahkannya dengan kata-kata memperingati dan memperkuat tentang adanya nikmat-nikmat tersebut. Susunan kata serupa ini banyak terdapat dalam bahasa Arab, dari itu telah menjadi kebiasaan bahwa seorang mengatakan kepada temannya yang telah menerima kebaikannya, tetapi ia mengingkarinya. \"Bukankah engkau dahulu miskin, lalu aku menolongmu sehingga berkecukupan? Apakah engkau mengingkarinya? Bukankah engkau dahulu tidak berpakaian, maka aku memberi pakaian; apakah engkau mengingkarinya? Bukankah engkau dahulu tidak dikenal, maka aku mengangkat derajatmu, lalu engkau menjadi dikenal apakah engkau mengingkarinya?\" Seakan-akan Allah swt berkata, \"Bukankah Aku menciptakan manusia, mengajarnya pandai berbicara, Aku jadikan matahari dan bulan beredar menurut perhitungan. Aku jadikan bermacam-macam kayu-kayuan. Aku jadikan aneka ragam buah-buahan, baik di dusundusun maupun di bandar-bandar untuk mereka yang beriman dan kafir kepada-Ku, terkadang Aku menyiraminya dengan air hujan, adakalanya dengan air sungai dan alur-alur; apakah kamu hai manusia dan jin mengingkari yang demikian itu?\"",
          "14": "Ayat ini menerangkan bahwa Allah menciptakan manusia pertama Nabi Adam dari tanah kering seperti tembikar, dan keras seperti tanah yang telah dipanggang. Di dalam Al-Qur'an banyak ayat yang menyebutkan bahwa manusia diciptakan dari tanah dan yang lain menyebutkan bahwa ia diciptakan dari tanah liat serta di sini disebutkan tanah kering seperti tembikar. Tanah liat yang dipanggang dengan bara yang panas untuk menjaga ia tetap bersatu, tidak bercerai berai. Demikian pula manusia mempunyai nafsu makan dan minum, mempunyai nafsu kawin agar badannya dapat terpelihara dan dapat melanjutkan hidupnya, serta mempunyai keturunan. Ia mempunyai nafsu marah yang menjadikannya berani dan kuat untuk menjaga kelangsungan hidupnya dan mempertahankan dirinya dari bahaya yang mengancamnya serta serbuan musuh-musuh yang berada di sekitarnya. Kekuatan manusia ini seolah-olah sama dengan tanah liat yang telah masak agar menjadi tanah kering yang bagian-bagiannya melekat dengan kuat. Apabila tidak ada hal-hal itu tentu dia tidak akan dapat mempertahankan dirinya dari bahaya dan musuhmusuhnya, dari manusia lain atau binatang-binatang buas, maka ia akan hancur berkeping-keping menjadi santapan burung-burung dan binatang-binatang, sebagaimana tanah yang belum dimasak bertaburan diterbangkan angin. Penciptaan manusia dari tanah telah banyak dibicarakan pada ayat-ayat sebelumnya, antara lain pada ayat-ayat: al-hijr/15: 26 (dari lumpur hitam), al- hijr/15: 28 (tanah liat kering), ar-Rum/30: 20 (dari tanah), Fathir/35: 11 (dari tanah), shad/38: 71 (tanah liat), Gafir/40 (dari tanah), sedangkan pada Surah al-Furqan/25: ayat 54 dinyatakan bahwa manusia diciptakan dari air. Dari berbagai pernyataan ayat-ayat di atas tentang bahan penciptaan manusia, maka terdapat dua bahan yaitu air dan tanah. Sedangkan macam tanah yang sering dijelaskan adalah tanah liat, suatu jenis tanah yang tersusun oleh partikel yang sangat halus, dengan ukuran diameter partikel kurang dari 2 mikron. Jenis tanah ini memiliki sifat-sifat fisik yang plastis bila mengandung air. Secara kimia, larutan tanah liat dalam air memiliki kapasitas tukar kation, yaitu dapat mengikat ion atau senyawa kimia lainnya yang bermuatan listrik, tetapi dengan ikatan yang tidak terlalu kuat sehingga ion yang terikat bisa berganti-ganti dengan mudah. Tanah jenis ini pulalah yang biasa dipakai sebagai bahan untuk membuat tembikar. Sementara proses penciptaannya amat sedikit diketahui (lihat Tafsir al-hijr/15: 26 dan 28).",
          "15": "Dalam ayat ini Allah menerangkan bahwa bila manusia pertama dijadikan dari tanah, maka jin yang pertama atau iblis berbeda, ia dijadikan dari api (dari nyala api), dari nyala api yang bergabung dengan yang lain; dari nyala api yang berwarna kuningmerah dan kehijau-hijauan. Sebagaimana manusia dijadikan dari tanah yang bermacam-macam. Ayat-ayat tersebut mengingatkan bahwa Adam diciptakan melalui proses yang pertama dari tanah, kemudian lumpur yang dibentuk selanjutnya dari tanah kering seperti tembikar.",
          "16": "Ayat ini menunjukkan nikmat yang berlimpah-limpah yang diberikan Allah kepada makhluk-Nya baik itu dari kalangan jin maupun manusia, tetapi mengapa mereka mendustakan. Dalam hubungan ayat ini Ibnu 'Umar berkata: Rasulullah saw membaca Surah ar-Rahman atau surah itu dibacakan kepadanya, lalu beliau bersabda, \"Mengapa saya mendengar jin lebih baik jawabannya kepada Tuhannya dari kalian?\" Mereka bertanya, \"Apakah itu, wahai Rasulullah?\" Beliau menjelaskan tentang jawaban mereka (jin) apabila saya membaca firman Allah, \"Maka nikmat Tuhanmu yang manakah yang kamu dustakan?\" Maka mereka berkata, \"Tidak ada sesuatu pun dari nikmat Tuhan yang kami dustakan.\" (Riwayat Ibnu Jarir dari Ibnu 'Umar)",
          "17": "Ayat ini menjelaskan tentang peredaran matahari dan bulan, Bahwa Dialah yang menciptakan keduanya dan yang mengatur peredaran menurut perhitungan yang tepat. Tuhan memelihara dua tempat terbit, dua tempat terbenam matahari dan musim panas dan musim dingin. Atas perubahan\n\nIndeks 687 \n\nperubahan itu timbullah musim panas, musim dingin, musim semi dan musim gugur dan menimbulkan pula perubahan udara yang mengakibatkan perubahan pada curah hujan, perubahan pada pohon-pohonan dan tumbuh-tumbuhan serta sungai-sungai. \"Dua Timur\" dan \"Dua Barat\" yang tersurat dalam ayat di atas berkaitan dengan bulatnya bentuk bumi. Karena, hanya pada benda yang berbentuk seperti bola dapat terjadi hal yang demikian (dua timur dan dua barat). Secara kenyataan, memang bumi mempunyai dua titik tempat terbitnya matahari dan dua titik tempat terbenamnya matahari. Di sini, ayat Allah dan ilmu pengetahuan kembali saling bersetuju. Penjelasannya demikian: \"Ketika matahari terbit di satu titik di bagian sebelah bumi, maka pada waktu yang sama matahari akan terbenam di bagian sebelah bumi lainnya. Saat matahari terbenam di sebelah bagian bumi, kembali, pada waktu yang sama, di belahan bumi yang lain, matahari sedang terbit. Dengan demikian, pada kenyataannya, memang betul bahwa ada dua titik dimana matahari terbit, dan pada waktu yang sama, terdapat dua titik dimana matahari terbenam.\" Keadaan demikian ini dilaporkan oleh para antariksawan pada saat mereka memandang bumi dari ruang angkasa. Al-Qur'an menguraikan hal ini sedemikian rupa, seolah-olah konsep bumi yang seperti bola memang sudah dikenal manusia saat itu. Sedangkan sebenarnya tidaklah demikian. Bentuk bumi yang seperti bola juga dapat dilihat pada beberapa ayat lainnya, seperti dua ayat di bawah ini: \n\nTidakkah engkau memperhatikan, bahwa Allah memasukkan malam ke dalam siang dan memasukkan siang ke dalam malam dan Dia menundukkan matahari dan bulan, masing-masing beredar sampai kepada waktu yang ditentukan. Sungguh, Allah Mahateliti apa yang kamu kerjakan. (Luqman/31: 29) Dia menciptakan langit dan bumi dengan (tujuan) yang benar; Dia memasukkan malam atas siang dan memasukkan siang atas malam dan menundukkan matahari dan bulan, masing-masing berjalan menurut waktu yang ditentukan. Ingatlah! Dialah Yang Mahamulia, Maha Pengampun. (az-Zumar/39: 5) \n\nSaat ini, kita dapat melihat pada bola dunia (globe) gambaran tentang bumi yang mempunyai bentuk seperti bola. Sebenarnya, pada 1400 tahun yang lalu, Al-Qur'an telah memberikan indikasi yang demikian. Dua ayat di atas, dengan menggunakan perumpamaan, telah menjelaskan tentang bentuk bumi. Pada saat masyarakat di Eropa masih mempercayai bahwa bumi itu datar, maka para pelajar di universitas di dunia Islam sudah mempelajari bumi dengan menggunakan bola dunia. Karena Al-Quran diturunkan bukan sebagai ilmu pengetahuan (science), maka di dalamnya tidak ada pernyataan secara khusus bahwa bentuk bumi adalah bulat seperti bola. Akan tetapi, dari beberapa ayat, manusia mulai berpikir bahwa bentuk bumi seperti bola. Contohnya pada Surah Luqman/31 ayat 29. Ayat lainnya, Surah az-Zumar/39 ayat 5 menunjukkan bagaimana Allah \"menggulung\" siang dengan malam. Kata \"menggulung\" pada ayat di atas adalah terjemahan dari kata Arab \"kawwara\", yang digunakan untuk menggambarkan seorang sedang menggulungkan sorban di sekeliling kepalanya. Untuk dapat mengerti lebih jelas mengenai kedua ayat di atas, lakukanlah suatu percobaan di rumah. Alat yang diperlukan adalah bola dunia dan lampu senter. Bawa kedua alat ini ke kamar yang gelap. Sinari bola dunia dengan lampu senter dari salah satu sisinya. Sinar dari lampu senter ini akan berperan seperti sinar matahari. Maka akan tampak bahwa sebagian belahan dunia akan terang, dan belahan lainnya gelap. Lalu putarkan bola dunia secara perlahan, sebagaimana halnya bumi melakukan putaran pada sumbunya. Perhatikan saat bola dunia berputar, maka sinar matahari akan secara menerus mulai menerangi bagian bumi yang semula gelap. Demikian pula halnya gelap. Ia akan secara perlahan menggantikan terang di bagian bumi yang lain. Ayat di bawah ini juga berbicara mengenai bentuk bumi: \n\nTuhan (yang memelihara) dua timur dan Tuhan (yang memelihara) dua barat. Maka nikmat Tuhanmu yang manakah yang kamu dustakan? (ar-Rahman/55: 17-18) \n\nPada saat manusia mempercayai bahwa bumi datar dan menetap (tidak bergerak), Al-Qur'an sudah mengungkapkan, secara eksplisit maupun implisit, bahwa bumi itu bulat. Tidak hanya bulat, akan tetapi lebih rinci, yaitu bentuknya lebih seperti telur daripada bulat. Mengenai pemeliharaan tempat terbit dan tenggelamnya matahari. Ketika manusia memercayai bahwa bumi datar dan diam/tidak bergerak, maka Al Qur'an mengungkapkan bahwa bumi itu bulat, melalui firman-Nya dalam ayat tersebut di atas. Karena hanya pada benda berbentuk seperti bola peristiwa tersebut dapat terjadi, dua timur dan dua barat ? Sayyid Quthub berpendapat mungkin itu tempat terbitnya matahari dan bulan serta tempat terbenamnya matahari dan bulan. Tapi bisa juga maksudnya dua tempat terbit matahari yang berbeda posisinya pada musim panas dan musim dingin. Demikian pula dua tempat terbenamnya. Sementara Ilmu Pengetahuan berpendapat bahwa manakala matahari terbit di satu titik di belahan bumi, maka pada saat yang sama justru matahari tersebut akan terbenam dilihat dari titik belahan lainnya yang letaknya jauh ke arah timur. Begitu pula tatkala matahari terlihat terbenam di suatu titik di belahan bumi, maka pada saat yang bersamaan dari belahan bumi yang letaknya jauh ke sebelah barat, matahari tersebut dilihat sedang terbit. Fenomena ini yang diartikan dengan (seolah) ada dua titik di mana matahari terbit dan pada waktu yang sama ada dua titik tempat matahari terbenam. Apapun makna dari pesan tersebut, sesuatu yang penting untuk disyukuri adalah pemeliharaan Allah atas dua timur dan dua barat merupakan bagian dari nikmat-Nya di alam semesta ini? (",
          "18": "Dalam ayat ini Allah menantang manusia dan jin, nikmat Tuhan yang manakah yang mereka dustakan. Apakah mereka mengingkari hujan dan faedah-faedahnya? Ataukah mereka mengingkari manfaat adanya perubahan musim yang di dalamnya terdapat perubahan tanaman-tanaman yang harus ditanam pada musim panas atau musim dingin? Ataukah mereka mengingkari tentang keistimewaan yang terdapat pada perubahan udara yang mengatur perasaan manusia dan binatang. (",
          "19": "Ayat-ayat ini menerangkan bahwa Allah mengalirkan air yang asin dari air yang tawar berdekatan yang kemudian berkumpul menjadi satu, masing-masing tidak mempengaruhi yang lain, yang asin tidak mempengaruhi yang tawar sehingga yang tawar menjadi asin dan yang asin menjadi tawar. Allah telah membatasi di antara keduanya dengan batas yang telah diciptakan dengan kekuasaan-Nya atau dibatasinya dengan batas yang berupa tanah. Firman Allah: \n\nDan Dialah yang membiarkan dua laut mengalir (berdampingan); yang ini tawar dan segar dan yang lain sangat asin lagi pahit; dan Dia jadikan antara keduanya dinding dan batas yang tidak tembus. (al-Furqan/25: 53) \n\nPeristiwa di atas dapat dilihat seperti sungai-sungai yang mengalir dari gunung-gunung yang akhirnya masuk ke dalam laut dan rasanya menjadi asin sedang air sungainya tetap tawar. Menurut kajian ilmiah, laut mempunyai sifat fisika dan kimia yang tidak homogen. Ketidak homogenan ini yang menyebabkan laut bergerak dinamis. Proses yang memicu pergerakan ini sangat kompleks dan melibatkan tenaga dari luar seperti angin, rotasi bumi, topografi dasar laut maupun hubungan satu sama lain antar laut. Distribusi rapat massa yang tergantung pada tingkat kegaraman, temperatur dan tekanan udara juga mempunyai peranan penting. Aliran arus permukaan yang hangat dari kawasan tropis mengalir melintasi khatulistiwa menuju Lautan Atlantik Utara dan Laut Norwegia, untuk kemudian mengalami pendinginan. Akibat pendinginan ini terjadi peningkatan rapat massa dan laut bergerak ke bawah sebagai aliran arus bawah dan bergerak menuju Lautan Atlantik Selatan, Lautan Hindia dan menuju Lautan Pasifik. Gerakan aliran arus bawah ini dikenal sebagai pola sirkulasi thermohalin yang gerakannya sering diidentikan dengan conveyor belt yang menggerakan air, temperatur dan sifat-sifat lainnya dan materimateri di lautan. Apa yang digambarkan di atas adalah gambaran global mengenai pergerakan arus laut. Dalam kenyataannya pergerakan arus laut adalah lebih kompleks. Sebagai contoh adalah apa yang digambarkan oleh Djamil (2004) yang menyebutkan bahwa di bawah garis khatulistiwa di Lautan Pasifik, Atlantik dan Lautan Hindia terdapat arus yang bergerak melawan arus permukaannya dan dikenal sebagai Pacific Equatorial Undercurrent atau disebut juga sebagai Cromwell Current. Arus ini bergerak ke timur, yang menentang arus Pacific South Equatorial Current yang bergerak ke barat. Arus yang mempunyai ketebalan 150 m dan panjang 402 km, dan batas atasnya antara 42-91 m, selalu bergerak di bawah khatulistiwa. Air laut yang bergerak dalam aliran arus Cromwell ini yang bergerak ke timur menentang aliran arus ke barat dan antar keduanya terdapat batas. Batas antara dua lautan ini tidak hanya sebatas wilayah yang disebutkan di atas tetapi juga di temui di Selat Gibraltar, maupun di sebelah timur Jepang. (",
          "20": "Ayat-ayat ini menerangkan bahwa Allah mengalirkan air yang asin dari air yang tawar berdekatan yang kemudian berkumpul menjadi satu, masing-masing tidak mempengaruhi yang lain, yang asin tidak mempengaruhi yang tawar sehingga yang tawar menjadi asin dan yang asin menjadi tawar. Allah telah membatasi di antara keduanya dengan batas yang telah diciptakan dengan kekuasaan-Nya atau dibatasinya dengan batas yang berupa tanah. Firman Allah: \n\nDan Dialah yang membiarkan dua laut mengalir (berdampingan); yang ini tawar dan segar dan yang lain sangat asin lagi pahit; dan Dia jadikan antara keduanya dinding dan batas yang tidak tembus. (al-Furqan/25: 53) \n\nPeristiwa di atas dapat dilihat seperti sungai-sungai yang mengalir dari gunung-gunung yang akhirnya masuk ke dalam laut dan rasanya menjadi asin sedang air sungainya tetap tawar. Menurut kajian ilmiah, laut mempunyai sifat fisika dan kimia yang tidak homogen. Ketidak homogenan ini yang menyebabkan laut bergerak dinamis. Proses yang memicu pergerakan ini sangat kompleks dan melibatkan tenaga dari luar seperti angin, rotasi bumi, topografi dasar laut maupun hubungan satu sama lain antar laut. Distribusi rapat massa yang tergantung pada tingkat kegaraman, temperatur dan tekanan udara juga mempunyai peranan penting. Aliran arus permukaan yang hangat dari kawasan tropis mengalir melintasi khatulistiwa menuju Lautan Atlantik Utara dan Laut Norwegia, untuk kemudian mengalami pendinginan. Akibat pendinginan ini terjadi peningkatan rapat massa dan laut bergerak ke bawah sebagai aliran arus bawah dan bergerak menuju Lautan Atlantik Selatan, Lautan Hindia dan menuju Lautan Pasifik. Gerakan aliran arus bawah ini dikenal sebagai pola sirkulasi thermohalin yang gerakannya sering diidentikan dengan conveyor belt yang menggerakan air, temperatur dan sifat-sifat lainnya dan materimateri di lautan. Apa yang digambarkan di atas adalah gambaran global mengenai pergerakan arus laut. Dalam kenyataannya pergerakan arus laut adalah lebih kompleks. Sebagai contoh adalah apa yang digambarkan oleh Djamil (2004) yang menyebutkan bahwa di bawah garis khatulistiwa di Lautan Pasifik, Atlantik dan Lautan Hindia terdapat arus yang bergerak melawan arus permukaannya dan dikenal sebagai Pacific Equatorial Undercurrent atau disebut juga sebagai Cromwell Current. Arus ini bergerak ke timur, yang menentang arus Pacific South Equatorial Current yang bergerak ke barat. Arus yang mempunyai ketebalan 150 m dan panjang 402 km, dan batas atasnya antara 42-91 m, selalu bergerak di bawah khatulistiwa. Air laut yang bergerak dalam aliran arus Cromwell ini yang bergerak ke timur menentang aliran arus ke barat dan antar keduanya terdapat batas. Batas antara dua lautan ini tidak hanya sebatas wilayah yang disebutkan di atas tetapi juga di temui di Selat Gibraltar, maupun di sebelah timur Jepang. (",
          "21": "Pada ayat ini Allah swt menantang jin dan manusia agar mengemukakan suatu nikmat yang tidak berasal daripada-Nya. Cobalah mereka bayangkan seandainya air yang asin mempengaruhi yang tawar sehingga menjadi asin pula, maka tentu tidak akan ada air yang dapat diminum manusia dan binatang, tidak ada air untuk menyirami tumbuh-tumbuhan sehingga tumbuh-tumbuhan itu mati, manusia dan binatang pun mati kehausan dan kelaparan.",
          "22": "Ayat ini menerangkan bahwa di dalam laut itu terdapat barang-barang yang sangat berharga, misalnya mutiara dan marjan dari laut yang asin dan tawar. Keduanya dapat dijadikan sebagai perhiasan yang tinggi nilainya dan mahal harganya.",
          "23": "Allah swt menantang jin dan manusia jika ada nikmat yang bukan berasal dari Dia yang berada di laut, tentu jin dan manusia tidak akan mendustakannya, terutama nikmat yang berupa mutiara dan marjan.",
          "24": "Ayat ini menerangkan bahwa Allah-lah yang menguasai bahtera-bahtera yang tinggi layarnya laksana gunung-gunung di lautan, ia berlayar di lautan dan memberikan manfaat kepada manusia guna mengangkut barang-barang dagangan dari suatu negeri ke negeri lain, makanan-makanan yang banyak terdapat pada suatu tempat dan tempat yang lain kekurangan bahan-bahan tersebut, dan lain sebagainya. Dengan demikian, terlaksana pertukaran barang-barang dagangan dan terpenuhi keperluankeperluan manusia tentang makanan dan minuman.",
          "25": "Ayat ini menantang jin dan mansuia agar menerangkan nikmat yang mereka dustakan sebagai berikut: Siapakah yang menciptakan bahan-bahan pembuatan bahtera itu? Atau bagaimanakah membuatnya? Apakah mereka kira bahwa iman kepada Allah sudah cukup dengan hanya bersyukur atas nikmatnikmat yang telah diberikan-Nya kepada mereka? Apakah matahari, bulan dan bintang, pohon-pohonan, tumbuh-tumbuhan, dan bijibijian, sungai-sungai dan lautan-lautan, mutiara dan marjan dijadikan-Nya untuk orang-orang yang tidak berakal? Atau dijadikanNya bagi orang-orang yang pandai bersyukur kepada-Nya atas nikmat-nikmat yang diberikan-Nya? Dan bagaimanakah mereka akan bersyukur kepada-Nya bila mereka tidak mengetahuinya?",
          "26": "Ayat-ayat ini menerangkan bahwa semua yang ada di bumi dan di langit akan rusak binasa dan yang kekal hanyalah Zat Allah yang Mahabesar dan Mahamulia. Dialah yang tetap hidup selamanya dan tidak akan mati. Oleh karena itu manusia jangan terpesona dengan kenikmatankenikmatan yang ada di dunia, sebab semuanya akan punah dan lenyap, manusia akan dimintakan pertanggungjawaban atas segala nikmat yang telah diperolehnya. Firman Allah: \n\nDan jangan (pula) engkau sembah tuhan yang lain selain Allah. Tidak ada tuhan (yang berhak disembah) selain Dia. Segala sesuatu pasti binasa, kecuali Allah. Segala keputusan menjadi wewenangNya, dan hanya kepada-Nya kamu dikembalikan. (al-Qasas/28: 88)",
          "27": "Ayat-ayat ini menerangkan bahwa semua yang ada di bumi dan di langit akan rusak binasa dan yang kekal hanyalah Zat Allah yang Mahabesar dan Mahamulia. Dialah yang tetap hidup selamanya dan tidak akan mati. Oleh karena itu manusia jangan terpesona dengan kenikmatankenikmatan yang ada di dunia, sebab semuanya akan punah dan lenyap, manusia akan dimintakan pertanggungjawaban atas segala nikmat yang telah diperolehnya. Firman Allah: \n\nDan jangan (pula) engkau sembah tuhan yang lain selain Allah. Tidak ada tuhan (yang berhak disembah) selain Dia. Segala sesuatu pasti binasa, kecuali Allah. Segala keputusan menjadi wewenangNya, dan hanya kepada-Nya kamu dikembalikan. (al-Qasas/28: 88)",
          "28": "Dalam ayat ini Allah menantang jin dan manusia agar mengungkapkan nikmat-Nya yang mereka dustakan. Cobalah mereka bayangkan, tidaklah kebinasaan itu melainkan merupakan pintu bagi kehidupan yang kekal. Apabila tidak ada yang mati, maka akan terhalanglah kehidupan di akhirat. Lihatlah kehidupan manusia, apabila mereka beranak terus sepanjang masa, tidak ada yang mati, maka akan penuhlah bumi ini dengan manusia sehingga binatang, tumbuh-tumbuhan, dan makanan tidak akan mencukupi keperluannya lagi dan akhirnya tidak ada jalan lagi bagi mereka kecuali sedang membunuh sesamaanya yang akhirnya dunia ini akan penuh dengan bangkai-bangkai manusia.",
          "29": "Allah senantiasa menghidupkan dan mematikan, serta memberi rezeki, memuliakan dan menghinakan, memberi sakit dan menyembuhkan, menyuruh dan melarang, mengampuni dan menghukum, mengasihi dan memarahi terhadap makhluk-Nya. Dan Dia pula memberikan apa-apa yang diminta oleh semua yang ada di langit dan di bumi, seperti yang diungkapkan dalam hadis ini: Dari 'Abdullah bin Munib, ia berkata, \"Rasulullah membacakan kepada kami ayat ini, lalu kami berkata, Ya Rasulullah, apakah yang dimaksud dengan 'urusan? Rasulullah bersabda, 'Mengampuni dosa, melapangkan kesusahan, meninggikan satu golongan dan merendahkan golongan yang lain (Riwayat alBazzar, Ibnu Jarir, ath-thabrani dan Ibnu 'Asakir)",
          "30": "Dalam ayat ini, Allah menantang jin dan manusia agar mengungkapkan nikmat-Nya yang mereka dustakan. Berapa banyak permohonan yang telah dikabulkan-Nya. Berapa banyak hal-hal yang baru diciptakan-Nya. Dan berapa banyak orang yang lemah ditolongNya.",
          "31": "Allah menerangkan bahwa Dia akan memperhatikan dan membalas segala amal perbuatan sekalian manusia dan jin, ayat ini merupakan ancaman yang sangat menakutkan, bagi seluruh hambaNya agar ingat pada hari pembalasan.",
          "32": "Allah swt menantang jin dan manusia, agar mengungkapkan nikmat yang manakah yang mereka dustakan. Adakah yang mereka dustakan itu balasan-balasan yang akan mereka terima pada hari Kiamat nanti baik berupa pahala maupun berupa siksaan pada hari itu tidak ada kedustaan.",
          "33": "Ayat ini menyeru jin dan manusia jika mereka sanggup menembus, melintasi penjuru langit dan bumi karena takut akan siksaan dan hukuman Allah, mereka boleh mencoba melakukannya, mereka tidak akan dapat berbuat demikian. Mereka tidak mempunyai kekuatan sedikit pun dalam menghadapi kekuatan Allah swt. Menurut sebagian ahli tafsir, pengertian sulthan pada ayat ini adalah ilmu pengetahuan. Hal ini menunjukkan bahwa dengan ilmu manusia dapat menembus ruang angkasa.",
          "34": "Dalam ayat ini Allah bertanya kepada jin dan manusia yang berbuat jahat kemudian bertobat, lalu diterima oleh Allah tobatnya, bukankah itu merupakan nikmat? Sebelum itu Allah mengancam orang-orang yang berbuat jahat. Karenanya nikmat Allah yang mana lagi yang kamu dustakan.",
          "35": "Ayat ini menerangkan bahwa kepada jin dan manusia akan ditimpakan bermacam-macam bentuk azab yaitu sambaran nyala api atau cairan yang bercampur dengan tembaga. Mereka tidak dapat melarikan diri daripadanya.",
          "36": "Allah swt menantang jin dan manusia, apakah mereka tetap mendustakan nikmat Tuhan. Di antara nikmat itu tentang ancaman siksa yang tercantum pada ayat 35 di atas telah diberitakan di dunia ini. Jika kamu di dunia ini berkesempatan berbuat baik dan terhindar dari siksa itu, itulah merupakan kenikmatan.",
          "37": "Ayat ini menerangkan bahwa apabila datang hari Kiamat, terbelahlah langit dan warnanya menjadi merah mawar seperti kilapan minyak. Maka rusaklah peraturan-peraturan alam dan bertebaranlah bintang-bintang serta segala apa-apa yang ada di langit, pindah dari tempatnya karena dahsyatnya hari itu. Dalam ayat-ayat lain Allah berfirman: \n\nApabila langit terbelah, dan apabila bintang-bintang jatuh berserakan. (al-Infithar/82: 1-2) \n\nApabila langit terbelah, dan patuh kepada Tuhannya, dan sudah semestinya patuh. (al-Insyiqaq/84: 1-2). \n\nDan terbelahlah langit, karena pada hari itu langit menjadi rapuh. (al-haqqah/69: 16) \n\nAyat di atas berbicara mengenai alam semesta. Alam semesta diperkirakan berumur antara 15 sampai 18 miliar tahun. Batuan tertua yang pernah ditemukan di bumi berumur sekitar 4,6 miliar tahun. Kehidupan tertua di bumi ditemukan berumur 3,8 juta tahun yang lalu. Sedangkan manusia mulai menghuni bumi baru sekitar 100.000 tahun yang lalu. Apapun yang mengakibatkan terbentuknya alam semesta, yang pasti, ia sangat besar dan hebat, dan tidak mungkin tercipta secara kebetulan. Apa yang diungkap oleh Al-Qur'an tersebut, nampaknya mustahil dikemukakan oleh seseorang yang hidup 1400 tahun yang lalu. Teori mengenai \"lahirnya\" alam semesta ini, hanya dapat dijelaskan oleh seseorang yang paham sekali dengan ilmu \"fisika nuklir\" (nuclear physics). Suatu bidang keilmuan yang baru berkembang dalam beberapa dekade terakhir. Bagaimana mungkin seorang Muhammad pada saat itu dapat menyatakan bahwa asal bumi dan seluruh isi langit dari materi \"asap\" yang sama. Sangat mustahil. Ayat 37 Surah ar-Rahman di atas menggambarkan ledakan sebuah bintang. Gambaran mengenai ledakan bintang tersebut dikonfirmasi oleh ilmu pengetahuan modern. Ledakan bintang yang demikian ini tidak dapat dilihat dengan mata telanjang. Fenomena alam ini juga tidak dapat ditangkap dengan menggunakan teropong bintang biasa. Diperlukan teropong bintang super canggih sekaliber \"Huble Space Super Telescope\" yang dimiliki oleh NASA, suatu lembaga antariksa Amerika Serikat. Namun hal ini sudah digambarkan dalam Al-Quran secara sangat jelas pada 1400 tahun yang lalu. Dengan kemajuan teknologi, ternyata apa yang diuraikan dalam Al-Qur'an, terbukti secara detail. Ledakan yang terjadi memang sangat mirip dengan bunga mawar merah yang sedang berkembang. Ledakan bintang atau disebut dengan istilah supernova, adalah sebuah bintang raksasa yang \"menghancurkan diri sendiri\" dalam ledakan dahsyat. Materi intinya akan bertebaran ke seluruh penjuru. Cahaya yang dihasilkan dalam peristiwa ini ribuan kali lebih terang daripada keadaan normal. Para ilmuwan masa kini menganggap bahwa supernova memainkan peran penting dalam penciptaan alam semesta. Ledakan ini menyebabkan unsur atau materi yang berbeda-benda berpencar dan berpindah ke bagian lain alam semesta. Diasumsikan bahwa materi yang dilontarkan ledakan ini kemudian bergabung untuk membentuk galaksi atau bintang baru di bagian lain alam semesta. Menurut hipotesis ini, tata surya kita, matahari dan planetnya termasuk bumi, merupakan produk supernova yang terjadi dahulu kala. Meskipun supernova tampak seperti ledakan biasa, pada kenyataannya, ledakan tersebut sangat terstruktur dalam setiap detailnya. Jarak antar supernova, dan bahkan antar semua bintang, sangat penting untuk alasan yang lain. Jarak antar bintang dalam galaksi kita adalah sekitar 30 juta tahun cahaya. Jika jarak ini lebih dekat, orbit planet-planet akan tidak stabil. Jika lebih jauh, maka debu hasil supernova akan tersebar begitu acak sehingga sistem planet seperti tata surya kita tidak mungkin pernah terbentuk. Jika alam semesta menjadi rumah bagi kehidupan, maka kedipan supernova harus terjadi pada laju yang sangat tepat dan jarak ratarata di antaranya harus sangat dekat dengan jarak yang teramati sekarang. Perbandingan antara supernova dan jarak antar bintang hanyalah dua rincian yang sangat selaras pada alam semesta yang penuh keajaiban. Mengamati lebih teliti alam semesta, maka pengaturannya akan terlihat begitu indah, baik dalam rancangan maupun susunannya.",
          "38": "Ayat ini Allah menantang jin dan manusia apakah mereka masih mendustakan nikmat-Nya. Allah mengabarkan segala sesuatu yang dapat mengakibatkan manusia menghindari segala kejahatan, sehingga akhirnya ia selamat dari ancaman, itulah nikmat Tuhan.",
          "39": "Ayat ini menerangkan bahwa pada saat hari kebangkitan mereka tidak ditanyai tentang dosa, sebab mereka yang berdosa dapat terlihat besar kecil dosanya oleh ciri tertentu, tatkala keluar dari kuburnya dan digiring ke Padang Mahsyar. Firman Allah: \n\nInilah hari, saat mereka tidak dapat berbicara, dan tidak diizinkan kepada mereka mengemukakan alasan agar mereka dimaafkan. (alMursalat/77: 35- 36) \n\nKemudian mereka akan ditanyai tentang perbuatan-perbuatan mereka dengan firman-Nya: \n\nMaka demi Tuhanmu, Kami pasti akan menanyai mereka semua, tentang apa yang telah mereka kerjakan dahulu. (al-hijr/15: 92-9",
          "40": "Ayat ini menerangkan bahwa pada saat itu Allah bertanya tentang nikmat mana lagi yang kamu dustakan, terutama nikmat yang telah Allah berikan pada hari ini. Allah juga mengingatkan tentang kabar derita dan peringatan pedih yang telah disampaikanNya, yaitu agar manusia meninggalkan dan menjauhi perbuatan dosa.",
          "41": "Ayat ini menerangkan bahwa orang-orang yang berdosa dapat dikenal dari tanda-tanda yang membedakan mereka dengan orang yang lain yaitu: wajahnya hitam pekat, matanya membelalak karena takut. Pada hari hisab tidak akan didengar alasan-alasan dan keterangan yang mereka kemukakan. Ubun-ubun dan kaki mereka dipegang sebagai penghinaan, lalu diseret, dimasukkan ke dalam api neraka Jahanam.",
          "42": "Ayat ini menerangkan bahwa pada saat itu Allah bertanya mengenai nikmat mana lagi yang kamu dustakan, terutama nikmat yang telah Allah berikan pada hari ini. Allah juga mengingatkan tentang kabar derita dan peringatan pedih yang telah disampaikanNya, yaitu agar manusia meninggalkan dan menjauhi perbuatan dosa.",
          "43": "Allah membuktikan janji-janji-Nya kepada mereka yang berbuat jahat bahwa sekarang telah mereka saksikan dan telah mereka lihat dengan mata mereka sendiri azab Tuhan yang mereka tunggu-tunggu; supaya mereka merasakan siksaan api neraka Jahanam dan meminum air yang mendidih, yang dapat menghancurkan usus dan isi perut siapa yang meminumnya. Mereka berkeliling di antara api dan air mendidih yang sangat panas. Tegasnya, apabila mereka minta tolong supaya dikeluarkan dari api neraka, maka mereka dipindahkan ke suatu tempat minuman air yang lebih tinggi suhu panasnya. Seperti diungkapkan dalam firman Allah sebagai berikut: \n\nKetika belenggu dan rantai dipasang di leher mereka, seraya mereka diseret, ke dalam air yang sangat panas, kemudian mereka dibakar dalam api (Gafir/40: 71-72)",
          "44": "Allah membuktikan janji-janji-Nya kepada mereka yang berbuat jahat bahwa sekarang telah mereka saksikan dan telah mereka lihat dengan mata mereka sendiri azab Tuhan yang mereka tunggu-tunggu; supaya mereka merasakan siksaan api neraka Jahanam dan meminum air yang mendidih, yang dapat menghancurkan usus dan isi perut siapa yang meminumnya. Mereka berkeliling di antara api dan air mendidih yang sangat panas. Tegasnya, apabila mereka minta tolong supaya dikeluarkan dari api neraka, maka mereka dipindahkan ke suatu tempat minuman air yang lebih tinggi suhu panasnya. Seperti diungkapkan dalam firman Allah sebagai berikut: \n\nKetika belenggu dan rantai dipasang di leher mereka, seraya mereka diseret, ke dalam air yang sangat panas, kemudian mereka dibakar dalam api (Gafir/40: 71-72)",
          "45": "Ayat ini menerangkan bahwa pada saat itu Allah bertanya mengenai nikmat mana lagi yang kamu dustakan, terutama nikmat yang telah Allah berikan pada hari ini. Allah juga mengingatkan tentang kabar derita dan peringatan pedih yang telah disampaikanNya, yaitu agar manusia meninggalkan dan menjauhi perbuatan dosa.",
          "46": "Ayat ini menerangkan bahwa Allah menyediakan dua surga bagi orang yang takut akan Tuhannya dan berkeyakinan bahwa mereka akan mendapat balasan atas perbuatannya. Bila tergerak hatinya akan berbuat maksiat, maka ia ingat akan Tuhan yang mengetahui segala sesuatu baik yang kelihatan maupun yang tersembunyi. Karena itu ia meninggalkan perbuatan itu, takut akan azab dan hukuman yang akan diterimanya. Mereka berbuat baik dan mengajak manusia berbuat baik pula. Dua surga itu ialah: 1. Surga rohani di mana mereka mendapat keridaan Allah. Firman Allah: \n\nDan keridaan Allah lebih besar. Itulah kemenangan yang agung. (at-Taubah/9: 72) 2. Surga jasmani yang mereka peroleh sesuai dengan amal saleh yang mereka perbuat di dunia.",
          "47": "Ayat ini menerangkan bahwa Allah menyediakan dua surga bagi orang yang takut akan Tuhannya dan berkeyakinan bahwa mereka akan mendapat balasan atas perbuatannya. Bila tergerak hatinya akan berbuat maksiat, maka ia ingat akan Tuhan yang mengetahui segala sesuatu baik yang kelihatan maupun yang tersembunyi. Karena itu ia meninggalkan perbuatan itu, takut akan azab dan hukuman yang akan diterimanya. Mereka berbuat baik dan mengajak manusia berbuat baik pula. Dua surga itu ialah: 1. Surga rohani di mana mereka mendapat keridaan Allah. Firman Allah: \n\nDan keridaan Allah lebih besar. Itulah kemenangan yang agung. (at-Taubah/9: 72) 2. Surga jasmani yang mereka peroleh sesuai dengan amal saleh yang mereka perbuat di dunia.",
          "48": "Ayat ini menerangkan bahwa kedua surga itu mempunyai pohon-pohon yang rindang dan buah-buahan yang beraneka ragam coraknya, yang membuat mereka tambah bernafsu, tambah berselera untuk memakannya. Kemudian Allah berkata, \"Apakah kamu, hai manusia dan jin, mengingi",
          "49": "Ayat ini menerangkan bahwa pada saat itu Allah bertanya mengenai nikmat mana lagi yang kamu dustakan, terutama nikmat yang telah Allah berikan pada hari ini. Kabar derita dan peringatan pedih yang telah disampaikan-Nya, yaitu agar manusia meninggalkan dan menjauhi perbuatan dosa. Maka nikmat Tuhan kamu yang manakah yang kamu dustakan, hai manusia dan jin? Masing-masing mendapat ganjaran sebagaimana yang diterangkan Allah. Bukankah itu nikmat yang besar dan bagi kamu sekalian. (",
          "50": "Ayat ini menerangkan bahwa di kedua surga itu ada dua mata air mengalir, menyirami pohon-pohon yang bermacam-macam jenisnya. Air itu dialirkan ke mana saja mereka kehendaki. Salah satu dari mata air itu bernama at-tasnim dan satu lagi nama as-salsabil, sebagaimana firman Allah: \n\nDan campurannya dari tasnim, (yaitu) mata air yang diminum oleh mereka yang dekat dengan Allah. (al-Muthaffifin/83: 27-28) \n\nDan firman-Nya: Dan di sana mereka diberi segelas minuman bercampur jahe. (Yang didatangkan dari) sebuah mata air (di surga) yang dinamakan Salsabil. (al-Insan/76: 17-18)",
          "51": "Ayat ini menerangkan bahwa pada saat itu Allah bertanya mengenai nikmat mana lagi yang kamu dustakan, terutama nikmat yang telah Allah berikan pada hari ini. Kabar derita dan peringatan pedih yang telah disampaikan-Nya, yaitu agar manusia meninggalkan dan menjauhi perbuatan dosa. Maka nikmat Tuhan kamu yang manakah yang kamu dustakan, hai manusia dan jin? Masing-masing mendapat ganjaran sebagaimana yang diterangkan Allah. Bukankah itu nikmat yang besar dan bagi kamu sekalian. Oleh karena itu nikmat Tuhan mana lagi yang kamu dustakan hai jin dan manusia? Karena itu merupakan kenyataan yang tak dapat dipungkiri dan merupakan nikmat yang sungguh besar.",
          "52": "Ayat ini menerangkan bahwa pada kedua surga itu terdapat bermacam-macam buah-buahan basah dan kering, kedua-duanya sama lezatnya, berlainan dengan buah-buahan di dunia.",
          "53": "Ayat ini menerangkan bahwa pada saat itu Allah bertanya nikmat mana lagi yang kamu dustakan, terutama nikmat yang telah Allah berikan pada hari ini. Kabar derita dan peringatan pedih yang telah disampaikan-Nya, yaitu agar manusia meninggalkan dan menjauhi perbuatan dosa. Maka nikmat Tuhan kamu yang manakah yang kamu dustakan, hai manusia dan jin? Masing-masing mendapat ganjaran sebagaimana yang diterangkan Allah. Bukankah itu nikmat yang besar bagi kamu sekalian.",
          "54": "Ayat ini menerangkan tentang permadani atau kasur-kasur. Mereka duduk santai tidur di atas kasur yang sebelah dalamnya dari sutra yang tebal. Apabila keadaan sebelah dalamnya demikian indahnya, maka bayangkanlah bagaimana keadaan sebelah luarnya. Firman Allah: \n\nMaka tidak seorang pun mengetahui apa yang disembunyikan untuk mereka yaitu (bermacam-macam nikmat) yang menyenangkan hati sebagai balasan terhadap apa yang mereka kerjakan. (as-Sajdah/32: 17) Ibnu 'Abbas mengatakan bahwa Ini menunjukkan bagaimana bagusnya permadani-permadani dan besarnya kesenangan yang abadi yang mereka terima dari pahala-pahala yang diberikan kepada mereka. Buah-buahan dari kedua surga itu dekat kepada mereka bila mereka ingin memetiknya sebagaimana yang diutarakan oleh ayat-ayat lain yang sama-sama maksudnya: \n\nBuah-buahannya dekat. (al-haqqah/69: 23) \n\nDan firman-Nya: \n\nDan naungan (pepohonan)nya dekat di atas mereka dan dimudahkan semudah-mudahnya untuk memetik (buah)nya. (al-Insan/76: 14) \n\nBuah-buahannya tidak akan menghindar, bahkan akan merendah agar mudah dipetik.",
          "55": "Ayat ini menerangkan bahwa pada saat itu Allah bertanya nikmat mana lagi yang kamu dustakan, terutama nikmat yang telah Allah berikan pada hari ini. Kabar derita dan peringatan pedih yang telah disampaikan-Nya, yaitu agar manusia meninggalkan dan menjauhi perbuatan dosa. Maka nikmat Tuhan kamu yang manakah yang kamu dustakan, hai manusia dan jin? Masing-masing mendapat ganjaran sebagaimana yang diterangkan Allah. Bukankah itu nikmat yang besar bagi kamu sekalian.",
          "56": "Dalam ayat ini diterangkan bahwa di dalam surga ada bidadari-bidadari sopan yang menundukkan pandangannya, tidak mau memandang orang lain selain suaminya; tak akan ada manusia lebih baik dari mereka. Mereka masih gadis, perawan yang tidak pernah disentuh oleh manusia atau pun jin, sebelum penghunipenghuni surga yang masuk ke dalamnya menjadi suami mereka. Kalau demikian, maka nikmat Tuhan kamu yang manakah yang kamu dustakan? (",
          "57": "Ayat ini menerangkan bahwa pada saat itu Allah bertanya mengenai nikmat mana lagi yang kamu dustakan, terutama nikmat yang telah Allah berikan pada hari ini. Kabar derita dan peringatan pedih yang telah disampaikan-Nya, yaitu agar manusia meninggalkan dan menjauhi perbuatan dosa. Maka nikmat Tuhan kamu yang manakah yang kamu dustakan, hai manusia dan jin? Masing-masing mendapat ganjaran sebagaimana yang diterangkan Allah. Bukankah itu nikmat yang besar bagi kamu sekalian.",
          "58": "Ayat ini menerangkan bahwa bidadari itu bening sebagai permata yakut dan putih sebagai mutiara dan marjan. Ini adalah ungkapan dalam bahasa Arab yang maksudnya menyatakan bahwa bidadari itu sangat cantik dan rupawan.",
          "59": "Ayat ini menerangkan bahwa pada saat itu Allah bertanya nikmat mana lagi yang kamu dustakan, terutama nikmat yang telah Allah berikan pada hari ini. Kabar derita dan peringatan pedih yang telah disampaikan-Nya, yaitu agar manusia meninggalkan dan menjauhi perbuatan dosa. Maka nikmat Tuhan manakah yang kamu dustakan, hai manusia dan jin? Masing-masing mendapat ganjaran sebagaimana yang diterangkan Allah. Bukankah itu nikmat yang besar bagi kamu sekalian.",
          "60": "Dalam ayat ini Allah mengungkapkan bahwa tidak ada ganjaran bagi perbuatan yang baik kecuali kebaikan pula. Dalam ayat lain yang sama maksudnya Allah berfirman: \n\nBagi orang-orang yang berbuat baik, ada pahala yang terbaik (surga) dan tambahannya (kenikmatan melihat Allah). Dan wajah mereka tidak ditutupi debu hitam dan tidak (pula) dalam kehinaan. Mereka itulah penghuni surga, merek a kekal di dalamnya. (Yunus/10: 26) \n\nSehubungan dengan ayat 60 ini Ibnu Abi hatim\n\nDari Anas bin Malik bahwa Rasulullah membaca ayat (yang artinya), \"Tidak ada balasan kebaikan selain kebaikan,\" kemudian beliau bertanya, \"Apakah yang kalian ketahui dari firman Tuhan tersebut?\" Mereka menjawab, \"Allah dan Rasul-Nya lebih mengetahui.\" Nabi menjawab, \"Allah berfirman, 'Tidak ada balasan kebaikan bagi mereka yang Kuberi nikmat dengan mengesakan (Aku) kecuali surga.\" (Riwayat Ibnu Abi hatim, Ibnu Mardawaih, dan al-Baihaqi)",
          "61": "Ayat ini menerangkan bahwa pada saat itu Allah bertanya tentang nikmat mana lagi yang kamu dustakan, terutama nikmat yang telah Allah berikan pada hari ini. Allah juga mengingatkan tentang kabar derita dan peringatan pedih yang telah disampaikanNya, yaitu agar manusia meninggalkan dan menjauhi perbuatan dosa. Maka nikmat Tuhan kamu yang manakah yang kamu dustakan, hai manusia dan jin? Masing-masing mendapat ganjaran sebagaimana yang diterangkan Allah. Bukankah itu nikmat yang besar bagi kamu sekalian.",
          "62": "Dalam ayat ini Allah menerangkan bahwa selain dua surga yang tersebut terdahulu ada lagi dua surga yang disediakan untuk orang-orang mukmin dari golongan Ashsabul-yamin. Yaitu dua surga yang terdahulu diperuntukkan bagi golongan orang-orang yang terdahulu beriman dan dua surga yang lain diperuntukkan bagi golongan Ashabul-yamin dari orang yang beriman kemudian. Hal ini sesuai dengan sabda Rasulullah dalam hadisnya: Dua surga dari emas untuk Muqarrabin dan dua buah lagi surga dari perak untuk Ashabul-yamin.\" (Riwayat Ibnu Jarir, Ibnu Abi hatim, Ibnu Mardawaih dari Abu Musa) \n\nMaka nikmat Tuhan yang manakah yang masih didustakan oleh jin dan manusia?",
          "63": "Dalam ayat ini Allah menerangkan bahwa selain dua surga yang tersebut terdahulu ada lagi dua surga yang disediakan untuk orang-orang mukmin dari golongan Ashsabul-yamin. Yaitu dua surga yang terdahulu diperuntukkan bagi golongan orang-orang yang terdahulu beriman dan dua surga yang lain diperuntukkan bagi golongan Ashabul-yamin dari orang yang beriman kemudian. Hal ini sesuai dengan sabda Rasulullah dalam hadisnya: Dua surga dari emas untuk Muqarrabin dan dua buah lagi surga dari perak untuk Ashabul-yamin.\" (Riwayat Ibnu Jarir, Ibnu Abi hatim, Ibnu Mardawaih dari Abu Musa) \n\nMaka nikmat Tuhan yang manakah yang masih didustakan oleh jin dan manusia?",
          "64": "Di dalam dua surga yang lain itu terdapat tumbuhtumbuhan dan bunga-bungaan yang hijau tua warnanya. Maka nikmat Tuhan yang manakah yang didustakan oleh jin dan manusia?",
          "65": "Di dalam dua surga yang lain itu terdapat tumbuhtumbuhan dan bunga-bungaan yang hijau tua warnanya. Maka nikmat Tuhan yang manakah yang didustakan oleh jin dan manusia?",
          "66": "Ayat ini mengungkapkan bahwa di dalam surga ada dua mata air yang memancarkan air, berbeda dengan air pada surga yang terdahulu. Maka nikmat Tuhan yang manakah yang didustakan oleh jin dan manusia?",
          "67": "Ayat ini mengungkapkan bahwa di dalam surga ada dua mata air yang memancarkan air, berbeda dengan air pada surga yang terdahulu. Maka nikmat Tuhan yang manakah yang didustakan oleh jin dan manusia?",
          "68": "Ayat ini menerangkan bahwa pada kedua surga tersebut terdapat buah-buahan yang beraneka ragam cita rasanya di antaranya kurma dan delima. Disebutkannya kurma dan delima walaupun keduanya termasuk ke dalam jenis buah-buahan, karena ada perbedaan dengan buah-buahan yang lain sebab keduanya terdapat pada musim gugur dan musim dingin. Di samping itu kurma adalah buah-buahan bergizi, dan delima dapat dijadikan obat. Maka nikmat Allah yang manakah yang didustakan oleh jin dan manusia?",
          "69": "Ayat ini menerangkan bahwa pada kedua surga tersebut terdapat buah-buahan yang beraneka ragam cita rasanya di antaranya kurma dan delima. Disebutkannya kurma dan delima walaupun keduanya termasuk ke dalam jenis buah-buahan, karena ada perbedaan dengan buah-buahan yang lain sebab keduanya terdapat pada musim gugur dan musim dingin. Di samping itu kurma adalah buah-buahan bergizi, dan delima dapat dijadikan obat. Maka nikmat Allah yang manakah yang didustakan oleh jin dan manusia?",
          "70": "Ayat ini mengungkapkan bahwa di dalam surga-surga ada bidadari-bidadari yang baik budi pekertinya dan cantik rupanya. Maka nikmat Tuhan yang manakah yang didustakan oleh jin dan manusia?",
          "71": "Ayat ini mengungkapkan bahwa di dalam surga-surga ada bidadari-bidadari yang baik budi pekertinya dan cantik rupanya. Maka nikmat Tuhan yang manakah yang didustakan oleh jin dan manusia?",
          "72": "Ayat ini mengungkapkan bahwa bidadari-bidadari itu adalah perempuan yang baik akhlaknya dan cantik rupanya dengan mempunyai mata yang indah, manis, putih, bersih sekeliling hitamnya, dipingit di dalam rumah, bukan yang berkeliaran di jalanjalan",
          "73": "Ayat ini mengungkapkan bahwa bidadari-bidadari itu adalah perempuan yang baik akhlaknya dan cantik rupanya dengan mempunyai mata yang indah, manis, putih, bersih sekeliling hitamnya, dipingit di dalam rumah, bukan yang berkeliaran di jalanjalan",
          "74": "Ayat ini mengungkapkan bahwa bidadari itu tidak pernah disentuh oleh manusia atau pun jin sebelum datang penghuni surga yang menjadi suami mereka. Hanya suami-suami mereka inilah yang berhak menyentuh mereka. Pengulangan pernyataan ini, dimana sebelumnya telah disebutkan dalam ayat 56 Surah ar-Rahman ini, adalah untuk menunjukkan bahwa mereka sungguh suci dan kesucian mereka terpelihara sangat baik. Oleh karena itu, maka nikmat Tuhan yang manakah yang didustakan oleh jin dan manusia? (",
          "75": "Ayat ini mengungkapkan bahwa bidadari itu tidak pernah disentuh oleh manusia atau pun jin sebelum datang penghuni surga yang menjadi suami mereka. Hanya suami-suami mereka inilah yang berhak menyentuh mereka. Pengulangan pernyataan ini, dimana sebelumnya telah disebutkan dalam ayat 56 Surah ar-Rahman ini, adalah untuk menunjukkan bahwa mereka sungguh suci dan kesucian mereka terpelihara sangat baik. Oleh karena itu, maka nikmat Tuhan yang manakah yang didustakan oleh jin dan manusia? (",
          "76": "Ayat ini mengungkapkan bahwa penghuni-penghuni surga itu duduk santai di atas bantal-bantal yang hijau, besar-besar dan permadani-permadani yang indah-indah, indah rupanya dan indah tenunannya, dan di sebelah dalamnya terbuat dari sutra. Maka nikmat Tuhan yang manakah yang didustakan oleh jin dan manusia?",
          "77": "Ayat ini mengungkapkan bahwa penghuni-penghuni surga itu duduk santai di atas bantal-bantal yang hijau, besar-besar dan permadani-permadani yang indah-indah, indah rupanya dan indah tenunannya, dan di sebelah dalamnya terbuat dari sutra. Maka nikmat Tuhan yang manakah yang didustakan oleh jin dan manusia?",
          "78": "Ayat ini mengungkapkan bahwa, hanya Allah-lah yang mempunyai kebesaran dan karunia atas segala nikmat yang diberikan-Nya, nikmat yang sangat banyak dan ganjaran yang sangat berharga. Ini adalah pelajaran bagi hamba-Nya bahwa semuanya itu adalah rahmat-Nya. Dia yang menjadikan langit dan bumi, surga dan neraka, menyiksa orang-orang berdosa, memberi pahala kepada orang-orang yang menaati-Nya."
        }
      }
    }
  }
}