{
  "name": "Al-Hadid",
  "name_translations": {
    "ar": "الحديد",
    "en": "The Iron",
    "id": "Besi"
  },
  "number_of_ayah": 29,
  "number_of_surah": 57,
  "place": "Medina",
  "recitations": [{
    "name": "Mishari Rashid al-`Afasy",
    "audio_url": "https://download.quranicaudio.com/quran/mishaari_raashid_al_3afaasee/057.mp3"
  }, {
    "name": "Abdur-Rahman as-Sudais",
    "audio_url": "https://download.quranicaudio.com/quran/abdurrahmaan_as-sudays/057.mp3"
  }, {
    "name": "Saad al-Ghamdi",
    "audio_url": "https://download.quranicaudio.com/quran/sa3d_al-ghaamidi/complete/057.mp3"
  }],
  "type": "Madaniyah",
  "verses": [{
    "number": 1,
    "text": "بِسْمِ ٱللَّهِ ٱلرَّحْمَٰنِ ٱلرَّحِيمِ سَبَّحَ لِلَّهِ مَا فِى ٱلسَّمَٰوَٰتِ وَٱلْأَرْضِ وَهُوَ ٱلْعَزِيزُ ٱلْحَكِيمُ",
    "translation_en": "Whatever is in the heavens and earth exalts Allah, and He is the Exalted in Might, the Wise.",
    "translation_id": "Semua yang berada di langit dan yang berada di bumi bertasbih kepada Allah (menyatakan kebesaran Allah). Dan Dialah Yang Maha Perkasa lagi Maha Bijaksana."
  }, {
    "number": 2,
    "text": "لَهُۥ مُلْكُ ٱلسَّمَٰوَٰتِ وَٱلْأَرْضِ يُحْىِۦ وَيُمِيتُ وَهُوَ عَلَىٰ كُلِّ شَىْءٍ قَدِيرٌ",
    "translation_en": "His is the dominion of the heavens and earth. He gives life and causes death, and He is over all things competent.",
    "translation_id": "Kepunyaan-Nya-lah kerajaan langit dan bumi, Dia menghidupkan dan mematikan, dan Dia Maha Kuasa atas segala sesuatu."
  }, {
    "number": 3,
    "text": "هُوَ ٱلْأَوَّلُ وَٱلْءَاخِرُ وَٱلظَّٰهِرُ وَٱلْبَاطِنُ وَهُوَ بِكُلِّ شَىْءٍ عَلِيمٌ",
    "translation_en": "He is the First and the Last, the Ascendant and the Intimate, and He is, of all things, Knowing.",
    "translation_id": "Dialah Yang Awal dan Yang Akhir Yang Zhahir dan Yang Bathin; dan Dia Maha Mengetahui segala sesuatu."
  }, {
    "number": 4,
    "text": "هُوَ ٱلَّذِى خَلَقَ ٱلسَّمَٰوَٰتِ وَٱلْأَرْضَ فِى سِتَّةِ أَيَّامٍ ثُمَّ ٱسْتَوَىٰ عَلَى ٱلْعَرْشِ يَعْلَمُ مَا يَلِجُ فِى ٱلْأَرْضِ وَمَا يَخْرُجُ مِنْهَا وَمَا يَنزِلُ مِنَ ٱلسَّمَآءِ وَمَا يَعْرُجُ فِيهَا وَهُوَ مَعَكُمْ أَيْنَ مَا كُنتُمْ وَٱللَّهُ بِمَا تَعْمَلُونَ بَصِيرٌ",
    "translation_en": "It is He who created the heavens and earth in six days and then established Himself above the Throne. He knows what penetrates into the earth and what emerges from it and what descends from the heaven and what ascends therein; and He is with you wherever you are. And Allah, of what you do, is Seeing.",
    "translation_id": "Dialah yang menciptakan langit dan bumi dalam enam masa: Kemudian Dia bersemayam di atas 'Arsy. Dia mengetahui apa yang masuk ke dalam bumi dan apa yang keluar daripadanya dan apa yang turun dari langit dan apa yang naik kepada-Nya. Dan Dia bersama kamu di mana saja kamu berada. Dan Allah Maha Melihat apa yang kamu kerjakan."
  }, {
    "number": 5,
    "text": "لَّهُۥ مُلْكُ ٱلسَّمَٰوَٰتِ وَٱلْأَرْضِ وَإِلَى ٱللَّهِ تُرْجَعُ ٱلْأُمُورُ",
    "translation_en": "His is the dominion of the heavens and earth. And to Allah are returned [all] matters.",
    "translation_id": "Kepunyaan-Nya-lah kerajaan langit dan bumi. Dan kepada Allah-lah dikembalikan segala urusan."
  }, {
    "number": 6,
    "text": "يُولِجُ ٱلَّيْلَ فِى ٱلنَّهَارِ وَيُولِجُ ٱلنَّهَارَ فِى ٱلَّيْلِ وَهُوَ عَلِيمٌۢ بِذَاتِ ٱلصُّدُورِ",
    "translation_en": "He causes the night to enter the day and causes the day to enter the night, and he is Knowing of that within the breasts.",
    "translation_id": "Dialah yang memasukkan malam ke dalam siang dan memasukkan siang ke dalam malam. Dan Dia Maha Mengetahui segala isi hati."
  }, {
    "number": 7,
    "text": "ءَامِنُوا۟ بِٱللَّهِ وَرَسُولِهِۦ وَأَنفِقُوا۟ مِمَّا جَعَلَكُم مُّسْتَخْلَفِينَ فِيهِ فَٱلَّذِينَ ءَامَنُوا۟ مِنكُمْ وَأَنفَقُوا۟ لَهُمْ أَجْرٌ كَبِيرٌ",
    "translation_en": "Believe in Allah and His Messenger and spend out of that in which He has made you successors. For those who have believed among you and spent, there will be a great reward.",
    "translation_id": "Berimanlah kamu kepada Allah dan Rasul-Nya dan nafkahkanlah sebagian dari hartamu yang Allah telah menjadikan kamu menguasainya. Maka orang-orang yang beriman di antara kamu dan menafkahkan (sebagian) dari hartanya memperoleh pahala yang besar."
  }, {
    "number": 8,
    "text": "وَمَا لَكُمْ لَا تُؤْمِنُونَ بِٱللَّهِ وَٱلرَّسُولُ يَدْعُوكُمْ لِتُؤْمِنُوا۟ بِرَبِّكُمْ وَقَدْ أَخَذَ مِيثَٰقَكُمْ إِن كُنتُم مُّؤْمِنِينَ",
    "translation_en": "And why do you not believe in Allah while the Messenger invites you to believe in your Lord and He has taken your covenant, if you should [truly] be believers?",
    "translation_id": "Dan mengapa kamu tidak beriman kepada Allah padahal Rasul menyeru kamu supaya kamu beriman kepada Tuhanmu. Dan sesungguhnya Dia telah mengambil perjanjianmu jika kamu adalah orang-orang yang beriman."
  }, {
    "number": 9,
    "text": "هُوَ ٱلَّذِى يُنَزِّلُ عَلَىٰ عَبْدِهِۦٓ ءَايَٰتٍۭ بَيِّنَٰتٍ لِّيُخْرِجَكُم مِّنَ ٱلظُّلُمَٰتِ إِلَى ٱلنُّورِ وَإِنَّ ٱللَّهَ بِكُمْ لَرَءُوفٌ رَّحِيمٌ",
    "translation_en": "It is He who sends down upon His Servant [Muhammad] verses of clear evidence that He may bring you out from darknesses into the light. And indeed, Allah is to you Kind and Merciful.",
    "translation_id": "Dialah yang menurunkan kepada hamba-Nya ayat-ayat yang terang (Al-Quran) supaya Dia mengeluarkan kamu dari kegelapan kepada cahaya. Dan sesungguhnya Allah benar-benar Maha Penyantun lagi Maha Penyayang terhadapmu."
  }, {
    "number": 10,
    "text": "وَمَا لَكُمْ أَلَّا تُنفِقُوا۟ فِى سَبِيلِ ٱللَّهِ وَلِلَّهِ مِيرَٰثُ ٱلسَّمَٰوَٰتِ وَٱلْأَرْضِ لَا يَسْتَوِى مِنكُم مَّنْ أَنفَقَ مِن قَبْلِ ٱلْفَتْحِ وَقَٰتَلَ أُو۟لَٰٓئِكَ أَعْظَمُ دَرَجَةً مِّنَ ٱلَّذِينَ أَنفَقُوا۟ مِنۢ بَعْدُ وَقَٰتَلُوا۟ وَكُلًّا وَعَدَ ٱللَّهُ ٱلْحُسْنَىٰ وَٱللَّهُ بِمَا تَعْمَلُونَ خَبِيرٌ",
    "translation_en": "And why do you not spend in the cause of Allah while to Allah belongs the heritage of the heavens and the earth? Not equal among you are those who spent before the conquest [of Makkah] and fought [and those who did so after it]. Those are greater in degree than they who spent afterwards and fought. But to all Allah has promised the best [reward]. And Allah, with what you do, is Acquainted.",
    "translation_id": "Dan mengapa kamu tidak menafkahkan (sebagian hartamu) pada jalan Allah, padahal Allah-lah yang mempusakai (mempunyai) langit dan bumi? Tidak sama di antara kamu orang yang menafkahkan (hartanya) dan berperang sebelum penaklukan (Mekah). Mereka lebih tingi derajatnya daripada orang-orang yang menafkahkan (hartanya) dan berperang sesudah itu. Allah menjanjikan kepada masing-masing mereka (balasan) yang lebih baik. Dan Allah mengetahui apa yang kamu kerjakan."
  }, {
    "number": 11,
    "text": "مَّن ذَا ٱلَّذِى يُقْرِضُ ٱللَّهَ قَرْضًا حَسَنًا فَيُضَٰعِفَهُۥ لَهُۥ وَلَهُۥٓ أَجْرٌ كَرِيمٌ",
    "translation_en": "Who is it that would loan Allah a goodly loan so He will multiply it for him and he will have a noble reward?",
    "translation_id": "Siapakah yang mau meminjamkan kepada Allah pinjaman yang baik, maka Allah akan melipat-gandakan (balasan) pinjaman itu untuknya, dan dia akan memperoleh pahala yang banyak."
  }, {
    "number": 12,
    "text": "يَوْمَ تَرَى ٱلْمُؤْمِنِينَ وَٱلْمُؤْمِنَٰتِ يَسْعَىٰ نُورُهُم بَيْنَ أَيْدِيهِمْ وَبِأَيْمَٰنِهِم بُشْرَىٰكُمُ ٱلْيَوْمَ جَنَّٰتٌ تَجْرِى مِن تَحْتِهَا ٱلْأَنْهَٰرُ خَٰلِدِينَ فِيهَا ذَٰلِكَ هُوَ ٱلْفَوْزُ ٱلْعَظِيمُ",
    "translation_en": "On the Day you see the believing men and believing women, their light proceeding before them and on their right, [it will be said], \"Your good tidings today are [of] gardens beneath which rivers flow, wherein you will abide eternally.\" That is what is the great attainment.",
    "translation_id": "(yaitu) pada hari ketika kamu melihat orang mukmin laki-laki dan perempuan, sedang cahaya mereka bersinar di hadapan dan di sebelah kanan mereka, (dikatakan kepada mereka): \"Pada hari ini ada berita gembira untukmu, (yaitu) surga yang mengalir di bawahnya sungai-sungai, yang kamu kekal di dalamnya. Itulah keberuntungan yang besar\"."
  }, {
    "number": 13,
    "text": "يَوْمَ يَقُولُ ٱلْمُنَٰفِقُونَ وَٱلْمُنَٰفِقَٰتُ لِلَّذِينَ ءَامَنُوا۟ ٱنظُرُونَا نَقْتَبِسْ مِن نُّورِكُمْ قِيلَ ٱرْجِعُوا۟ وَرَآءَكُمْ فَٱلْتَمِسُوا۟ نُورًا فَضُرِبَ بَيْنَهُم بِسُورٍ لَّهُۥ بَابٌۢ بَاطِنُهُۥ فِيهِ ٱلرَّحْمَةُ وَظَٰهِرُهُۥ مِن قِبَلِهِ ٱلْعَذَابُ",
    "translation_en": "On the [same] Day the hypocrite men and hypocrite women will say to those who believed, \"Wait for us that we may acquire some of your light.\" It will be said, \"Go back behind you and seek light.\" And a wall will be placed between them with a door, its interior containing mercy, but on the outside of it is torment.",
    "translation_id": "Pada hari ketika orang-orang munafik laki-laki dan perempuan berkata kepada orang-orang yang beriman: \"Tunggulah kami supaya kami dapat mengambil sebahagian dari cahayamu\". Dikatakan (kepada mereka): \"Kembalilah kamu ke belakang dan carilah sendiri cahaya (untukmu)\". Lalu diadakan di antara mereka dinding yang mempunyai pintu. Di sebelah dalamnya ada rahmat dan di sebelah luarnya dari situ ada siksa."
  }, {
    "number": 14,
    "text": "يُنَادُونَهُمْ أَلَمْ نَكُن مَّعَكُمْ قَالُوا۟ بَلَىٰ وَلَٰكِنَّكُمْ فَتَنتُمْ أَنفُسَكُمْ وَتَرَبَّصْتُمْ وَٱرْتَبْتُمْ وَغَرَّتْكُمُ ٱلْأَمَانِىُّ حَتَّىٰ جَآءَ أَمْرُ ٱللَّهِ وَغَرَّكُم بِٱللَّهِ ٱلْغَرُورُ",
    "translation_en": "The hypocrites will call to the believers, \"Were we not with you?\" They will say, \"Yes, but you afflicted yourselves and awaited [misfortune for us] and doubted, and wishful thinking deluded you until there came the command of Allah. And the Deceiver deceived you concerning Allah.",
    "translation_id": "Orang-orang munafik itu memanggil mereka (orang-orang mukmin) seraya berkata: \"Bukankah kami dahulu bersama-sama dengan kamu?\" Mereka menjawab: \"Benar, tetapi kamu mencelakakan dirimu sendiri dan menunggu (kehancuran kami) dan kamu ragu-ragu serta ditipu oleh angan-angan kosong sehingga datanglah ketetapan Allah; dan kamu telah ditipu terhadap Allah oleh (syaitan) yang amat penipu."
  }, {
    "number": 15,
    "text": "فَٱلْيَوْمَ لَا يُؤْخَذُ مِنكُمْ فِدْيَةٌ وَلَا مِنَ ٱلَّذِينَ كَفَرُوا۟ مَأْوَىٰكُمُ ٱلنَّارُ هِىَ مَوْلَىٰكُمْ وَبِئْسَ ٱلْمَصِيرُ",
    "translation_en": "So today no ransom will be taken from you or from those who disbelieved. Your refuge is the Fire. It is most worthy of you, and wretched is the destination.",
    "translation_id": "Maka pada hari ini tidak diterima tebusan dari kamu dan tidak pula dari orang-orang kafir. Tempat kamu ialah neraka. Dialah tempat berlindungmu. Dan dia adalah sejahat-jahat tempat kembali\"."
  }, {
    "number": 16,
    "text": "أَلَمْ يَأْنِ لِلَّذِينَ ءَامَنُوٓا۟ أَن تَخْشَعَ قُلُوبُهُمْ لِذِكْرِ ٱللَّهِ وَمَا نَزَلَ مِنَ ٱلْحَقِّ وَلَا يَكُونُوا۟ كَٱلَّذِينَ أُوتُوا۟ ٱلْكِتَٰبَ مِن قَبْلُ فَطَالَ عَلَيْهِمُ ٱلْأَمَدُ فَقَسَتْ قُلُوبُهُمْ وَكَثِيرٌ مِّنْهُمْ فَٰسِقُونَ",
    "translation_en": "Has the time not come for those who have believed that their hearts should become humbly submissive at the remembrance of Allah and what has come down of the truth? And let them not be like those who were given the Scripture before, and a long period passed over them, so their hearts hardened; and many of them are defiantly disobedient.",
    "translation_id": "Belumkah datang waktunya bagi orang-orang yang beriman, untuk tunduk hati mereka mengingat Allah dan kepada kebenaran yang telah turun (kepada mereka), dan janganlah mereka seperti orang-orang yang sebelumnya telah diturunkan Al Kitab kepadanya, kemudian berlalulah masa yang panjang atas mereka lalu hati mereka menjadi keras. Dan kebanyakan di antara mereka adalah orang-orang yang fasik."
  }, {
    "number": 17,
    "text": "ٱعْلَمُوٓا۟ أَنَّ ٱللَّهَ يُحْىِ ٱلْأَرْضَ بَعْدَ مَوْتِهَا قَدْ بَيَّنَّا لَكُمُ ٱلْءَايَٰتِ لَعَلَّكُمْ تَعْقِلُونَ",
    "translation_en": "Know that Allah gives life to the earth after its lifelessness. We have made clear to you the signs; perhaps you will understand.",
    "translation_id": "Ketahuilah olehmu bahwa sesungguhnya Allah menghidupkan bumi sesudah matinya. Sesungguhnya Kami telah menjelaskan kepadamu tanda-tanda kebesaran (Kami) supaya kamu memikirkannya."
  }, {
    "number": 18,
    "text": "إِنَّ ٱلْمُصَّدِّقِينَ وَٱلْمُصَّدِّقَٰتِ وَأَقْرَضُوا۟ ٱللَّهَ قَرْضًا حَسَنًا يُضَٰعَفُ لَهُمْ وَلَهُمْ أَجْرٌ كَرِيمٌ",
    "translation_en": "Indeed, the men who practice charity and the women who practice charity and [they who] have loaned Allah a goodly loan - it will be multiplied for them, and they will have a noble reward.",
    "translation_id": "Sesungguhnya orang-orang yang membenarkan (Allah dan Rasul-Nya) baik laki-laki maupun perempuan dan meminjamkan kepada Allah pinjaman yang baik, niscaya akan dilipatgandakan (pembayarannya) kepada mereka; dan bagi mereka pahala yang banyak."
  }, {
    "number": 19,
    "text": "وَٱلَّذِينَ ءَامَنُوا۟ بِٱللَّهِ وَرُسُلِهِۦٓ أُو۟لَٰٓئِكَ هُمُ ٱلصِّدِّيقُونَ وَٱلشُّهَدَآءُ عِندَ رَبِّهِمْ لَهُمْ أَجْرُهُمْ وَنُورُهُمْ وَٱلَّذِينَ كَفَرُوا۟ وَكَذَّبُوا۟ بِـَٔايَٰتِنَآ أُو۟لَٰٓئِكَ أَصْحَٰبُ ٱلْجَحِيمِ",
    "translation_en": "And those who have believed in Allah and His messengers - those are [in the ranks of] the supporters of truth and the martyrs, with their Lord. For them is their reward and their light. But those who have disbelieved and denied Our verses - those are the companions of Hellfire.",
    "translation_id": "Dan orang-orang yang beriman kepada Allah dan Rasul-Nya, mereka itu orang-orang Shiddiqien dan orang-orang yang menjadi saksi di sisi Tuhan mereka. Bagi mereka pahala dan cahaya mereka. Dan orang-orang yang kafir dan mendustakan ayat-ayat Kami, mereka itulah penghuni-penghuni neraka."
  }, {
    "number": 20,
    "text": "ٱعْلَمُوٓا۟ أَنَّمَا ٱلْحَيَوٰةُ ٱلدُّنْيَا لَعِبٌ وَلَهْوٌ وَزِينَةٌ وَتَفَاخُرٌۢ بَيْنَكُمْ وَتَكَاثُرٌ فِى ٱلْأَمْوَٰلِ وَٱلْأَوْلَٰدِ كَمَثَلِ غَيْثٍ أَعْجَبَ ٱلْكُفَّارَ نَبَاتُهُۥ ثُمَّ يَهِيجُ فَتَرَىٰهُ مُصْفَرًّا ثُمَّ يَكُونُ حُطَٰمًا وَفِى ٱلْءَاخِرَةِ عَذَابٌ شَدِيدٌ وَمَغْفِرَةٌ مِّنَ ٱللَّهِ وَرِضْوَٰنٌ وَمَا ٱلْحَيَوٰةُ ٱلدُّنْيَآ إِلَّا مَتَٰعُ ٱلْغُرُورِ",
    "translation_en": "Know that the life of this world is but amusement and diversion and adornment and boasting to one another and competition in increase of wealth and children - like the example of a rain whose [resulting] plant growth pleases the tillers; then it dries and you see it turned yellow; then it becomes [scattered] debris. And in the Hereafter is severe punishment and forgiveness from Allah and approval. And what is the worldly life except the enjoyment of delusion.",
    "translation_id": "Ketahuilah, bahwa sesungguhnya kehidupan dunia ini hanyalah permainan dan suatu yang melalaikan, perhiasan dan bermegah-megah antara kamu serta berbangga-banggaan tentang banyaknya harta dan anak, seperti hujan yang tanam-tanamannya mengagumkan para petani; kemudian tanaman itu menjadi kering dan kamu lihat warnanya kuning kemudian menjadi hancur. Dan di akhirat (nanti) ada azab yang keras dan ampunan dari Allah serta keridhaan-Nya. Dan kehidupan dunia ini tidak lain hanyalah kesenangan yang menipu."
  }, {
    "number": 21,
    "text": "سَابِقُوٓا۟ إِلَىٰ مَغْفِرَةٍ مِّن رَّبِّكُمْ وَجَنَّةٍ عَرْضُهَا كَعَرْضِ ٱلسَّمَآءِ وَٱلْأَرْضِ أُعِدَّتْ لِلَّذِينَ ءَامَنُوا۟ بِٱللَّهِ وَرُسُلِهِۦ ذَٰلِكَ فَضْلُ ٱللَّهِ يُؤْتِيهِ مَن يَشَآءُ وَٱللَّهُ ذُو ٱلْفَضْلِ ٱلْعَظِيمِ",
    "translation_en": "Race toward forgiveness from your Lord and a Garden whose width is like the width of the heavens and earth, prepared for those who believed in Allah and His messengers. That is the bounty of Allah which He gives to whom He wills, and Allah is the possessor of great bounty.",
    "translation_id": "Berlomba-lombalah kamu kepada (mendapatkan) ampunan dari Tuhanmu dan surga yang luasnya seluas langit dan bumi, yang disediakan bagi orang-orang yang beriman kepada Allah dan Rasul-rasul-Nya. Itulah karunia Allah, diberikan-Nya kepada siapa yang dikehendaki-Nya. Dan Allah mempunyai karunia yang besar."
  }, {
    "number": 22,
    "text": "مَآ أَصَابَ مِن مُّصِيبَةٍ فِى ٱلْأَرْضِ وَلَا فِىٓ أَنفُسِكُمْ إِلَّا فِى كِتَٰبٍ مِّن قَبْلِ أَن نَّبْرَأَهَآ إِنَّ ذَٰلِكَ عَلَى ٱللَّهِ يَسِيرٌ",
    "translation_en": "No disaster strikes upon the earth or among yourselves except that it is in a register before We bring it into being - indeed that, for Allah, is easy -",
    "translation_id": "Tiada suatu bencanapun yang menimpa di bumi dan (tidak pula) pada dirimu sendiri melainkan telah tertulis dalam kitab (Lauhul Mahfuzh) sebelum Kami menciptakannya. Sesungguhnya yang demikian itu adalah mudah bagi Allah."
  }, {
    "number": 23,
    "text": "لِّكَيْلَا تَأْسَوْا۟ عَلَىٰ مَا فَاتَكُمْ وَلَا تَفْرَحُوا۟ بِمَآ ءَاتَىٰكُمْ وَٱللَّهُ لَا يُحِبُّ كُلَّ مُخْتَالٍ فَخُورٍ",
    "translation_en": "In order that you not despair over what has eluded you and not exult [in pride] over what He has given you. And Allah does not like everyone self-deluded and boastful -",
    "translation_id": "(Kami jelaskan yang demikian itu) supaya kamu jangan berduka cita terhadap apa yang luput dari kamu, dan supaya kamu jangan terlalu gembira terhadap apa yang diberikan-Nya kepadamu. Dan Allah tidak menyukai setiap orang yang sombong lagi membanggakan diri,"
  }, {
    "number": 24,
    "text": "ٱلَّذِينَ يَبْخَلُونَ وَيَأْمُرُونَ ٱلنَّاسَ بِٱلْبُخْلِ وَمَن يَتَوَلَّ فَإِنَّ ٱللَّهَ هُوَ ٱلْغَنِىُّ ٱلْحَمِيدُ",
    "translation_en": "[Those] who are stingy and enjoin upon people stinginess. And whoever turns away - then indeed, Allah is the Free of need, the Praiseworthy.",
    "translation_id": "(yaitu) orang-orang yang kikir dan menyuruh manusia berbuat kikir. Dan barangsiapa yang berpaling (dari perintah-perintah Allah) maka sesungguhnya Allah Dialah Yang Maha Kaya lagi Maha Terpuji."
  }, {
    "number": 25,
    "text": "لَقَدْ أَرْسَلْنَا رُسُلَنَا بِٱلْبَيِّنَٰتِ وَأَنزَلْنَا مَعَهُمُ ٱلْكِتَٰبَ وَٱلْمِيزَانَ لِيَقُومَ ٱلنَّاسُ بِٱلْقِسْطِ وَأَنزَلْنَا ٱلْحَدِيدَ فِيهِ بَأْسٌ شَدِيدٌ وَمَنَٰفِعُ لِلنَّاسِ وَلِيَعْلَمَ ٱللَّهُ مَن يَنصُرُهُۥ وَرُسُلَهُۥ بِٱلْغَيْبِ إِنَّ ٱللَّهَ قَوِىٌّ عَزِيزٌ",
    "translation_en": "We have already sent Our messengers with clear evidences and sent down with them the Scripture and the balance that the people may maintain [their affairs] in justice. And We sent down iron, wherein is great military might and benefits for the people, and so that Allah may make evident those who support Him and His messengers unseen. Indeed, Allah is Powerful and Exalted in Might.",
    "translation_id": "Sesungguhnya Kami telah mengutus rasul-rasul Kami dengan membawa bukti-bukti yang nyata dan telah Kami turunkan bersama mereka Al Kitab dan neraca (keadilan) supaya manusia dapat melaksanakan keadilan. Dan Kami ciptakan besi yang padanya terdapat kekuatan yang hebat dan berbagai manfaat bagi manusia, (supaya mereka mempergunakan besi itu) dan supaya Allah mengetahui siapa yang menolong (agama)Nya dan rasul-rasul-Nya padahal Allah tidak dilihatnya. Sesungguhnya Allah Maha Kuat lagi Maha Perkasa."
  }, {
    "number": 26,
    "text": "وَلَقَدْ أَرْسَلْنَا نُوحًا وَإِبْرَٰهِيمَ وَجَعَلْنَا فِى ذُرِّيَّتِهِمَا ٱلنُّبُوَّةَ وَٱلْكِتَٰبَ فَمِنْهُم مُّهْتَدٍ وَكَثِيرٌ مِّنْهُمْ فَٰسِقُونَ",
    "translation_en": "And We have already sent Noah and Abraham and placed in their descendants prophethood and scripture; and among them is he who is guided, but many of them are defiantly disobedient.",
    "translation_id": "Dan sesungguhnya Kami telah mengutus Nuh dan Ibrahim dan Kami jadikan kepada keturunan keduanya kenabian dan Al Kitab, maka di antara mereka ada yang menerima petunjuk dan banyak di antara mereka fasik."
  }, {
    "number": 27,
    "text": "ثُمَّ قَفَّيْنَا عَلَىٰٓ ءَاثَٰرِهِم بِرُسُلِنَا وَقَفَّيْنَا بِعِيسَى ٱبْنِ مَرْيَمَ وَءَاتَيْنَٰهُ ٱلْإِنجِيلَ وَجَعَلْنَا فِى قُلُوبِ ٱلَّذِينَ ٱتَّبَعُوهُ رَأْفَةً وَرَحْمَةً وَرَهْبَانِيَّةً ٱبْتَدَعُوهَا مَا كَتَبْنَٰهَا عَلَيْهِمْ إِلَّا ٱبْتِغَآءَ رِضْوَٰنِ ٱللَّهِ فَمَا رَعَوْهَا حَقَّ رِعَايَتِهَا فَـَٔاتَيْنَا ٱلَّذِينَ ءَامَنُوا۟ مِنْهُمْ أَجْرَهُمْ وَكَثِيرٌ مِّنْهُمْ فَٰسِقُونَ",
    "translation_en": "Then We sent following their footsteps Our messengers and followed [them] with Jesus, the son of Mary, and gave him the Gospel. And We placed in the hearts of those who followed him compassion and mercy and monasticism, which they innovated; We did not prescribe it for them except [that they did so] seeking the approval of Allah. But they did not observe it with due observance. So We gave the ones who believed among them their reward, but many of them are defiantly disobedient.",
    "translation_id": "Kemudian Kami iringi di belakang mereka dengan rasul-rasul Kami dan Kami iringi (pula) dengan Isa putra Maryam; dan Kami berikan kepadanya Injil dan Kami jadikan dalam hati orang-orang yang mengikutinya rasa santun dan kasih sayang. Dan mereka mengada-adakan rahbaniyyah padahal kami tidak mewajibkannya kepada mereka tetapi (mereka sendirilah yang mengada-adakannya) untuk mencari keridhaan Allah, lalu mereka tidak memeliharanya dengan pemeliharaan yang semestinya. Maka Kami berikan kepada orang-orang yang beriman di antara mereka pahalanya dan banyak di antara mereka orang-orang fasik."
  }, {
    "number": 28,
    "text": "يَٰٓأَيُّهَا ٱلَّذِينَ ءَامَنُوا۟ ٱتَّقُوا۟ ٱللَّهَ وَءَامِنُوا۟ بِرَسُولِهِۦ يُؤْتِكُمْ كِفْلَيْنِ مِن رَّحْمَتِهِۦ وَيَجْعَل لَّكُمْ نُورًا تَمْشُونَ بِهِۦ وَيَغْفِرْ لَكُمْ وَٱللَّهُ غَفُورٌ رَّحِيمٌ",
    "translation_en": "O you who have believed, fear Allah and believe in His Messenger; He will [then] give you a double portion of His mercy and make for you a light by which you will walk and forgive you; and Allah is Forgiving and Merciful.",
    "translation_id": "Hai orang-orang yang beriman (kepada para rasul), bertakwalah kepada Allah dan berimanlah kepada Rasul-Nya, niscaya Allah memberikan rahmat-Nya kepadamu dua bagian, dan menjadikan untukmu cahaya yang dengan cahaya itu kamu dapat berjalan dan Dia mengampuni kamu. Dan Allah Maha Pengampun lagi Maha Penyayang."
  }, {
    "number": 29,
    "text": "لِّئَلَّا يَعْلَمَ أَهْلُ ٱلْكِتَٰبِ أَلَّا يَقْدِرُونَ عَلَىٰ شَىْءٍ مِّن فَضْلِ ٱللَّهِ وَأَنَّ ٱلْفَضْلَ بِيَدِ ٱللَّهِ يُؤْتِيهِ مَن يَشَآءُ وَٱللَّهُ ذُو ٱلْفَضْلِ ٱلْعَظِيمِ",
    "translation_en": "[This is] so that the People of the Scripture may know that they are not able [to obtain] anything from the bounty of Allah and that [all] bounty is in the hand of Allah; He gives it to whom He wills. And Allah is the possessor of great bounty.",
    "translation_id": "(Kami terangkan yang demikian itu) supaya ahli Kitab mengetahui bahwa mereka tiada mendapat sedikitpun akan karunia Allah (jika mereka tidak beriman kepada Muhammad), dan bahwasanya karunia itu adalah di tangan Allah. Dia berikan karunia itu kepada siapa yang dikehendaki-Nya. Dan Allah mempunyai karunia yang besar."
  }],
  "tafsir": {
    "id": {
      "kemenag": {
        "name": "Kemenag",
        "source": "Aplikasi Quran Kementrian Agama Republik Indonesia",
        "text": {
          "1": "Pada ayat ini dijelaskan bahwa semua yang diciptakan Allah, baik yang berada di langit maupun yang berada di bumi seperti binatang, tumbuh-tumbuhan, batu dan lain-lain yang bernyawa atau pun tidak, seharusnya setiap waktu dengan tulus dan ikhlas bertasbih kepada-Nya, menyatakan kebesaran-Nya, dan mengakui bahwa Dia-lah yang Mahakuasa. Semuanya tunduk menyembah serta mematuhi segala perintah-Nya. Jika demikian, manusia sebagai makhluk yang dikaruniai akal seharusnya menyucikan Allah, melaksanakan perintah dan menjauhi larangan-Nya. Dalam ayat lain yang menunjukkan kedudukan makhluk, Allah berfirman: \n\nLangit yang tujuh, bumi dan semua yang ada di dalamnya bertasbih kepada Allah. Dan tidak ada sesuatu pun melainkan bertasbih dengan memuji-Nya, tetapi kamu tidak mengerti tasbih mereka. Sungguh, Dia Maha Penyantun, Maha Pengampun. (al-Isra'/17: 44) \n\nDia pulalah Yang Mahaperkasa, tidak ada sesuatu pun yang dapat menyaingi-Nya. Dia Mahabijaksana menciptakan, memerintah dan mengatur makhluk-Nya dengan peraturan yang sudah ditentukanNya, yang sesuai dengan kehendak-Nya.",
          "2": "Pada ayat ini diterangkan bahwa kepunyaan Allah kerajaan langit dan bumi. Dia-lah yang berkuasa melakukan sesuatu atas makhluk-Nya, menciptakan, menghidupkan dan mematikan, memberikan rezeki kepada siapa saja yang kehendaki-Nya, sesuai dengan keadaan yang dikehendaki-Nya. Dia-lah Yang Mahakuasa atas segala sesuatu. Apa yang dikehendaki-Nya pasti terjadi dan apa yang tidak dikehendaki-Nya tidak akan terjadi. Hal ini mengharuskan manusia beribadah dan meminta pertolongan kepadaNya.",
          "3": "Pada ayat ini Allah menyatakan bahwa Dialah Yang Awal, yang telah ada sebelum segala sesuatunya ada, karena Dia-lah yang menjadikannya, dan yang menciptakannya. Dia-lah Yang Â¨ahir, yang nyata adanya, karena banyaknya buktibukti tentang adanya. Dialah Yang Mahatinggi dari apa saja, tidak ada sesuatu pun yang lebih tinggi daripada-Nya. Dia-lah Yang Batin, Yang hakikat Zat-Nya tidak dapat digambarkan oleh akal. Dia mengetahui semua yang tersimpan, yang tidak nyata dan segala yang tersembunyi. Dia yang paling dekat kepada apa yang telah diciptakan-Nya. Tidak ada sesuatu pun yang lebih dekat kepada makhluk-Nya selain Dia; sebagaimana firmanNya: \n\nDan sungguh, Kami telah menciptakan manusia dan mengetahui apa yang dibisikkan oleh hatinya, dan Kami lebih dekat kepadanya daripada urat lehernya. (Qaf/50: 16) \n\nDalam hadis riwayat Ahmad dan Muslim dari Abu Hurairah: Fatimah datang kepada Nabi saw meminta seorang pembantu, lalu Nabi menyuruhnya berdoa, \"Ya Allah, Tuhan segala sesuatu, yang menurunkan kitab Taurat, Injil, dan Al-Qur'an, yang membelah bijibijian. Aku berlindung kepada-Mu dari kejelekan setiap sesuatu. Engkaulah yang mengaturnya. Engkaulah Zat yang awal yang tidak ada sebelum-Mu sesuatu apa pun, Engkaulah Zat yang akhir yang tidak ada sesudah-Mu sesuatu apa pun. Engkaulah adz-Â¨ahir yang tidak ada sesuatu pun di atas-Mu, dan Engkaulah al-Bathin yang tidak ada sesuatu apa pun di bawah-Mu. Lunasilah hutang kami dan cukupilah kebutuhan kami. (Riwayat Ahmad dan Muslim dari Abu Hurairah)",
          "4": "Pada ayat ini diterangkan bahwa Allah menciptakan langit dan bumi beserta semua yang terdapat pada keduanya. Dialah yang mengaturnya dengan sistem yang telah ditentukan-Nya dalam enam masa, lalu Dia bersemayam di atas 'Arsy yang sesuai dengan kebesaran dan kesucian-Nya. Dari sanalah diatur seluruh kerajaan dengan hikmat dan bijaksana. Dianugerahkan-Nya kepada sebagian hamba-hamba-Nya petunjuk-petunjuk yang dapat membawa mereka kepada jalan yang sempurna untuk mengabdi dan bersyukur kepadaNya sehingga mereka dapat hidup bahagia di dunia dan di akhirat. Dia mengetahui semua makhluk-Nya yang masuk ke dalam bumi, tidak ada sesuatu pun yang luput dari pengetahuan-Nya dan Dia pun mengetahui apa-apa yang keluar dari bumi, yang berupa tumbuhtumbuhan, tanam-tanaman dan buah-buahan serta benda yang berupa emas, perak, minyak bumi dan lain-lain sebagainya. Dalam ayat yang lain Allah berfirman: \n\nDan kunci-kunci semua yang gaib ada pada-Nya; tidak ada yang mengetahui selain Dia. Dia mengetahui apa yang ada di darat dan di laut. Tidak ada sehelai daun pun yang gugur yang tidak diketahui-Nya. Tidak ada sebutir biji pun dalam kegelapan bumi dan tidak pula sesuatu yang basah atau yang kering, yang tidak tertulis dalam Kitab yang nyata (Lauh Mahfudz). (al-An'am/6: 59) \n\nAllah mengetahui apa yang turun dari langit seperti hujan, malaikat dan amal perbuatan yang baik, sebagaimana firman Allah dalam ayat berikut ini: \n\nBarang siapa menghendaki kemuliaan, maka (ketahuilah) kemuliaan itu semuanya milik Allah. Kepada-Nyalah akan naik perkataanperkataan yang baik, dan amal kebajikan Dia akan mengangkatnya. Adapun orang-orang yang merencanakan kejahatan mereka akan mendapat azab yang sangat keras, dan rencana jahat mereka akan hancur. (Fathir/35: 10) \n\nAllah melihat segala perbuatan manusia di mana pun ia berada. Dia mengawasi manusia, mendengar perkataannya, mengetahui apaapa yang manusia sembunyikan dan yang tergerak dalam hatinya, sebagaimana firman Allah dalam ayat berikut ini: \n\nSama saja (bagi Allah), siapa di antaramu yang merahasiakan ucapannya dan siapa yang berterus terang dengannya; dan siapa yang bersembunyi pada malam hari dan yang berjalan pada siang hari. (ar-Ra'd/13: 10)",
          "5": "Pada ayat ini Allah menerangkan bahwa kerajaan langit dan bumi beserta segala yang berada pada keduanya adalah kepunyaanNya. Dialah yang mengatur keduanya dengan hikmat bijaksana dan keputusan-Nyalah yang berlaku atas keduanya sesuai dengan kehendak dan ketentuan-Nya, serta kepada-Nya semua makhluk dan segala urusan akan kembali. Sebagaimana firman-Nya di dalam ayatayat berikut ini: \n\nDan sesungguhnya milik Kamilah akhirat dan dunia itu. (al-Lail/92: 13) \n\nDan Allah berfirman: \n\nDan Dialah Allah, tidak ada tuhan (yang berhak disembah) selain Dia, segala puji bagi-Nya di dunia dan di akhirat, dan bagi-Nya segala penentuan dan kepada-Nya kamu dikembalikan. (al-Qasas/28: 70)",
          "6": "Pada ayat ini Allah menerangkan bahwa Dialah yang memasukkan malam ke dalam siang dan memasukkan siang ke dalam malam sesuai dengan kebijaksanaan dan ketentuan yang dikehendaki-Nya. Kadang-kadang siang lebih panjang dari malam, kadang-kadang malam lebih panjang dari siang serta kadang-kadang sama panjangnya. Dijadikan-Nya musim panas, musim dingin, musim semi dan musim gugur, yang bermanfaat bagi hamba-Nya, dan sesuai dengan rencana-Nya. Dia-lah yang mengetahui segala sesuatu yang tersembunyi sampai kepada benda yang paling kecil dan Dia juga mengetahui apa yang tergerak dalam hati dan keinginan hamba-Nya sebagaimana Ia dapat mengetahui perbuatan-perbuatan mereka yang baik dan yang buruk. Dengan ini Allah mendorong kita untuk berpikir secara mendalam dan teliti segala yang bermanfaat secara sungguh-sungguh lalu kemudian bersyukur atas karunia dan nikmat yang telah dianugerahkan-Nya yang memberikan keberuntungan bagi kita di dunia dan di akhirat.",
          "7": "Pada ayat ini Allah swt memerintahkan agar beriman kepadaNya dan rasul-Nya menafkahkan harta-harta yang mereka miliki, karena harta dan anak itu adalah titipan Allah pada seseorang, tentu saja pada suatu hari titipan tersebut akan diambil kembali. Syu'bah berkata, \"Aku mendengar Qatadah menceritakan tentang Muththarif yang menemui Nabi saw, beliau membaca Surah atTakatsur, lalu berkata: Manusia berkata, \"Hartaku, hartaku.\" Hartamu hanya yang telah engkau makan lalu habis, atau pakaian yang engkau pakai lalu menjadi usang, atau sesuatu yang engkau sedekahkan lalu menjadi kekal (tetap). Maka selain dari itu akan lenyap dan untuk orang lain. (Riwayat Muslim) \n\nKemudian Allah menerangkan bahwa orang-orang yang beriman kepada Allah membenarkan rasul-Nya serta menginfakkan hartaharta yang jatuh menjadi milik dari peninggalan orang terdahulu, mereka ini akan mendapat pahala yang besar yang tidak pernah dilihat dan tergores di hati.",
          "8": "Dalam ayat ini Allah mencela orang-orang yang tidak beriman dengan menyatakan, apakah alasan tidak beriman kepada Allah, sedangkan rasul-Nya berada di tengah-tengah kamu yang mengajakmu beriman dan mengesakan-Nya dengan mengemukakan bukti-bukti nyata. Mengenai keimanan manusia ini Nabi saw pernah bersabda: Menurut kalian, siapakah yang paling mengagumkan keimanannya? Mereka (para sahabat) menjawab, \"Malaikat.\" Nabi bersabda, \"Bagaimana mungkin mereka tidak beriman sedangkan mereka di sisi Tuhannya.\" Lalu mereka menjawab, \"Para Nabi.\" Nabi menjawab, \"Bagaimana mungkin mereka tidak beriman sedangkan mereka menerima wahyu.\" Lalu mereka berkata, \"Kalau begitu, kamilah orangnya.\" Nabi menjawab, \"Bagaimana mungkin kalian tidak akan beriman sedangkan aku berada di tengah-tengah kalian. Iman seseorang yang paling mengagumkan ialah mereka yang datang sesudah kalian, membaca Al-Qur'an dan mengimaninya.\" (Riwayat al-Bukhari) \n\nSelanjutnya Allah mencela orang-orang kafir, mengapa kamu tidak beriman, padahal Allah telah memperlihatkan bukti ketauhidan-Nya di alam semesta baik secara ratio maupun secara logika. Bumi, langit, laut, daratan dan semua ciptaan Allah yang kamu saksikan baik pada diri kamu maupun pada semua ciptaan-Nya adalah bukti yang nyata jika kamu benar-benar berpegang kepadaNya. Maksudnya adalah bukti wajib beriman kepada Allah dan RasulNya terdapat pada seluruh benda ciptaan-Nya serta para rasul telah membuktikan kebenaran dakwah mereka dan mukjizat-mukjizat, tetapi apa sebabnya lagi kamu tidak mau beriman?",
          "9": "Ayat ini menerangkan mengapa orang kafir tidak beriman padahal Allah telah mengutus rasul-Nya dengan membawa bukti yang nyata agar dapat mengeluarkan mereka dari kegelapan, kekafiran kepada nur iman dan dari alam kesesatan kepada petunjuk. Dengan rahmat-Nya pula maka manusia diajak memikirkan keajaiban ciptaan-Nya agar keimanan semakin sempurna.",
          "10": "Setelah Allah mencela mereka karena tidak mau beriman, maka pada ayat ini Allah mencela mereka karena tidak mau berinfak di jalan-Nya. Mengapa manusia tidak mau membelanjakan harta yang dikaruniai Allah pada jalan-Nya, sedangkan hartanya itu akan kembali kepada Allah. Bila ia tidak menginfakkan pada jalan-Nya berarti ia tidak yakin bahwa semua harta tersebut pada hakikatnya milik Allah, karena langit dan bumi serta semua isinya akan kembali kepada-Nya.",
          "11": "Setelah Allah mencela mereka karena tidak mau beriman, maka pada ayat ini Allah mencela mereka karena tidak mau berinfak di jalan-Nya. Mengapa manusia tidak mau membelanjakan harta yang dikaruniai Allah pada jalan-Nya, sedangkan hartanya itu akan kembali kepada Allah. Bila ia tidak menginfakkan pada jalan-Nya berarti ia tidak yakin bahwa semua harta tersebut pada hakikatnya milik Allah, karena langit dan bumi serta semua isinya akan kembali kepada-Nya. Allah memerintahkan kepada manusia menginfakkan hartanya pada jalan Allah sebelum mati, agar menjadi simpanan di sisi Allah. Hal yang demikian itu tidak dapat dilakukan manusia sesudah mati karena semua harta akan kembali kepada Allah Pemilik sekalian alam. Selanjutnya Allah swt menyatakan perbedaan derajat yang diperoleh orang-orang yang berinfak karena perbedaan kondisi dan situasi mereka dalam mengerjakannya. Bahwa derajat orang-orang yang berinfak dan hijrah sebelum pembebasan Mekah lebih tinggi dari derajat orang yang berinfak dan berhijrah sesudah itu, karena pada masa sebelum pembebasan Mekah manusia dalam keadaan susah dan selalu terancam. Tidak ada yang akan beriman dan berinfak kecuali orang-orang yang betul-betul sadar, tetapi sesudah pembebasan Mekah, Islam telah berkembang dan manusia berduyunduyun mengikutinya. Derajat mereka yang berjihad dan berinfak sebelum pembebasan Mekah lebih besar dari pahala yang diperoleh orang-orang yang berjihad dan berinfak sesudahnya. Qatadah berkata, \"Ada dua jihad, yang satu lebih tinggi nilainya dari yang lain, dan ada dua macam infak yang satu lebih utama dari yang lain; jihad dan infak sebelum pembebasan Mekah lebih utama dari jihad dan infak sesudahnya.\" Tetapi walau bagaimanapun untuk masing-masing yang berjihad dan berinfak sebelum atau sesudah pembebasan Mekah ada pahalanya meskipun terdapat perbedaan antara besar dan kecil pahala tersebut. Dalam ayat lain yang hampir sama maksudnya. Allah berfirman: \n\nTidaklah sama antara orang beriman yang duduk (yang tidak turut berperang) tanpa mempunyai uzur (halangan) dengan orang yang berjihad di jalan Allah dengan harta dan jiwanya. Allah melebihkan derajat orang-orang yang berjihad dengan harta dan jiwanya atas orang-orang yang duduk (tidak ikut berperang tanpa halangan). Kepada masing-masing, Allah menjanjikan (pahala) yang baik (surga) dan Allah melebihkan orang-orang yang berjihad atas orang yang duduk dengan pahala yang besar. (an-Nisa'/4: 95) Telah diriwayatkan, bahwa telah terjadi perselisihan kata antara Khalid bin al-Walid dengan 'Abdurrahman bin 'Auf, lalu Khalid berkata kepada Abdurrahman, \"Kamu menganggap dirimu lebih mulia daripada kami, karena kamu lebih dahulu menjadi pengikut Nabi Muhammad saw daripada kami.\" Kemudian ucapan Khalid itu diketahui oleh Nabi, lalu beliau bersabda Biarkan aku yang menilai sahabat-sahabatku. Demi Allah, yang nyawaku berada dalam kekuasaan-Nya, seandainya kamu menginfakkan emas sebesar bukit Uhud atau sebesar gunung tidak akan kamu mencapai pahala amal perbuatan mereka. (Riwayat Ahmad dari Anas) Janganlah kamu mencaci maki sahabat-sahabatku, demi Allah Tuhan yang nyawa Muhammad dalam kekuasaan-Nya, seandainya salah seorang dari kamu menginfakkan emas sebesar bukit Uhud, tidak akan ia mencapai satu mud yang mereka sedekahkan dan tidak pula separuhnya.\" (Riwayat al-Bukhari dan Muslim dari Abu Sa'id al-Khudri) \n\nAllah berfirman: Dan orang-orang yang terdahulu lagi yang pertama-tama (masuk Islam) di antara orang-orang Muhajirin dan Ansar dan orang-orang yang mengikuti mereka dengan baik, Allah rida kepada mereka dan mereka pun rida kepada Allah. Allah menyediakan bagi mereka surgasurga yang mengalir di bawahnya sungai-sungai. Mereka kekal di dalamnya selama-lamanya. Itulah kemenangan yang agung. (atTaubah/9: 100) \n\nSebagai penutup ayat ini, Allah memperingatkan bahwa Dia mengetahui semua keadaan manusia, lahir dan batin, karena itu Dia akan memberi balasan yang setimpal. Karena pengetahuan-Nya itu, maka Allah melebihkan pahala infak dan juga jihad sebelum pembebasan Mekah atas pahala infak dan berjihad sesudahnya, keikhlasan berinfak dan berjihad lebih berat dalam keadaan susah dan sulit. Dalam hal ini Abu Bakar adalah yang paling berbahagia karena beliau telah menafkahkan seluruh hartanya dalam rangka menuntut keridaan Allah semata.\n\n(11) Allah mengajak berinfak pada jalan-Nya serta menjanjikan kepada orang yang mau melakukannya. Siapa saja yang berinfak pada jalan Tuhannya dengan harapan mendapat pahala, maka Tuhannya akan melipatgandakan pahala infaknya itu dengan memberikan satu kebajikan menjadi tujuh ratus kali dan akan memperoleh balasan yang tidak terhingga di dalam surga. Ibnu Mas'ud berkata, \"Ketika sebelum ayat ini turun, Abu Dahdah al-Ansari bertanya kepada Nabi saw. \"Wahai Rasulullah, menurut pengertian saya, bahwa Allah sesungguhnya menghendaki pinjaman.\" \"Ya, benar, hai Abu Dahdah,\" jawab Nabi Muhammad saw. \"Ya Rasulullah ulurkanlah tanganmu,\" lalu dipegangnya tangan beliau sambil berkata, \"Ya Rasulullah kebun kurma saya kupinjamkan kepada Allah. Di dalamnya ada tujuh ratus batang kurma dan tinggal di sana istri Abu Dahdah bersama anak-anaknya lalu dikatakannya kepada istrinya. \"Keluarlah engkau dari kebun ini wahai istriku bersama anak-anakmu karena sesungguhnya aku telah meminjamkan kebun kita ini kepada Allah,\" istrinya menjawab, \"Sungguh benar kabarmu hai Abu Dahdah.\" Lalu keluarlah istri dan anak-anaknya dari kebun itu. Lalu Nabi Muhammad saw bersabda, \"Alangkah banyaknya mata air di dalam surga kepunyaan Abu Dahdah.\"",
          "12": "Pada ayat ini dijelaskan bahwa orang-orang Mukmin akan memperoleh pahala yang besar di akhirat, yaitu diberikan cahaya di hadapan dan dikanannya sesuai kadar amal saleh yang dilakukan, yang mengantarkan ke surga. Dalam sebuah hadis disebutkan: Mereka menerima cahayanya sesuai dengan kadar amalannya. Mereka melewati as-sirath. Di antara mereka ada yang cahayanya sebesar gunung, ada pula yang sebesar pohon kurma, sedangkan cahaya yang paling kecil sebesar jari ibu, kadang menyala kadang padam. (Riwayat Ibnu Jarir, Ibnu Mardawaih, dan al-Baihaqi) \n\nMereka membersihkan jiwa mereka dengan tauhid dan beramal saleh, tidak mempersekutukan-Nya, sehingga kembali kepada-Nya dengan jiwa yang ikhlas serta menerima buku catatan amal perbuatan mereka dengan tangan kanan, sebagaimana Allah menyatakan dalam firman-Nya: \n\nMaka adapun orang yang catatannya diberikan dari sebelah kanannya, maka dia akan diperiksa dengan pemeriksaan yang mudah, dan dia akan kembali kepada keluarganya (yang sama-sama beriman) dengan gembira. (al-Insyiqaq/84: 7-9) Ketika itu malaikat berkata kepada orang Mukmin, \"Bergembiralah kamu dengan memasuki surga yang mengalir di dalamnya sungai sebagai balasan yang setimpal dengan amal perbuatan kamu dan usaha kamu untuk menjauhkan diri dari syirik dan dosa, oleh karena zikirmu yang terus-menerus, maka berbahagialah kamu dalam amal perbuatanmu itu.\" Dalam ayat lain Allah menyatakan: \n\n(Yaitu) surga-surga 'Adn, mereka masuk ke dalamnya bersama dengan orang yang saleh dari nenek moyangnya, pasanganpasangannya, dan anak cucunya, sedang para malaikat masuk ke tempat-tempat mereka dari semua pintu; (sambil mengucapkan), \"Selamat sejahtera atasmu karena kesabaranmu.\" Maka alangkah nikmatnya tempat kesudahan itu. (ar-Ra'd/13: 23-24) Sebagai penutup ayat ini, Allah menyatakan bahwa kehebatan hidup dalam surga yang keadaannya telah diketahui orang Mukmin adalah suatu kemenangan besar yang diidam-idamkan, setelah mereka bebas dari siksa Allah. (",
          "13": "Setelah Allah menyatakan keadaan orang-orang Mukmin pada hari Kiamat. Pada ayat ini Allah mengungkapkan bahwa orang-orang munafik pada hari Kiamat itu berseru kepada orang-orang beriman yang mendapatkan keridaan-Nya dan menjadi penghuni surga. \"Tunggulah kami sehingga kita bersama menemui Allah serta biarkanlah mengambil sedikit dari cahaya kamu agar kami dapat keluar melalui sinar kamu dari azab yang pedih.\" Lalu permintaan ini dijawab dengan jawaban yang memutuskan harapan mereka serta menimbulkan kesedihan dan kesesalan, yaitu, \"Tetaplah kamu di mana kamu berada, carilah di sana cahaya dan jangan mengharapkannya dari kami apa yang telah kami perbuat untuk diri kami dari amal saleh, karena tidak akan memberi manfaat bagi seseorang kecuali amal saleh sendiri.\" Yang demikian itu adalah olokan terhadap mereka sebagaimana mereka memperolok-olokkan orang-orang Mukmin semasa di dunia ketika mereka berkata: Kami beriman, padahal mereka tidak beriman. Inilah yang dikehendaki dengan firman-Nya; Allah akan memperolok-olokkan mereka dan membiarkan mereka terombang-ambing dalam kesesatan. (al-Baqarah/2: 15) Maka untuk memberi balasan semua perbuatan mereka, ditetapkanlah bagian yang membatasi tempat orang-orang Mukmin dan orang-orang munafik. Bagian yang ditempati orang-orang Mukmin adalah surga yang penuh dengan kenikmatan, sebaliknya bagian yang ditempati oleh orang-orang munafik adalah neraka yang dipenuhi siksa.",
          "14": "Kemudian pada ayat ini Allah menyatakan peristiwa yang dialami orang-orang munafik di akhirat nanti, yaitu mereka berseru kepada orang-orang Mukmin dan mengatakan, \"Bukankah kami bersama-sama kamu semasa hidup di dunia?\" Lalu orang-orang Mukmin menjawab, \"Ya benar, kita sama-sama salat, berwukuf di Arafah, berperang dan mengerjakan kewajiban-kewajiban agama lainnya tetapi kamu berfoya-foya dengan kelezatan dan maksiat, ragu tentang hari kebangkitan, teperdaya oleh angan-angan sehingga kamu mengatakan bahwa dosa kamu akan diampuni Allah, karena bisikan setan yang mengatakan kepadamu bahwa Allah Maha Pengampun, dan Dia akan memaafkan dosa-dosamu.\" Maksudnya, sebenarnya kamu hai orang-orang munafik bersama kami di dunia hanya tubuhmu yang kasar saja, padahal jiwamu tidak bersama kami, tidak mempunyai ketegasan dalam pendirian maka kamu jarang sekali mengingat Allah.\"",
          "15": "Pada ayat ini Allah menjelaskan akibat tindakan orang-orang munafik. Mereka akan terus binasa dan tidak ada jalan untuk melepaskan diri dari neraka, yaitu jika salah seorang dari mereka ingin menebus dirinya dari azab dengan tebusan berupa emas sepenuh bumi, tidak juga akan diterima. Mereka tetap dilempar di dalam neraka sebab tidak ada tempat yang lebih layak bagi mereka selain itu. Dan itulah tempat yang paling buruk.",
          "16": "Pada ayat ini Allah menegur dan memperingatkan orangorang Mukmin tentang keadaan mereka yang berlalai-lalai. Belum datangkah waktunya bagi orang-orang Mukmin untuk mempunyai hati yang lembut, senantiasa mengingat Allah, suka mendengar dan memahami ajaran-ajaran agama mereka, taat dan patuh mengikuti petunjuk-petunjuk kebenaran yang telah diturunkan, yang terbentang di dalam Al-Qur'an Selanjutnya orang-orang Mukmin diperingatkan agar jangan sekali-kali meniru-niru orang-orang Yahudi dan Nasrani yang telah diberikan Kitab Taurat dan Injil. Sekalipun telah lama dan memakan waktu agak panjang, mereka belum juga mengikuti dan memahami ajaran mereka dan nabi-nabi mereka, sehingga hati mereka menjadi keras dan susah membantu, tidak lagi dapat menerima nasihat, tidak membekas pada diri mereka ancaman-ancaman yang ditujukan kepada mereka. Mereka mengubah Kitab yang ada di tangan mereka dan ajaran-ajaran Kitab mereka dilempar jauh-jauh. Pendeta dan pastur mereka jadikan tuhan selain Allah, membikin agama tanpa alasan. Kebanyakan mereka menjadi fasik, meninggalkan ajaranajaran mereka yang asli. Sejalan dengan ayat ini firman Allah: \n\n(Tetapi) karena mereka melanggar janjinya, maka Kami melaknat mereka, dan Kami jadikan hati mereka keras membatu. Mereka suka mengubah firman (Allah) dari tempatnya, dan mereka (sengaja) melupakan sebagian pesan yang telah diperingatkan kepada mereka. Engkau (Muhammad) senantiasa akan melihat pengkhianatan dari mereka kecuali sekelompok kecil di antara mereka (yang tidak berkhianat), maka maafkanlah mereka dan biarkan mereka. Sungguh, Allah menyukai orang-orang yang berbuat baik. (al-Ma'idah/5: 13)",
          "17": "Pada ayat ini Allah menerangkan bahwa Dia yang menghidupkan bumi sesudah mati. Allah melembutkan hati yang keras, memberi petunjuk manusia yang sesat, menghilangkan kesukaran yang menimpa dengan penjelasan dan petunjuk Al-Qur'an dengan nasihat dan pengajaran yang dapat melembutkan batu yang keras yakni hati yang kesat, sebagaimana menghidupkan dan menyuburkan tanah yang gersang membatu dengan hujan yang lebat. Demikianlah Allah telah menjelaskan agar manusia itu dapat memikirkan dan mempergunakan akalnya dengan sebaik-baiknya.",
          "18": "Pada ayat ini Allah menerangkan bahwa orang-orang yang membenarkan dan mempercayai Allah dan Rasul-Nya baik laki-laki dan perempuan dan meminjamkan kepada Allah pinjaman yang baik dengan jalan bersedekah dan mendermakan hartanya di jalan Allah dengan ikhlas, mengharap-harapkan rida-Nya semata-mata, tidak menghendaki balasan dan terima kasih, akan dilipatgandakan pembalasannya oleh Allah swt. Satu kebaikan yang dikerjakan dibalas dengan sepuluh kebaikan dan dilipatgandakan sampai tujuh ratus kali, dan bagi mereka itu pahala yang banyak dan tempat tinggal yang baik yaitu Jannatun na'im di akhirat.",
          "19": "Allah swt menerangkan bahwa orang-orang yang beriman dan mengakui keesaan Allah swt, membenarkan rasul-rasul-Nya, percaya kepada apa yang dibawa mereka dari sisi Tuhannya menurut penilaian Allah swt sederajat dengan orang-orang shiddiqin, yaitu orangorang yang amat teguh kepercayaannya kepada kebenaran Rasul, dan orang-orang yang mati syahid di jalan Allah. Bagi mereka pahala yang banyak dan cahaya yang terang benderang menerangi mereka. Sejalan dengan itu firman Allah: \n\nDan barang siapa menaati Allah dan Rasul (Muhammad), maka mereka itu akan bersama-sama dengan orang yang diberikan nikmat oleh Allah, (yaitu) para nabi, para pencinta kebenaran, orangorang yang mati syahid dan orang-orang saleh. Mereka itulah teman yang sebaik-baiknya. (an-Nisa'/4: 69) \n\nAdapun orang-orang kafir yang mendustakan alasan-alasan dan tanda-tanda yang menunjukkan keesaan Allah swt dan kebesaran rasul-Nya, mereka itu adalah penghuni neraka Jahim, kekal dan abadi di dalamnya. Sejalan dengan ini firman Allah: \n\nAdapun orang-orang yang kafir dan mendustakan ayat-ayat Kami, mereka itu penghuni neraka. Mereka kekal di dalamnya. (alBaqarah/2: 39)",
          "20": "Pada ayat ini Allah swt menjelaskan kepada manusia bahwa kehidupan dan kesenangan dunia hanyalah seperti mainan dan sesuatu yang lucu, menjadi bahan kelakar antara mereka, serta perhiasan untuk melengkapi dandanan mereka. Mereka berbanggabangga dengan harta dan keturunan yang dianugerahkan kepada mereka. Dunia yang sifatnya sementara, hanya berlangsung beberapa saat lalu hilang lenyap dan berakhirlah wujudnya. Keadaan ini tidak beda dengan bumi yang kena hujan lebat lalu menumbuhkan tanamantanaman yang mengagumkan para petani, menyebabkan mereka riang bermuka cerah dan merasa gembira. Kemudian berubah menjadi kering dan layu, hancur berguguran diterbangkan angin. Selanjutnya Allah swt menjelaskan bahwa di akhirat nanti ada azab pedih yang terus-menerus disediakan bagi orang-orang yang sangat mencintai dunia, meninggalkan amal-amal saleh, dan melibatkan dirinya ke dalam kemusyrikan dan penyembahan berhala. Di samping itu ada ampunan dari Allah dan keridaan-Nya yang dianugerahkan kepada orang-orang yang mensucikan dirinya dari dosa dan maksiat, merendahkan diri kepada Allah dan kembali kepada-Nya, taat dan patuh pada segenap perintah dan laranganNya. Ayat 20 ini, ditutup dengan satu ketegasan bahwa kehidupan dunia hanyalah kesenangan yang akan lenyap dan hilang serta menipu. Orang-orang yang condong kepada dunia akan tertipu dan teperdaya. Mereka menyangka bahwa kehidupan hanyalah di dunia ini, dan tidak ada lagi kehidupan sesudahnya.",
          "21": "Pada ayat ini Allah memerintahkan supaya manusia itu bersegera dan berlomba-lomba mengerjakan amal saleh untuk dapat memperoleh ampunan dari Allah dan mendapat surga di akhirat kelak, yang luasnya seluas langit dan bumi, yang dipersiapkan bagi orang-orang yang beriman, kepada Allah dan rasul-rasul-Nya, mengakui keesaan Allah membenarkan rasul-rasul-Nya. Semua yang dipersiapkan Allah bagi mereka, adalah karunia, rahmat dan anugerah daripada-Nya. Di dalam hadis yang diriwayatkan Imam Muslim dari Abu shalih dari Abu Hurairah dijelaskan sebagai berikut: Fakir miskin dari kalangan Muhajirin mengeluh, \"Wahai Rasulullah! Orang-orang kaya telah membawa pergi pahala, derajat yang tinggi dan nikmat yang tiada hingga.\" Rasulullah bertanya, \"Apa itu?\" Fakir miskin Muhajirin menjawab, \"Mereka (orang-orang kaya) salat sebagaimana kami salat, puasa sebagaimana kami puasa, tetapi mereka bersedekah sedangkan kami tidak, mereka memerdekakan budak sedangkan kami tidak (karena tidak mampu.)\" Nabi menjawab, \"Maukah kalian aku tunjukkan amalan yang apabila diamalkan niscaya kalian mendahului orang-orang sesudahmu serta tidak ada seorang pun yang lebih mulia darimu kecuali seseorang yang mengerjakan amalan seperti amalan kalian, yakni membaca tasbih, takbir, tahmid, tiga puluh tiga kali setiap selesai salat. Abu shalih (perawi) berkata, \"Kemudian fakir miskin Muhajirin itu kembali kepada Nabi seraya berkata, 'Saudara-saudara kita yang kaya itu telah mendengar amalan yang kita kerjakan lalu mereka mengamalkan apa yang kita amalkan. Lalu Nabi bersabda, 'Itu merupakan keutamaan Allah yang diberikan kepada orang yang ia kehendaki.\" (Riwayat Muslim dari Abu shalih dari Abu Hurairah) \n\nAyat ini ditutup dengan ketegasan bahwa Allah itu amat luas pemberian-Nya dan besar karunia-Nya. Dia memberikan orang yang dikehendaki-Nya apa saja menurut kehendak-Nya; dilapangkan rezekinya di dunia, dianugerahi bermacam-macam nikmat, diberitahu di mana ia harus bersyukur, kemudian dibalas di akhirat dengan balasan yang menyenangkan yaitu surga Jannatun Na'im.",
          "22": "Ayat ini menerangkan bahwa semua bencana dan malapetaka yang menimpa permukaan bumi, seperti gempa bumi, banjir dan bencana alam yang lain serta bencana yang menimpa manusia, seperti kecelakaan, penyakit dan sebagainya telah ditetapkan akan terjadi sebelumnya dan tertulis di Lauh Mahfudz, sebelum Allah menciptakan makhluk-Nya. Hal ini berarti tidak ada suatu pun yang terjadi di alam ini yang luput dari pengetahuan Allah dan tidak tertulis di Lauh Mahfudz. Menetapkan segala sesuatu yang akan terjadi itu adalah sangat mudah bagi Allah, karena Dia Maha Mengetahui segala sesuatu, baik yang telah ada maupun yang akan ada nanti, baik yang besar maupun yang kecil, yang tampak dan yang tidak tampak. Ayat ini merupakan peringatan sebagian kaum Muslimin yang masih percaya kepada tenung, suka meminta sesuatu kepada kuburan yang dianggap keramat, menanyakan sesuatu yang akan terjadi kepada dukun dan sebagainya. Hendaklah mereka hanya percaya kepada Allah saja, karena hanyalah Dia yang menentukan segala sesuatu. Mempercayai adanya kekuatan-kekuatan gaib, selain dari kekuasaan Allah termasuk memperserikatkan-Nya dengan makhluk ciptaan-Nya dan berarti tidak percaya kepada tauhid rububiyyah yang ada pada Allah. (",
          "23": "Pada ayat ini Allah swt menyatakan bahwa semua peristiwa itu ditetapkan sebelum terjadinya, agar manusia bersabar menerima cobaan Allah. Cobaan Allah itu adakalanya berupa kesengsaraan dan malapetaka, adakalanya berupa kesenangan dan kegembiraan. Karena itu janganlah terlalu bersedih hati menerima kesengsaraan dan malapetaka yang menimpa diri, sebaliknya jangan pula terlalu bersenang hati dan bergembira menerima sesuatu yang menyenangkan hati. Sikap yang paling baik ialah sabar dalam menerima bencana dan malapetaka yang menimpa serta bersyukur kepada Allah atas setiap menerima nikmat yang dianugerahkan-Nya. Ayat ini bukan untuk melarang kaum Muslimin bergembira dan bersedih hati, tetapi maksudnya ialah melarang kaum Muslimin bergembira dan bersedih hati dengan berlebih-lebihan. 'Ikrimah berkata, \"Tidak ada seorang pun melainkan ia dalam keadaan sedih dan gembira, tetapi hendaklah ia menjadikan kegembiraan itu sebagai tanda bersyukur kepada Allah dan kesedihan itu sebagai tanda bersabar.\" Pada akhir ayat ini ditegaskan bahwa orang yang terlalu bergembira menerima sesuatu yang menyenangkan hatinya dan terlalu bersedih hati menerima bencana yang menimpanya adalah orang yang pada dirinya terdapat tanda-tanda tabkhil dan angkuh, seakan-akan ia hanya memikirkan kepentingan dirinya saja. Allah swt menyatakan bahwa Dia tidak menyukai orang-orang yang mempunyai sifat-sifat bakhil dan angkuh.",
          "24": "Orang-orang yang mempunyai sifat sombong dan angkuh adalah orang yang bila memperoleh suatu nikmat, kesenangan atau harta, maka ia berpendapat bahwa semuanya itu diperolehnya semata-mata karena kesanggupan dan kepandaiannya sendiri. Karena berusaha, maka ia memperolehnya, bukan karena pertolongan dan anugerah Allah kepadanya. Kemudian setan membisik-bisikkan ketelinganya bahwa ia adalah orang-orang yang kuat dan mampu, tidak memerlukan pertolongan orang lain. Karena yakin akan kemampuan dirinya itu, ia merasa tidak mengindahkan orang lain dan memberi orang lain. Jika ia memberi dan mengindahkan orang lain ia akan menjadi miskin. Keyakinan itu disampaikan pula kepada orang lain dan menganjurkan orang lain berkeyakinan sepertinya pula, yaitu berlaku kikir agar tidak menjadi miskin. Pada ayat ini ditegaskan bahwa orang yang mempunyai sifat-sifat seperti di atas adalah orang-orang yang berpaling dari perintahperintah Allah. Allah memerintahkan agar manusia bersifat rendah hati, suka menolong sesamanya, membantu fakir miskin, berinfak di jalan Allah dan sebagainya, tetapi mereka menganjurkan dan berbuat sebaliknya. Allah menyatakan bahwa sikap dan tindakan mereka yang demikian itu tidak akan merugikan Allah sedikit pun, melainkan akan merugikan diri mereka sendiri, karena Allah tidak memerlukan sedikit pun harta dan pemberian mereka, tetapi merekalah yang memerlukannya. Allah Maha Terpuji karena Dialah yang melimpahkan nikmat kepada seluruh makhluk-Nya. Ayat lain yang sama artinya dengan ayat ini, ialah: Dan milik Allah-lah apa yang ada di langit dan apa yang ada di bumi, dan sungguh, Kami telah memerintahkan kepada orang yang diberi kitab suci sebelum kamu dan (juga) kepadamu agar bertakwa kepada Allah. Tetapi jika kamu ingkar, maka (ketahuilah), milik Allah-lah apa yang ada di langit dan apa yang ada di bumi, dan Allah Mahakaya, Maha Terpuji. (an-Nisa'/4: 131)",
          "25": "Allah menerangkan bahwa Dia telah mengutus para rasul kepada umat-umat-Nya dengan membawa bukti-bukti yang kuat untuk membuktikan kebenaran risalah-Nya. Di antara bukti-bukti itu, ialah mukjizat-mukjizat yang diberikan kepada para rasul. Di antara mukjizat tersebut seperti tidak terbakar oleh api sebagai mukjizat Nabi Ibrahim, mimpi yang benar sebagai mukjizat Nabi Yusuf, tongkat sebagai mukjizat Nabi Musa, Al-Qur'an sebagai mukjizat Nabi Muhammad saw dan sebagainya. Setiap rasul yang diutus itu bertugas menyampaikan agama Allah kepada umatnya. Ajaran agama itu adakalanya tertulis dalam sahifah-sahifah dan adakalanya termuat dalam suatu kitab, seperti Taurat, Zabur, Injil dan Al-Qur'an. Ajaran agama itu merupakan petunjuk bagi manusia untuk mencapai kebahagiaan hidup di dunia dan di akhirat. Sebagai dasar untuk mengatur dan membina masyarakat, maka setiap agama yang dibawa oleh para rasul itu mempunyai asas \"keadilan\". Keadilan itu wajib ditegakkan oleh para rasul dan pengikut-pengikutnya dalam masyarakat, yaitu keadilan penguasa terhadap rakyatnya, keadilan suami sebagai kepala rumah tangga, keadilan pemimpin atas yang dipimpinnya dan sebagainya, sehingga seluruh anggota masyarakat sama kedudukannya dalam hukum, sikap dan perlakuan. Di samping itu Allah swt menganugerahkan kepada manusia \"besi\" suatu karunia yang tidak terhingga nilai dan manfaatnya. Dengan besi dapat dibuat berbagai macam keperluan manusia, sejak dari yang besar sampai kepada yang kecil, seperti berbagai macam kendaraan di darat, di laut dan di udara, keperluan rumah tangga dan sebagainya. Dengan besi pula manusia dapat membina kekuatan bangsa dan negaranya, karena dari besi dibuat segala macam alat perlengkapan pertahanan dan keamanan negeri, seperti senapan, kendaraaan perang dan sebagainya. Tentu saja semuanya itu hanya diizinkan Allah menggunakannya untuk menegakkan agama-Nya, menegakkan keadilan dan menjaga keamanan negeri. Sebuah ensiklopedia sains modern menggambarkan unsur-unsur kimia yang ada di bumi kita ini mempunyai variasi yang menakjubkan, beberapa di antaranya susah ditemukan tapi ada juga yang berlimpah. Ada yang dapat dilihat oleh mata telanjang karena berbentuk cairan dan padatan, tetapi ada juga yang tak tampak karena berupa gas. Sekitar 300 tahun yang lalu hanya 12 unsur yang diketahui di antaranya adalah unsur Ferrum (Fe) yang bernomor atom 26 pada Tabel Susunan Berkala Unsur-Unsur. Fe ini lebih dikenal dengan sebutan besi. Besi merupakan salah satu unsur paling mudah ditemukan di Bumi. Diperkirakan 5% daripada kerak Bumi adalah besi. Kebanyakan besi ditemukan dalam bentuk oksida besi, seperti bahan galian hematit, magnetit dan takonit. Juga diduga keras permukaaan bumi banyak mengandung aloi logam besi-nikel. Konon unsur besi bukan unsur asli \"kepunyaan\" bumi tapi ia berasal dari luar bumi. Para pakar sependapat bahwa meteorit turut andil dalam pembentukan aloi besi-nikel yang ada di bumi. Barangkali, inilah \"cara\" Allah mendatangkan\" unsur besi ke permukaan bumi jauh sebelum manusia ada. Pada umumnya besi adalah logam yang diperoleh dari bijih besi, dan dijumpai bukan dalam keadaan bebas tetapi selalu dalam bentuk senyawa atau campuran dengan unsur-unsur yang lain. Karenanya untuk mendapatkan unsur besi, unsur lain harus dipisahkan yang biasanya dilakukan melalui proses kimia. Seperti dalam industri besi baja, besi banyak digunakan yakni dalam bentuk logam campuran (aloi). Jenis campuran ada yang terdiri dari logam-logam yang berlainan tetapi ada juga bahan campuran yang digunakan berasal dari nonlogam, misalnya karbon. Semuanya dilakukan dengan tujuan untuk mendapatkan kualitas yang diinginkan sesuai dengan kebutuhan dan dengan pertimbangan untuk menekan biaya produksi. Sifat fisis unsur Fe jika dipanaskan terus menerus maka sebelum mencair ia akan mengalami fasa pelelehan. Fasa dimana besi dalam keadaan padat tapi ia memiliki sifat lunak. Karenanya pada fasa atau keadaan ini besi mudah dibentuk walaupun hanya dengan menggunakan teknologi tradisional yang sederhana seperti teknologi pandai besi (black-smith). Dengan teknologi yang sederhana tadi maka dalam sejarah perkembangan manusia pemanfaatan besi telah digunakan banyak dalam aspek kehidupan manusia sehari-hari, termasuk juga untuk perang. Sayyid Quthub dalam tulisannya menguraikan, \"Allah menurunkan besi ' ¦yang padanya terdapat kekuatan yang hebat¦, yaitu kekuatan dalam perang dan damai. Kemudian '¦Dan supaya Allah mengetahui siapa yang menolong (agama)-Nya dan rasulrasul-Nya padahal Allah tidak dilihatnya¦ Penggalan ini mengisyaratkan jihad dengan senjata. Sebuah penyajian yang selaras dengan konteks surah yang tengah membicarakan pengorbanan dengan jiwa dan harta.\" Dalam pengetahuan biologi maka unsur besi (Fe) dalam bentuk zat besi juga amat dibutuhkan oleh semua makhluk organik, kecuali bagi sebagian kecil bakteria. Seperti dalam tubuh kita zat besi sangat diperlukan. Dalam tubuh manusia besi kebanyakan ditemukan dalam bentuk logamprotein (metalloprotein) yang stabil, jika tidak maka ia dapat menyebabkan timbulnya radikal bebas yang cenderung menjadi racun bagi sel. Dalam tubuh manusia zat besi terlibat dalam pembentukan sel“ sel darah merah. Sementara sel-sel darah merah sangat penting keberadaannya karena dialah yang membawa zat asam (oksigen) dari paru-paru ke seluruh jaringan-jaringan yang ada dalam tubuh kita. Jaringan hidup memerlukan persediaan zat asam. Lebih giat suatu jaringan maka semakin banyak ia membutuhkan zat asam. Kekurangan zat besi dalam darah dapat menyebabkan anemia, mungkin jumlah sel darah merahnya atau karena hemoglogin (bahan yang berisi zat besi berwarna merah yang dapat mengangkut zat asam) dalam sel darah merah berkurang dari biasanya. Allah swt menerangkan bahwa Dia berbuat yang demikian itu agar Dia mengetahui siapa di antara hamba-hamba-Nya yang mengikuti dan menolong agama yang disampaikan para rasul yang diutus-Nya dan siapa yang mengingkarinya. Dengan anugerah itu Allah ingin menguji manusia dan mengetahui sikap manusia terhadap nikmat-Nya. Manusia yang taat dan tunduk kepada Allah akan melakukan semua yang disampaikan para rasul itu, karena ia yakin bahwa semua perbuatan, sikap dan isi hatinya diketahui Allah, walaupun ia tidak melihat Allah mengawasi dirinya. Pada akhir ayat ini Allah swt menegaskan kepada manusia bahwa Dia Mahakuat, tidak ada sesuatu pun yang mengalahkan-Nya, bahwa Dia Mahaperkasa dan tidak seorang pun yang dapat mengelakkan diri dari hukuman yang telah ditetapkan-Nya.",
          "26": "Allah menerangkan bahwa Dia telah mengutus Nuh sebagai rasul kepada kaumnya, kemudian Dia mengutus Ibrahim sebagai rasul kepada kaum yang lain. Diterangkan pula bahwa para rasul yang datang kemudian setelah kedua orang rasul itu, semuanya berasal dari keturunan mereka berdua, tidak ada seorang pun daripada rasul yang diutus Allah yang bukan dari keturunan mereka berdua. Hal ini dapat dibuktikan kebenarannya sampai kepada rasul terakhir Nabi Muhammad saw. Diterangkan bahwa tidak semua keturunan Nuh dan Ibrahim beriman kepada Allah, di antara mereka ada yang beriman, tetapi kebanyakan dari mereka tidak beriman, mereka adalah orang-orang yang fasik, yang mengurangi, menambah dan mengubah agama yang dibawa oleh para rasul sesuai dengan keinginan hawa nafsu mereka. Dari ayat ini dipahami bahwa belum tentu seseorang hamba yang saleh kemudian anaknya menjadi hamba yang saleh pula, tetapi banyak tergantung kepada bagaimana cara seseorang mendidik dan membesarkan anaknya. Ayat ini juga merupakan peringatan keras dari Allah kepada orang-orang yang telah beriman dan mengikuti para rasul yang diutus kepada mereka, tetapi mereka tidak mengikuti ajaran yang dibawa para rasul itu.",
          "27": "Demikianlah Allah mengutus para rasul, kemudian diiringi pula oleh rasul-rasul yang sesudahnya, untuk menyampaikan agamaNya kepada manusia, sehingga tidak ada alasan bagi manusia di akhirat untuk mengatakan, mengapa mereka diazab padahal kepada mereka tidak diutus seorang rasul pun. Dalam ayat ini Allah mengkhususkan keterangan tentang Isa karena banyak pengikut-pengikutnya yang fasik, yaitu mengubahubah, menambah dan mengurangi ajaran-ajaran yang disampaikan Isa. Diterangkan bahwa Isa adalah putra Maryam, diberikan kepadanya Kitab Injil, berisi pokok ajaran yang agar dijadikan petunjuk oleh kaumnya dalam mencapai kebahagiaan hidup di dunia dan di akhirat dan sebagai penyempurnaan ajaran Allah yang terdapat dalam kitab Taurat yang telah diturunkan kepada Nabi Musa sebelumnya. Kemudian diterangkan sifat-sifat pengikut Nabi Isa: 1. Allah swt menjadikan dalam hati mereka rasa saling menyantuni sesama mereka, mereka berusaha menghindarkan kebinasaan yang datang kepada mereka dan saudara-saudara mereka serta berusaha memperbaiki kebinasaan yang terjadi pada mereka. 2. Antara sesama mereka terdapat hubungan kasih sayang dan menginginkan kebaikan pada diri mereka. Sekalipun mereka telah mempunyai sifat-sifat terpuji dan baik seperti yang diajarkan Nabi Isa, tetapi mereka melakukan kefasikan, yaitu mengada-adakan rahbaniyyah, dengan menetapkan ketentuan larangan kawin bagi pendeta-pendeta mereka, padahal perkawinan termasuk sunah Allah yang ditetapkan bagi makhluk-Nya. Mereka menetapkan rabbaniyah itu dengan maksud mendekatkan diri kepada Allah, tetapi Allah tidak pernah menetapkannya. Karena itu mereka adalah orang yang suka mengada-adakan sesuatu yang bertentangan dengan sunatullah, yaitu tidak mensyariatkan perkawinan bagi pendeta-pendeta mereka yang tujuannya untuk melanjutkan keturunan dan menjaga kelangsungan hidup manusia. Perbuatan fasik lain yang mereka lakukan, ialah mereka telah mengubah, menambah dan mengurangi agama yang dibawa Nabi Isa, yang terdapat dalam Injil, karena memperturutkan hawa nafsu mereka. Pada akhir ayat ini Allah menegaskan bahwa Dia akan memberikan pahala yang berlipat-ganda kepada orang-orang yang beriman, mengikuti syariat yang dibawa para rasul, tidak mengadaadakan yang bukan-bukan dan tidak pula menambah dan mengubah kitab-kitab-Nya. Sedang kepada orang-orang fasik itu akan ditimpakan azab yang sangat berat.",
          "28": "Allah swt memerintahkan kepada Bani Israil yang telah beriman kepada Isa bin Maryam sebagai rasul dan utusan-Nya agar beriman kepada Muhammad saw yang datang sesudah itu, mengikuti perintah-perintah dan menghentikan larangan-larangan-Nya yang terdapat di dalam Al-Qur'an dan Hadis. Perintah ini pada hakikatnya menguatkan perintah Allah yang terdapat dalam Injil yang diturunkan kepada Nabi Isa. Jika Bani Israil mengikuti perintah Allah swt, maka Allah menjanjikan kepada mereka pahala dua kali lipat dari pahala yang akan diterima orang-orang yang beriman kepada Nabi Muhammad saw saja. Di samping itu akan mengampuni dosa-dosa mereka, karena Dia mengampuni dosa-dosa orang-orang yang dikehendakiNya. Jika yang dijanjikan Allah kepada pengikut Nabi Isa dan mereka beriman pula kepada Muhammad ialah: 1. Mereka akan dianugerahi pahala dua kali lipat. 2. Mereka akan diterangi cahaya petunjuk dalam menghadapi kesengsaraan dan malapetaka di hari Kiamat dan dalam menuju surga yang penuh kenikmatan. 3. Allah swt mengampuni dosa-dosa yang telah mereka perbuat. \n\nDalam hadis di bawah ini diterangkan orang-orang yang akan memperoleh pahala dua kali lipat, yaitu: Diriwayatkan oleh asy- Sya'biy dari Abu Burdah dari bapaknya Abu Musa al-Asy'ari, ia berkata, \"Rasulullah saw bersabda, 'Tiga macam orang yang diberi pahala dua kali lipat, yaitu ahli kitab yang beriman kepada nabinya dan beriman pula kepadaku, maka baginya dua pahala, dan budak yang menunaikan hak Allah dan hak tuannya maka baginya dua pahala, dan orang yang mendidik budak perempuannya dengan baik kemudian dimerdekakan dan dikawini, maka baginya dua pahala pula.\" (Riwayat al-Bukhari dan Muslim)",
          "29": "Pada ayat ini Allah menolak pendapat Bani Israil yang mengatakan bahwa rasul-rasul dan nabi-nabi itu hanyalah diangkat dari keturunan mereka saja. Allah mengangkat Nabi Muhammad saw bukan dari keturunan Bani Israil, agar mereka mengetahui bahwa hanya Dia yang menentukan segala sesuatu dan yang akan memperoleh pahala dua kali lipat itu hanyalah ahli kitab yang beriman kepada Muhammad saw saja, jika mereka tidak beriman kepada Nabi Muhammad saw mereka tidak akan mendapat pahala sedikit pun. Pada akhir ayat ini Allah menerangkan bahwa Dia mempunyai karunia yang tidak terhingga banyaknya, yang akan dianugerahkan kepada orang-orang yang dikehendaki-Nya."
        }
      }
    }
  }
}