{
  "name": "Al-Munafiqun",
  "name_translations": {
    "ar": "المنافقون",
    "en": "The Hypocrites",
    "id": "Orang-Orang Munafik"
  },
  "number_of_ayah": 11,
  "number_of_surah": 63,
  "place": "Medina",
  "recitations": [{
    "name": "Mishari Rashid al-`Afasy",
    "audio_url": "https://download.quranicaudio.com/quran/mishaari_raashid_al_3afaasee/063.mp3"
  }, {
    "name": "Abdur-Rahman as-Sudais",
    "audio_url": "https://download.quranicaudio.com/quran/abdurrahmaan_as-sudays/063.mp3"
  }, {
    "name": "Saad al-Ghamdi",
    "audio_url": "https://download.quranicaudio.com/quran/sa3d_al-ghaamidi/complete/063.mp3"
  }],
  "type": "Madaniyah",
  "verses": [{
    "number": 1,
    "text": "بِسْمِ ٱللَّهِ ٱلرَّحْمَٰنِ ٱلرَّحِيمِ إِذَا جَآءَكَ ٱلْمُنَٰفِقُونَ قَالُوا۟ نَشْهَدُ إِنَّكَ لَرَسُولُ ٱللَّهِ وَٱللَّهُ يَعْلَمُ إِنَّكَ لَرَسُولُهُۥ وَٱللَّهُ يَشْهَدُ إِنَّ ٱلْمُنَٰفِقِينَ لَكَٰذِبُونَ",
    "translation_en": "When the hypocrites come to you, [O Muhammad], they say, \"We testify that you are the Messenger of Allah.\" And Allah knows that you are His Messenger, and Allah testifies that the hypocrites are liars.",
    "translation_id": "Apabila orang-orang munafik datang kepadamu, mereka berkata: \"Kami mengakui, bahwa sesungguhnya kamu benar-benar Rasul Allah\". Dan Allah mengetahui bahwa sesungguhnya kamu benar-benar Rasul-Nya; dan Allah mengetahui bahwa sesungguhnya orang-orang munafik itu benar-benar orang pendusta."
  }, {
    "number": 2,
    "text": "ٱتَّخَذُوٓا۟ أَيْمَٰنَهُمْ جُنَّةً فَصَدُّوا۟ عَن سَبِيلِ ٱللَّهِ إِنَّهُمْ سَآءَ مَا كَانُوا۟ يَعْمَلُونَ",
    "translation_en": "They have taken their oaths as a cover, so they averted [people] from the way of Allah. Indeed, it was evil that they were doing.",
    "translation_id": "Mereka itu menjadikan sumpah mereka sebagai perisai, lalu mereka menghalangi (manusia) dari jalan Allah. Sesungguhnya amat buruklah apa yang telah mereka kerjakan."
  }, {
    "number": 3,
    "text": "ذَٰلِكَ بِأَنَّهُمْ ءَامَنُوا۟ ثُمَّ كَفَرُوا۟ فَطُبِعَ عَلَىٰ قُلُوبِهِمْ فَهُمْ لَا يَفْقَهُونَ",
    "translation_en": "That is because they believed, and then they disbelieved; so their hearts were sealed over, and they do not understand.",
    "translation_id": "Yang demikian itu adalah karena bahwa sesungguhnya mereka telah beriman, kemudian menjadi kafir (lagi) lalu hati mereka dikunci mati; karena itu mereka tidak dapat mengerti."
  }, {
    "number": 4,
    "text": "وَإِذَا رَأَيْتَهُمْ تُعْجِبُكَ أَجْسَامُهُمْ وَإِن يَقُولُوا۟ تَسْمَعْ لِقَوْلِهِمْ كَأَنَّهُمْ خُشُبٌ مُّسَنَّدَةٌ يَحْسَبُونَ كُلَّ صَيْحَةٍ عَلَيْهِمْ هُمُ ٱلْعَدُوُّ فَٱحْذَرْهُمْ قَٰتَلَهُمُ ٱللَّهُ أَنَّىٰ يُؤْفَكُونَ",
    "translation_en": "And when you see them, their forms please you, and if they speak, you listen to their speech. [They are] as if they were pieces of wood propped up - they think that every shout is against them. They are the enemy, so beware of them. May Allah destroy them; how are they deluded?",
    "translation_id": "Dan apabila kamu melihat mereka, tubuh-tubuh mereka menjadikan kamu kagum. Dan jika mereka berkata kamu mendengarkan perkataan mereka. Mereka adalah seakan-akan kayu yang tersandar. Mereka mengira bahwa tiap-tiap teriakan yang keras ditujukan kepada mereka. Mereka itulah musuh (yang sebenarnya) maka waspadalah terhadap mereka; semoga Allah membinasakan mereka. Bagaimanakah mereka sampai dipalingkan (dari kebenaran)?"
  }, {
    "number": 5,
    "text": "وَإِذَا قِيلَ لَهُمْ تَعَالَوْا۟ يَسْتَغْفِرْ لَكُمْ رَسُولُ ٱللَّهِ لَوَّوْا۟ رُءُوسَهُمْ وَرَأَيْتَهُمْ يَصُدُّونَ وَهُم مُّسْتَكْبِرُونَ",
    "translation_en": "And when it is said to them, \"Come, the Messenger of Allah will ask forgiveness for you,\" they turn their heads aside and you see them evading while they are arrogant.",
    "translation_id": "Dan apabila dikatakan kepada mereka: Marilah (beriman), agar Rasulullah memintakan ampunan bagimu, mereka membuang muka mereka dan kamu lihat mereka berpaling sedang mereka menyombongkan diri."
  }, {
    "number": 6,
    "text": "سَوَآءٌ عَلَيْهِمْ أَسْتَغْفَرْتَ لَهُمْ أَمْ لَمْ تَسْتَغْفِرْ لَهُمْ لَن يَغْفِرَ ٱللَّهُ لَهُمْ إِنَّ ٱللَّهَ لَا يَهْدِى ٱلْقَوْمَ ٱلْفَٰسِقِينَ",
    "translation_en": "It is all the same for them whether you ask forgiveness for them or do not ask forgiveness for them; never will Allah forgive them. Indeed, Allah does not guide the defiantly disobedient people.",
    "translation_id": "Sama saja bagi mereka, kamu mintakan ampunan atau tidak kamu mintakan ampunan bagi mereka. Sesungguhnya Allah tidak memberi petunjuk kepada orang-orang yang fasik."
  }, {
    "number": 7,
    "text": "هُمُ ٱلَّذِينَ يَقُولُونَ لَا تُنفِقُوا۟ عَلَىٰ مَنْ عِندَ رَسُولِ ٱللَّهِ حَتَّىٰ يَنفَضُّوا۟ وَلِلَّهِ خَزَآئِنُ ٱلسَّمَٰوَٰتِ وَٱلْأَرْضِ وَلَٰكِنَّ ٱلْمُنَٰفِقِينَ لَا يَفْقَهُونَ",
    "translation_en": "They are the ones who say, \"Do not spend on those who are with the Messenger of Allah until they disband.\" And to Allah belongs the depositories of the heavens and the earth, but the hypocrites do not understand.",
    "translation_id": "Mereka orang-orang yang mengatakan (kepada orang-orang Anshar): \"Janganlah kamu memberikan perbelanjaan kepada orang-orang (Muhajirin) yang ada disisi Rasulullah supaya mereka bubar (meninggalkan Rasulullah)\". Padahal kepunyaan Allah-lah perbendaharaan langit dan bumi, tetapi orang-orang munafik itu tidak memahami."
  }, {
    "number": 8,
    "text": "يَقُولُونَ لَئِن رَّجَعْنَآ إِلَى ٱلْمَدِينَةِ لَيُخْرِجَنَّ ٱلْأَعَزُّ مِنْهَا ٱلْأَذَلَّ وَلِلَّهِ ٱلْعِزَّةُ وَلِرَسُولِهِۦ وَلِلْمُؤْمِنِينَ وَلَٰكِنَّ ٱلْمُنَٰفِقِينَ لَا يَعْلَمُونَ",
    "translation_en": "They say, \"If we return to al-Madinah, the more honored [for power] will surely expel therefrom the more humble.\" And to Allah belongs [all] honor, and to His Messenger, and to the believers, but the hypocrites do not know.",
    "translation_id": "Mereka berkata: \"Sesungguhnya jika kita telah kembali ke Madinah, benar-benar orang yang kuat akan mengusir orang-orang yang lemah dari padanya\". Padahal kekuatan itu hanyalah bagi Allah, bagi Rasul-Nya dan bagi orang-orang mukmin, tetapi orang-orang munafik itu tiada mengetahui."
  }, {
    "number": 9,
    "text": "يَٰٓأَيُّهَا ٱلَّذِينَ ءَامَنُوا۟ لَا تُلْهِكُمْ أَمْوَٰلُكُمْ وَلَآ أَوْلَٰدُكُمْ عَن ذِكْرِ ٱللَّهِ وَمَن يَفْعَلْ ذَٰلِكَ فَأُو۟لَٰٓئِكَ هُمُ ٱلْخَٰسِرُونَ",
    "translation_en": "O you who have believed, let not your wealth and your children divert you from remembrance of Allah. And whoever does that - then those are the losers.",
    "translation_id": "Hai orang-orang beriman, janganlah hartamu dan anak-anakmu melalaikan kamu dari mengingat Allah. Barangsiapa yang berbuat demikian maka mereka itulah orang-orang yang merugi."
  }, {
    "number": 10,
    "text": "وَأَنفِقُوا۟ مِن مَّا رَزَقْنَٰكُم مِّن قَبْلِ أَن يَأْتِىَ أَحَدَكُمُ ٱلْمَوْتُ فَيَقُولَ رَبِّ لَوْلَآ أَخَّرْتَنِىٓ إِلَىٰٓ أَجَلٍ قَرِيبٍ فَأَصَّدَّقَ وَأَكُن مِّنَ ٱلصَّٰلِحِينَ",
    "translation_en": "And spend [in the way of Allah] from what We have provided you before death approaches one of you and he says, \"My Lord, if only You would delay me for a brief term so I would give charity and be among the righteous.\"",
    "translation_id": "Dan belanjakanlah sebagian dari apa yang telah Kami berikan kepadamu sebelum datang kematian kepada salah seorang di antara kamu; lalu ia berkata: \"Ya Rabb-ku, mengapa Engkau tidak menangguhkan (kematian)ku sampai waktu yang dekat, yang menyebabkan aku dapat bersedekah dan aku termasuk orang-orang yang saleh?\""
  }, {
    "number": 11,
    "text": "وَلَن يُؤَخِّرَ ٱللَّهُ نَفْسًا إِذَا جَآءَ أَجَلُهَا وَٱللَّهُ خَبِيرٌۢ بِمَا تَعْمَلُونَ",
    "translation_en": "But never will Allah delay a soul when its time has come. And Allah is Acquainted with what you do.",
    "translation_id": "Dan Allah sekali-kali tidak akan menangguhkan (kematian) seseorang apabila telah datang waktu kematiannya. Dan Allah Maha Mengenal apa yang kamu kerjakan."
  }],
  "tafsir": {
    "id": {
      "kemenag": {
        "name": "Kemenag",
        "source": "Aplikasi Quran Kementrian Agama Republik Indonesia",
        "text": {
          "1": "Allah menerangkan bahwa apabila orang-orang munafik hadir pada majelis Nabi saw, di antaranya 'Abdullah bin Ubay, mereka mengakui dengan pengakuan yang tidak mengandung keraguan sedikit pun bahwa Muhammad saw itu benar-benar rasul dari sisi Allah, telah diberi wahyu, dan diturunkan kepadanya kitab Al-Qur'an sebagai rahmat kepada hamba-hamba Allah. Allah sebelumnya telah menandaskan bahwa Muhammad itu adalah rasul atau utusan-Nya kepada manusia seluruhnya, memberi kabar gembira dan ancaman untuk menyelamatkan mereka dari kesesatan, dan membawa mereka kepada petunjuk yang benar. Allah mengetahui kebohongan orang-orang munafik itu di dalam pengakuannya. Mereka itu benar-benar lain di mulut lain di hati. Orang munafik adalah orang yang beriman secara lahiriah, tetapi tidak secara batiniah.",
          "2": "Pada ayat ini, Allah menerangkan bahwa dalam menguatkan pengakuannya yang palsu itu, orang-orang munafik itu berani bersumpah, tetapi hal itu hanya sebagai perisai untuk menyelamatkan diri dari hukuman bunuh, penahanan, atau pengambilan harta benda mereka sebagai ganimah, sebagaimana hukuman yang dijatuhkan kepada orang-orang kafir. Qatadah berkata, \"Setiap akan dijatuhi hukuman terhadap orang-orang munafik atas perbuatannya, mereka mengemukakan sumpah palsu untuk menyelamatkan jiwa, darah, dan harta benda mereka.\" Tindakan mereka tidak terbatas dengan hal itu saja. Mereka juga menghalang-halangi manusia untuk masuk dan menganut agama Islam. \n\nAyat ini ditutup dengan satu ketegasan bahwa perbuatan orang-orang munafik itu adalah perbuatan yang paling jahat. Mereka lebih suka memilih kekafiran daripada iman, dan menampakkan apa yang berbeda dalam hatinya. Di dunia mereka akan kecewa dan di akhirat akan menyesal. Mereka akan dihina di depan khalayak ramai dengan menyatakan kemunafikan mereka kepada orang-orang mukmin di dunia ini. Sedangkan di akhirat, mereka akan dimasukkan ke dalam neraka Jahanam. Sejalan dengan ayat ini firman Allah:\n\nSungguh, orang-orang munafik itu (ditempatkan) pada tingkatan yang paling bawah dari neraka. Dan kamu tidak akan mendapat seorang penolong pun bagi mereka. (an-Nisa'/4: 145)\n\nFirman Allah:\n\nAllah menjanjikan (mengancam) orang-orang munafik laki-laki dan perempuan dan orang-orang kafir dengan neraka Jahanam. Mereka kekal di dalamnya. Cukuplah (neraka) itu bagi mereka. Allah melaknat mereka; dan mereka mendapat azab yang kekal. (at-Taubah/9: 68)",
          "3": "Pada ayat ini, Allah menerangkan bahwa perbuatan jahat dan hina orang-orang munafik itu adalah karena mereka itu menampakkan iman pada lahiriahnya, kemudian mereka kafir dan ingkar dalam batinnya. Mereka itu tadinya memang beriman, lalu mereka kafir dan menyembunyikan kekafirannya yang menyebabkan hati mereka dikunci mati sehingga tidak dapat lagi memahami dan mengetahui mana yang baik, mana yang buruk, dan sebagainya. Akhirnya mereka itu tidak ada bedanya dengan orang-orang yang bisu, tuli, dan buta, sebagaimana disebutkan di dalam firman Allah:\n\nDan perumpamaan bagi (penyeru) orang yang kafir adalah seperti (penggembala) yang meneriaki (binatang) yang tidak mendengar selain panggilan dan teriakan. (Mereka) tuli, bisu, dan buta, maka mereka tidak mengerti. (al-Baqarah/2: 171)",
          "4": "Pada ayat ini, Allah menerangkan bahwa orang-orang munafik itu terlihat sangat menakjubkan. Tubuh mereka tegap-tegap, simpatik, dan lancar berbicara serta mengasyikkan. Apabila mereka berkata, orang senang mendengarnya karena tutur bahasanya yang teratur, menarik, dan tidak membosankan. Mereka tidak ubahnya seperti kayu yang tersandar, benda yang mempunyai bentuk, tetapi tidak bernyawa. Ini biasa dipakai sebagai perumpamaan bagi orang yang kelihatannya bagus, tetapi amal perbuatannya jelek. Lahiriahnya elok, tetapi hatinya busuk, tidak ubahnya dengan kayu yang di dalamnya kosong melompong, kelihatannya indah, tetapi tidak dapat digunakan, tidak dapat diharapkan daripadanya hal yang baik dan bermanfaat. \n\nSetiap ada kata-kata yang sifatnya amar ma'ruf nahi mungkar, mereka menyangka bahwa kata-kata itu ditujukan kepadanya. Mereka takut kalau-kalau kedudukan dan pangkatnya terancam dan rahasianya terbongkar. Cercaan dan cemoohan terhadap mereka akan datang dan mereka akan menjadi bulan-bulanan. Allah berfirman:\n\nMereka kikir terhadapmu. Apabila datang ketakutan (bahaya), kamu lihat mereka itu memandang kepadamu dengan mata yang terbalik-balik seperti orang yang pingsan karena akan mati, dan apabila ketakutan telah hilang, mereka mencaci kamu dengan lidah yang tajam. (al-Ahzab/33: 19)\n\nMereka itu sebenarnya adalah musuh, karena itu berhati-hatilah menghadapinya, jangan terpengaruh dengan keramah-tamahan mereka, dan jangan termakan dengan bujuk rayu mereka. Mereka kelihatan tersenyum, tetapi di dalam hatinya terpendam dendam yang mendalam, iktikad jahat yang membawa maut. Mereka itu dilaknat Allah dan jauh dari rahmat-Nya, karena perbuatan mereka yang sangat jahat. Penerangan dan penjelasan tentang kebenaran telah cukup diberikan kepada mereka, tetapi mereka itu membuang kebenaran itu, dan melaksanakan kebatilan yang dilarang oleh Allah",
          "5": "Orang-orang munafik itu apabila diajak mendatangi Rasulullah saw agar beliau memintakan ampunan kepada Allah atas dosa-dosa yang telah diperbuat, mereka itu menolak mentah-mentah ajakan itu. Mereka memalingkan mukanya dengan gaya yang menunjukkan keangkuhan dan kesombongan. Hal ini disebutkan pula dalam firman Allah:\n\nDan apabila dikatakan kepada mereka, “Marilah (patuh) kepada apa yang telah diturunkan Allah dan (patuh) kepada Rasul,” (niscaya) engkau (Muhammad) melihat orang munafik menghalangi dengan keras darimu. (an-Nisa'/4: 61)",
          "6": "Allah menerangkan bahwa bagi orang-orang munafik, dimintakan ampunan atau tidak, sama saja. Allah tidak akan mengampuni mereka. Dia telah menetapkan mereka termasuk orang-orang yang celaka karena perbuatan mereka yang bergelimang dosa dan menunjukkan dengan jelas kemunafikan serta keingkaran di dalam hati mereka yang disembunyikan. Allah tidak akan memberi petunjuk kepada orang-orang fasik yang kerjanya hanya berbuat jahat, tidak memperhatikan nasihat-nasihat yang baik, dan tidak akan menyadari peringatan yang diberikan kepadanya. Perkataannya penuh kebohongan dan keingkaran yang keterlaluan, sebagaimana Allah berfirman:\n\nSungguh, Allah tidak memberi petunjuk kepada pendusta dan orang yang sangat ingkar. (az-Zumar/39: 3)\n\nFirman Allah:\n\nSesungguhnya Allah tidak memberi petunjuk kepada orang yang melampaui batas dan pendusta. (Gafir/40: 28)\n\nDan firman Allah:\n\n(Sama saja) engkau (Muhammad) memohonkan ampunan bagi mereka atau tidak memohonkan ampunan bagi mereka. Walaupun engkau memohonkan ampunan bagi mereka tujuh puluh kali, Allah tidak akan memberi ampunan kepada mereka. Yang demikian itu karena mereka ingkar (kafir) kepada Allah dan rasul-Nya. Dan Allah tidak memberi petunjuk kepada orang-orang yang fasik. (at-Taubah/9: 80)",
          "7": "Allah menjelaskan bahwa orang-orang munafik itu selalu menganjurkan agar orang-orang Ansar tidak memberi nafkah kepada orang-orang Muhajirin yang datang bersama-sama Muhammad saw dari Mekah dan membiarkan mereka menderita kelaparan, sehingga mereka akan meninggalkan Nabi saw. Anjuran dan anggapan orang-orang munafik itu keliru. Mereka tidak mengetahui bahwa semua yang ada di langit dan di bumi adalah kepunyaan Allah. Di tangan-Nya-lah kunci perbendaharaan rezeki manusia. Tidak seorang pun yang dapat memberikan sesuatu kepada yang lain kecuali dengan kehendak-Nya. Mereka tidak mau memahami sunatullah yang berlaku bagi makhluk-makhluk-Nya. Allah telah menjamin rezeki hamba-hamba-Nya di mana pun mereka berada. Setiap mereka bekerja dan berusaha, mereka akan memperoleh rezekinya.",
          "8": "Pada ayat ini, Allah menerangkan bahwa 'Abdullah bin Ubay dan pengikut-pengikutnya merencanakan apabila kembali ke Medinah dari peperangan Bani Musthaliq, mereka akan mengusir orang-orang mukmin dari Medinah. Mereka merasa dan menganggap bahwa merekalah yang kuat, perkasa, dan mulia, sedangkan orang-orang mukmin itu lemah dan hina. Mereka tidak menyadari bahwa kekuatan, keperkasaan, dan kemuliaan berada di tangan Allah dan rasul-Nya, serta orang-orang mukmin yang telah dimuliakan-Nya. \n\nDiriwayatkan bahwa 'Abdullah putra 'Abdullah bin Ubay adalah orang yang benar-benar beriman. Ia pernah mencabut pedang mengancam ayahnya, 'Abdullah bin Ubay, ketika mereka sudah dekat di Medinah dan berkata, \"Demi Allah, saya tidak akan memasukkan pedangku ini ke dalam sarungnya, sehingga engkau mengucapkan, 'Bahwa Muhammad itulah yang mulia dan sayalah yang hina.\" 'Abdullah putra 'Abdullah bin Ubay tetap pada sikapnya, sehingga ayahnya mengucapkan pengakuan tersebut yaitu Muhammadlah yang mulia dan dia yang hina. \n\nOrang-orang munafik tidak mengetahui bahwa sesungguhnya kemuliaan itu ada pada Allah, rasul-Nya, dan orang-orang mukmin. Kemenangan terakhir ada pada orang-orang yang bertakwa dan Allah akan memberi pertolongan kepada orang-orang yang menegakkan agama-Nya, sebagaimana diterangkan dalam ayat lain:\n\nAllah telah menetapkan, \"Aku dan rasul-rasul-Ku pasti menang.\" Sungguh, Allah Mahakuat, Mahaperkasa. (al-Mujadalah/58: 21)",
          "9": "Allah mengingatkan bahwa kesibukan mengurus harta benda dan memperhatikan persoalan anak-anak jangan membuat manusia lalai dari kewajibannya kepada Allah atau bahkan tidak menunaikannya. Hendaknya perhatian mereka terhadap dunia dan akhirat seimbang, sebagaimana tertuang dalam sebuah riwayat:\n\nBeramallah (amalan duniawi) seperti amalan seseorang yang mengira bahwa ia tidak akan meninggal selama-lamanya. Namun, waspadalah seperti kewaspadaan seseorang yang akan meninggal besok. (Riwayat al-Baihaqi dari Abdullah bin Ibnu 'Amru bin al-'As)\n\nDalam hadis lain, Nabi bersabda:\n\nBukanlah orang yang terbaik di antara kamu seseorang yang meninggalkan (kepentingan) dunianya karena akhirat, dan sebaliknya meninggalkan (kepentingan) akhiratnya karena urusan dunianya, sehingga ia mendapatkan (bagian) keduanya sekaligus, ini dikarenakan kehidupan dunia merupakan wasilah yang menyampaikan ke kehidupan akhirat dan janganlah kamu menjadi beban terhadap orang lain. (Riwayat Ibnu 'Asakir dari Anas bin Malik) \n\nDi sinilah letak keistimewaan dan keunggulan agama yang dibawa oleh junjungan kita Nabi Muhammad saw yaitu agama Islam. Agama yang tidak menghendaki umatnya bersifat materialistis, yang semua pikiran dan usahanya hanya ditujukan untuk mengumpulkan kekayaan dan kenikmatan dunia, seperti halnya orang-orang Yahudi. Islam juga agama yang tidak membenarkan umatnya hanya mementingkan akhirat saja, tenggelam dalam kerohanian, menjauhkan diri dari kelezatan hidup, membujang terus dan tidak kawin, sebagaimana halnya orang-orang Nasrani. Allah berfirman:\n\nWahai anak cucu Adam! Pakailah pakaianmu yang bagus pada setiap (memasuki) masjid, makan dan minumlah, tetapi jangan berlebihan. (al-A'raf/7: 31)\n\nFirman Allah:\n\nKatakanlah (Muhammad), \"Siapakah yang mengharamkan perhiasan dari Allah yang telah disediakan untuk hamba-hamba-Nya dan rezeki yang baik-baik? (al-A'raf/7: 32)\n\nAllah menegaskan pada akhir ayat 9 ini bahwa orang-orang yang sangat mementingkan urusan dunia dan meninggalkan kebahagiaan akhirat, berarti telah mengundang murka Allah. Mereka akan merugi karena menukar sesuatu yang kekal abadi dengan sesuatu yang fana dan hilang lenyap.",
          "10": "Pada ayat ini, Allah menganjurkan agar orang-orang mukmin membelanjakan sebagian rezeki yang telah dikaruniakan kepadanya, sebagai tanda syukur atas nikmat-Nya. Hal itu bisa berupa menyantuni anak-anak yatim, orang-orang fakir miskin, dan sebagainya. Hal ini merupakan bekal untuk akhirat untuk dinikmati di hari kemudian. Janganlah kekayaan itu hanya ditumpuk untuk diwarisi oleh para ahli waris yang belum tentu akan memanfaatkannya dengan sebaik-baiknya serta mendatangkan kegembiraan, atau untuk disia-siakan yang akan mengakibatkan kekecewaan. Kekayaan yang ada pada seseorang, bagaimanapun banyaknya, hanya tiga macam yang menjadi miliknya, sebagaimana diriwayatkan bahwa Nabi saw bersabda: \n\nMutharrif bin Syu'bah meriwayatkan dari ayahnya berkata, \"Aku mendatangi Nabi saw, sedangkan beliau sedang membaca ayat 'alhakumut-takatsur.\" Lalu Nabi saw bersabda, \"(Ada seorang) manusia mengatakan 'hartaku-hartaku.\" Nabi saw bersabda lagi, \"Wahai manusia, kamu tidaklah memiliki harta (yang kamu kumpulkan), melainkan apa yang kamu makan maka telah habis, apa yang kamu pakai maka telah lusuh, dan apa yang kamu sedekahkan maka telah berlalu.\" (Riwayat Muslim)\n\nMembelanjakan harta benda untuk kemanfaataan dunia dan akhirat, janganlah ditunda-tunda sampai datang sakaratul maut. Dan jangan berandai-andai kalau-kalau umurnya masih bisa diperpanjang atau kematiannya masih bisa ditunda. Ia harus membelanjakan harta bendanya kepada yang diridai Allah, dan beramal baik sehingga ia dapat digolongkan bersama orang-orang yang saleh sebelum ajal tiba, karena apabila ajal telah sampai pada batasnya, tak dapat lagi diubah, dimajukan, atau ditangguhkan.",
          "11": "Ayat ini menegaskan bahwa Allah tidak akan menunda kematian seseorang apabila telah sampai ajalnya. Oleh karena itu, bersiap-siaplah untuk menghadapi maut itu. Kumpulkanlah sebanyak-banyaknya bekal berupa amal saleh yang akan dibawa dan yang bermanfaat di akhirat nanti. \n\n\n\nFirman Allah:\n\nMaka adapun orang yang berat timbangan (kebaikan)nya, maka dia berada dalam kehidupan yang memuaskan (senang). Dan adapun orang yang ringan timbangan (kebaikan)nya, maka tempat kembalinya adalah neraka Hawiyah. Dan tahukah kamu apakah neraka Hawiyah itu? (Yaitu) api yang sangat panas. (al-Qari'ah/101: 6-11)\n\nAyat yang kesebelas ini ditutup dengan penegasan bahwa Allah itu Maha Mengetahui apa yang diperbuat hamba-Nya. Semua itu akan dibalas di hari kemudian, sesuai dengan amal perbuatannya. Kalau baik dimasukkan ke dalam surga, dan kalau jahat akan dimasukkan ke dalam neraka."
        }
      }
    }
  }
}