{
  "name": "An-Naba",
  "name_translations": {
    "ar": "النبأ",
    "en": "The Announcement",
    "id": "Berita Besar"
  },
  "number_of_ayah": 40,
  "number_of_surah": 78,
  "place": "Mecca",
  "recitations": [{
    "name": "Mishari Rashid al-`Afasy",
    "audio_url": "https://download.quranicaudio.com/quran/mishaari_raashid_al_3afaasee/078.mp3"
  }, {
    "name": "Abdur-Rahman as-Sudais",
    "audio_url": "https://download.quranicaudio.com/quran/abdurrahmaan_as-sudays/078.mp3"
  }, {
    "name": "Saad al-Ghamdi",
    "audio_url": "https://download.quranicaudio.com/quran/sa3d_al-ghaamidi/complete/078.mp3"
  }],
  "type": "Makkiyah",
  "verses": [{
    "number": 1,
    "text": "بِسْمِ ٱللَّهِ ٱلرَّحْمَٰنِ ٱلرَّحِيمِ عَمَّ يَتَسَآءَلُونَ",
    "translation_en": "About what are they asking one another?",
    "translation_id": "Tentang apakah mereka saling bertanya-tanya?"
  }, {
    "number": 2,
    "text": "عَنِ ٱلنَّبَإِ ٱلْعَظِيمِ",
    "translation_en": "About the great news -",
    "translation_id": "Tentang berita yang besar,"
  }, {
    "number": 3,
    "text": "ٱلَّذِى هُمْ فِيهِ مُخْتَلِفُونَ",
    "translation_en": "That over which they are in disagreement.",
    "translation_id": "yang mereka perselisihkan tentang ini."
  }, {
    "number": 4,
    "text": "كَلَّا سَيَعْلَمُونَ",
    "translation_en": "No! They are going to know.",
    "translation_id": "Sekali-kali tidak; kelak mereka akan mengetahui,"
  }, {
    "number": 5,
    "text": "ثُمَّ كَلَّا سَيَعْلَمُونَ",
    "translation_en": "Then, no! They are going to know.",
    "translation_id": "kemudian sekali-kali tidak; kelak mereka mengetahui."
  }, {
    "number": 6,
    "text": "أَلَمْ نَجْعَلِ ٱلْأَرْضَ مِهَٰدًا",
    "translation_en": "Have We not made the earth a resting place?",
    "translation_id": "Bukankah Kami telah menjadikan bumi itu sebagai hamparan?,"
  }, {
    "number": 7,
    "text": "وَٱلْجِبَالَ أَوْتَادًا",
    "translation_en": "And the mountains as stakes?",
    "translation_id": "dan gunung-gunung sebagai pasak?,"
  }, {
    "number": 8,
    "text": "وَخَلَقْنَٰكُمْ أَزْوَٰجًا",
    "translation_en": "And We created you in pairs",
    "translation_id": "dan Kami jadikan kamu berpasang-pasangan,"
  }, {
    "number": 9,
    "text": "وَجَعَلْنَا نَوْمَكُمْ سُبَاتًا",
    "translation_en": "And made your sleep [a means for] rest",
    "translation_id": "dan Kami jadikan tidurmu untuk istirahat,"
  }, {
    "number": 10,
    "text": "وَجَعَلْنَا ٱلَّيْلَ لِبَاسًا",
    "translation_en": "And made the night as clothing",
    "translation_id": "dan Kami jadikan malam sebagai pakaian,"
  }, {
    "number": 11,
    "text": "وَجَعَلْنَا ٱلنَّهَارَ مَعَاشًا",
    "translation_en": "And made the day for livelihood",
    "translation_id": "dan Kami jadikan siang untuk mencari penghidupan,"
  }, {
    "number": 12,
    "text": "وَبَنَيْنَا فَوْقَكُمْ سَبْعًا شِدَادًا",
    "translation_en": "And constructed above you seven strong [heavens]",
    "translation_id": "dan Kami bina di atas kamu tujuh buah (langit) yang kokoh,"
  }, {
    "number": 13,
    "text": "وَجَعَلْنَا سِرَاجًا وَهَّاجًا",
    "translation_en": "And made [therein] a burning lamp",
    "translation_id": "dan Kami jadikan pelita yang amat terang (matahari),"
  }, {
    "number": 14,
    "text": "وَأَنزَلْنَا مِنَ ٱلْمُعْصِرَٰتِ مَآءً ثَجَّاجًا",
    "translation_en": "And sent down, from the rain clouds, pouring water",
    "translation_id": "dan Kami turunkan dari awan air yang banyak tercurah,"
  }, {
    "number": 15,
    "text": "لِّنُخْرِجَ بِهِۦ حَبًّا وَنَبَاتًا",
    "translation_en": "That We may bring forth thereby grain and vegetation",
    "translation_id": "supaya Kami tumbuhkan dengan air itu biji-bijian dan tumbuh-tumbuhan,"
  }, {
    "number": 16,
    "text": "وَجَنَّٰتٍ أَلْفَافًا",
    "translation_en": "And gardens of entwined growth.",
    "translation_id": "dan kebun-kebun yang lebat?"
  }, {
    "number": 17,
    "text": "إِنَّ يَوْمَ ٱلْفَصْلِ كَانَ مِيقَٰتًا",
    "translation_en": "Indeed, the Day of Judgement is an appointed time -",
    "translation_id": "Sesungguhnya Hari Keputusan adalah suatu waktu yang ditetapkan,"
  }, {
    "number": 18,
    "text": "يَوْمَ يُنفَخُ فِى ٱلصُّورِ فَتَأْتُونَ أَفْوَاجًا",
    "translation_en": "The Day the Horn is blown and you will come forth in multitudes",
    "translation_id": "yaitu hari (yang pada waktu itu) ditiup sangkakala lalu kamu datang berkelompok-kelompok,"
  }, {
    "number": 19,
    "text": "وَفُتِحَتِ ٱلسَّمَآءُ فَكَانَتْ أَبْوَٰبًا",
    "translation_en": "And the heaven is opened and will become gateways",
    "translation_id": "dan dibukalah langit, maka terdapatlah beberapa pintu,"
  }, {
    "number": 20,
    "text": "وَسُيِّرَتِ ٱلْجِبَالُ فَكَانَتْ سَرَابًا",
    "translation_en": "And the mountains are removed and will be [but] a mirage.",
    "translation_id": "dan dijalankanlah gunung-gunung maka menjadi fatamorganalah ia."
  }, {
    "number": 21,
    "text": "إِنَّ جَهَنَّمَ كَانَتْ مِرْصَادًا",
    "translation_en": "Indeed, Hell has been lying in wait",
    "translation_id": "Sesungguhnya neraka Jahannam itu (padanya) ada tempat pengintai,"
  }, {
    "number": 22,
    "text": "لِّلطَّٰغِينَ مَـَٔابًا",
    "translation_en": "For the transgressors, a place of return,",
    "translation_id": "lagi menjadi tempat kembali bagi orang-orang yang melampaui batas,"
  }, {
    "number": 23,
    "text": "لَّٰبِثِينَ فِيهَآ أَحْقَابًا",
    "translation_en": "In which they will remain for ages [unending].",
    "translation_id": "mereka tinggal di dalamnya berabad-abad lamanya,"
  }, {
    "number": 24,
    "text": "لَّا يَذُوقُونَ فِيهَا بَرْدًا وَلَا شَرَابًا",
    "translation_en": "They will not taste therein [any] coolness or drink",
    "translation_id": "mereka tidak merasakan kesejukan di dalamnya dan tidak (pula mendapat) minuman,"
  }, {
    "number": 25,
    "text": "إِلَّا حَمِيمًا وَغَسَّاقًا",
    "translation_en": "Except scalding water and [foul] purulence -",
    "translation_id": "selain air yang mendidih dan nanah,"
  }, {
    "number": 26,
    "text": "جَزَآءً وِفَاقًا",
    "translation_en": "An appropriate recompense.",
    "translation_id": "sebagai pambalasan yang setimpal."
  }, {
    "number": 27,
    "text": "إِنَّهُمْ كَانُوا۟ لَا يَرْجُونَ حِسَابًا",
    "translation_en": "Indeed, they were not expecting an account",
    "translation_id": "Sesungguhnya mereka tidak berharap (takut) kepada hisab,"
  }, {
    "number": 28,
    "text": "وَكَذَّبُوا۟ بِـَٔايَٰتِنَا كِذَّابًا",
    "translation_en": "And denied Our verses with [emphatic] denial.",
    "translation_id": "dan mereka mendustakan ayat-ayat Kami dengan sesungguh-sungguhnya."
  }, {
    "number": 29,
    "text": "وَكُلَّ شَىْءٍ أَحْصَيْنَٰهُ كِتَٰبًا",
    "translation_en": "But all things We have enumerated in writing.",
    "translation_id": "Dan segala sesuatu telah Kami catat dalam suatu kitab."
  }, {
    "number": 30,
    "text": "فَذُوقُوا۟ فَلَن نَّزِيدَكُمْ إِلَّا عَذَابًا",
    "translation_en": "\"So taste [the penalty], and never will We increase you except in torment.\"",
    "translation_id": "Karena itu rasakanlah. Dan Kami sekali-kali tidak akan menambah kepada kamu selain daripada azab."
  }, {
    "number": 31,
    "text": "إِنَّ لِلْمُتَّقِينَ مَفَازًا",
    "translation_en": "Indeed, for the righteous is attainment -",
    "translation_id": "Sesungguhnya orang-orang yang bertakwa mendapat kemenangan,"
  }, {
    "number": 32,
    "text": "حَدَآئِقَ وَأَعْنَٰبًا",
    "translation_en": "Gardens and grapevines",
    "translation_id": "(yaitu) kebun-kebun dan buah anggur,"
  }, {
    "number": 33,
    "text": "وَكَوَاعِبَ أَتْرَابًا",
    "translation_en": "And full-breasted [companions] of equal age",
    "translation_id": "dan gadis-gadis remaja yang sebaya,"
  }, {
    "number": 34,
    "text": "وَكَأْسًا دِهَاقًا",
    "translation_en": "And a full cup.",
    "translation_id": "dan gelas-gelas yang penuh (berisi minuman)."
  }, {
    "number": 35,
    "text": "لَّا يَسْمَعُونَ فِيهَا لَغْوًا وَلَا كِذَّٰبًا",
    "translation_en": "No ill speech will they hear therein or any falsehood -",
    "translation_id": "Di dalamnya mereka tidak mendengar perkataan yang sia-sia dan tidak (pula) perkataan dusta."
  }, {
    "number": 36,
    "text": "جَزَآءً مِّن رَّبِّكَ عَطَآءً حِسَابًا",
    "translation_en": "[As] reward from your Lord, [a generous] gift [made due by] account,",
    "translation_id": "Sebagai pembalasan dari Tuhanmu dan pemberian yang cukup banyak,"
  }, {
    "number": 37,
    "text": "رَّبِّ ٱلسَّمَٰوَٰتِ وَٱلْأَرْضِ وَمَا بَيْنَهُمَا ٱلرَّحْمَٰنِ لَا يَمْلِكُونَ مِنْهُ خِطَابًا",
    "translation_en": "[From] the Lord of the heavens and the earth and whatever is between them, the Most Merciful. They possess not from Him [authority for] speech.",
    "translation_id": "Tuhan Yang memelihara langit dan bumi dan apa yang ada di antara keduanya; Yang Maha Pemurah. Mereka tidak dapat berbicara dengan Dia."
  }, {
    "number": 38,
    "text": "يَوْمَ يَقُومُ ٱلرُّوحُ وَٱلْمَلَٰٓئِكَةُ صَفًّا لَّا يَتَكَلَّمُونَ إِلَّا مَنْ أَذِنَ لَهُ ٱلرَّحْمَٰنُ وَقَالَ صَوَابًا",
    "translation_en": "The Day that the Spirit and the angels will stand in rows, they will not speak except for one whom the Most Merciful permits, and he will say what is correct.",
    "translation_id": "Pada hari, ketika ruh dan para malaikat berdiri bershaf-shaf, mereka tidak berkata-kata, kecuali siapa yang telah diberi izin kepadanya oleh Tuhan Yang Maha Pemurah; dan ia mengucapkan kata yang benar."
  }, {
    "number": 39,
    "text": "ذَٰلِكَ ٱلْيَوْمُ ٱلْحَقُّ فَمَن شَآءَ ٱتَّخَذَ إِلَىٰ رَبِّهِۦ مَـَٔابًا",
    "translation_en": "That is the True Day; so he who wills may take to his Lord a [way of] return.",
    "translation_id": "Itulah hari yang pasti terjadi. Maka barangsiapa yang menghendaki, niscaya ia menempuh jalan kembali kepada Tuhannya."
  }, {
    "number": 40,
    "text": "إِنَّآ أَنذَرْنَٰكُمْ عَذَابًا قَرِيبًا يَوْمَ يَنظُرُ ٱلْمَرْءُ مَا قَدَّمَتْ يَدَاهُ وَيَقُولُ ٱلْكَافِرُ يَٰلَيْتَنِى كُنتُ تُرَٰبًۢا",
    "translation_en": "Indeed, We have warned you of a near punishment on the Day when a man will observe what his hands have put forth and the disbeliever will say, \"Oh, I wish that I were dust!\"",
    "translation_id": "Sesungguhnya Kami telah memperingatkan kepadamu (hai orang kafir) siksa yang dekat, pada hari manusia melihat apa yang telah diperbuat oleh kedua tangannya; dan orang kafir berkata: \"Alangkah baiknya sekiranya aku dahulu adalah tanah\"."
  }],
  "tafsir": {
    "id": {
      "kemenag": {
        "name": "Kemenag",
        "source": "Aplikasi Quran Kementrian Agama Republik Indonesia",
        "text": {
          "1": "Orang-orang musyrik Mekah ketika berkumpul di tempat pertemuan mereka yang berada di dekat Baitullah, sering membicarakan keadaan Nabi Muhammad dan Kitab Al-Qur'an yang dibawanya. Mereka sering bertanya satu sama lain bahwa apakah Muhammad itu seorang tukang sihir, penyair, atau seorang dukun tukang tenung yang terkena pengaruh buruk oleh berhala-berhala mereka? Mereka juga bertanya-tanya apakah Al-Qur'an itu sihir, syair, atau mantra-mantra saja? Masing-masing mengemukakan pendapat sesuai dengan hawa nafsu dan angan-angan mereka, sedangkan Nabi Muhammad sendiri dengan sikap yang tenang menyampaikan seruannya berdasarkan ayat-ayat Al-Qur'an yang memberi sinar penerangan kepada manusia menuju jalan kebenaran dan petunjuk yang lurus.\n\nSelain itu mereka sering bercakap-cakap tentang hari kebangkitan sehingga sering menimbulkan perdebatan, sebab di antara mereka ada yang mengingkarinya dan beranggapan bahwa setelah mati habislah urusan mereka. Tidak ada lagi kebangkitan setelah mati. Mereka berpendapat bahwa manusia itu lahir ke dunia lalu ia mati dan ditelan bumi karena tidak ada yang membinasakan mereka kecuali masa atau waktu saja. Di sisi lain, ada pula di antara mereka yang berpendapat bahwa yang dibangkitkan itu hanya arwah saja dan bukan jasad yang telah habis dimakan bumi. Ada pula di antara mereka yang menjumpai salah seorang sahabat Nabi dan menanyakan tentang hal itu dengan sikap mencemoohkan.\n\nSehubungan dengan sikap mereka yang demikian itu, surah ini turun untuk menolak keingkaran mereka, dan mengemukakan argumen yang nyata bahwa Allah benar-benar Mahakuasa membangkitkan mereka kembali setelah mati, walaupun mereka telah menjadi tanah, dimakan binatang buas, ditelan ikan di laut, terbakar api dan diterbangkan angin, atau sebab lainnya.\n\nDalam ayat ini, Allah mencela perselisihan orang-orang kafir Mekah mengenai hari kebangkitan dengan mengatakan, \"Tentang apakah orang-orang musyrik di kalangan penduduk Mekah itu saling bertanya-tanya?\"\n\nAllah menjawab pertanyaan mereka itu dengan firman-Nya. Yang dimaksud dengan berita yang sangat besar dalam ayat ini ialah berita tentang hari Kiamat. Disebut berita yang sangat besar karena hari Kiamat itu amat besar huru-haranya sebagaimana disebutkan dalam firman Allah:\n\nWahai manusia! Bertakwalah kepada Tuhanmu; sungguh, guncangan (hari) Kiamat itu adalah suatu (kejadian) yang sangat besar. (Ingatlah) pada hari ketika kamu melihatnya (guncangan itu), semua perempuan yang menyusui anaknya akan lalai terhadap anak yang disusuinya, dan setiap perempuan yang hamil akan keguguran kandungannya, dan kamu melihat manusia dalam keadaan mabuk, padahal sebenarnya mereka tidak mabuk, tetapi azab Allah itu sangat keras. (al-hajj/22: 1-2)\n\nMeskipun begitu, orang-orang musyrik masih meragukan bahkan banyak yang tidak percaya, sebagaimana diterangkan Allah dalam firman-Nya:\n\n(Kehidupan itu) tidak lain hanyalah kehidupan kita di dunia ini, (di sanalah) kita mati dan hidup dan tidak akan dibangkitkan (lagi). (al-Mu'minun/23: 37)\n\nFirman Allah:\n\nKami tidak tahu apakah hari Kiamat itu, kami hanyalah menduga-duga saja, dan kami tidak yakin. (al-Jatsiyah/45: 32)\n\nAdapun hikmah Ilahi menyampaikan persoalan ini dalam bentuk pertanyaan dan jawaban adalah agar lebih mendekatkan kepada pengertian dan penjelasan, seperti tercantum dalam firman Allah:\n\n(Lalu Allah berfirman), \"Milik siapakah kerajaan pada hari ini?\" Milik Allah Yang Maha Esa, Maha Mengalahkan. (Gafir/40: 16)\n\nKemudian Allah menjawab pertanyaan mereka dengan nada ancaman, \"Sekali-kali tidak. Jauh sekali dari kebenaran apa yang mereka anggap itu. Nanti mereka akan mengetahui pada waktu menyaksikan keadaan yang sebenarnya pada hari Kiamat yang selalu mereka ingkari.\"\n\nSebaiknya mereka jangan memperolok-olokkan karena mereka kelak pasti akan mengetahui keadaan yang sebenarnya. Apa-apa yang diragukan itu pasti akan mereka alami. Allah menguatkan firman-Nya itu dengan mengulang pernyataan itu sekali lagi.\n\nKemudian Allah menerangkan kekuasaan-Nya yang Mahaagung dan tanda-tanda rahmat-Nya yang sering dilupakan oleh mereka. Padahal tanda-tanda itu tampak jelas di hadapan mata. Allah mengemukakan sembilan perkara yang dapat mereka saksikan dengan mata sebagai bukti-bukti yang menunjukkan kekuasaan-Nya, seperti disebutkan pada ayat-ayat berikut, yaitu dari ayat 6 sampai ayat 14.",
          "2": "Orang-orang musyrik Mekah ketika berkumpul di tempat pertemuan mereka yang berada di dekat Baitullah, sering membicarakan keadaan Nabi Muhammad dan Kitab Al-Qur'an yang dibawanya. Mereka sering bertanya satu sama lain bahwa apakah Muhammad itu seorang tukang sihir, penyair, atau seorang dukun tukang tenung yang terkena pengaruh buruk oleh berhala-berhala mereka? Mereka juga bertanya-tanya apakah Al-Qur'an itu sihir, syair, atau mantra-mantra saja? Masing-masing mengemukakan pendapat sesuai dengan hawa nafsu dan angan-angan mereka, sedangkan Nabi Muhammad sendiri dengan sikap yang tenang menyampaikan seruannya berdasarkan ayat-ayat Al-Qur'an yang memberi sinar penerangan kepada manusia menuju jalan kebenaran dan petunjuk yang lurus.\n\nSelain itu mereka sering bercakap-cakap tentang hari kebangkitan sehingga sering menimbulkan perdebatan, sebab di antara mereka ada yang mengingkarinya dan beranggapan bahwa setelah mati habislah urusan mereka. Tidak ada lagi kebangkitan setelah mati. Mereka berpendapat bahwa manusia itu lahir ke dunia lalu ia mati dan ditelan bumi karena tidak ada yang membinasakan mereka kecuali masa atau waktu saja. Di sisi lain, ada pula di antara mereka yang berpendapat bahwa yang dibangkitkan itu hanya arwah saja dan bukan jasad yang telah habis dimakan bumi. Ada pula di antara mereka yang menjumpai salah seorang sahabat Nabi dan menanyakan tentang hal itu dengan sikap mencemoohkan.\n\nSehubungan dengan sikap mereka yang demikian itu, surah ini turun untuk menolak keingkaran mereka, dan mengemukakan argumen yang nyata bahwa Allah benar-benar Mahakuasa membangkitkan mereka kembali setelah mati, walaupun mereka telah menjadi tanah, dimakan binatang buas, ditelan ikan di laut, terbakar api dan diterbangkan angin, atau sebab lainnya.\n\nDalam ayat ini, Allah mencela perselisihan orang-orang kafir Mekah mengenai hari kebangkitan dengan mengatakan, \"Tentang apakah orang-orang musyrik di kalangan penduduk Mekah itu saling bertanya-tanya?\"\n\nAllah menjawab pertanyaan mereka itu dengan firman-Nya. Yang dimaksud dengan berita yang sangat besar dalam ayat ini ialah berita tentang hari Kiamat. Disebut berita yang sangat besar karena hari Kiamat itu amat besar huru-haranya sebagaimana disebutkan dalam firman Allah:\n\nWahai manusia! Bertakwalah kepada Tuhanmu; sungguh, guncangan (hari) Kiamat itu adalah suatu (kejadian) yang sangat besar. (Ingatlah) pada hari ketika kamu melihatnya (guncangan itu), semua perempuan yang menyusui anaknya akan lalai terhadap anak yang disusuinya, dan setiap perempuan yang hamil akan keguguran kandungannya, dan kamu melihat manusia dalam keadaan mabuk, padahal sebenarnya mereka tidak mabuk, tetapi azab Allah itu sangat keras. (al-hajj/22: 1-2)\n\nMeskipun begitu, orang-orang musyrik masih meragukan bahkan banyak yang tidak percaya, sebagaimana diterangkan Allah dalam firman-Nya:\n\n(Kehidupan itu) tidak lain hanyalah kehidupan kita di dunia ini, (di sanalah) kita mati dan hidup dan tidak akan dibangkitkan (lagi). (al-Mu'minun/23: 37)\n\nFirman Allah:\n\nKami tidak tahu apakah hari Kiamat itu, kami hanyalah menduga-duga saja, dan kami tidak yakin. (al-Jatsiyah/45: 32)\n\nAdapun hikmah Ilahi menyampaikan persoalan ini dalam bentuk pertanyaan dan jawaban adalah agar lebih mendekatkan kepada pengertian dan penjelasan, seperti tercantum dalam firman Allah:\n\n(Lalu Allah berfirman), \"Milik siapakah kerajaan pada hari ini?\" Milik Allah Yang Maha Esa, Maha Mengalahkan. (Gafir/40: 16)\n\nKemudian Allah menjawab pertanyaan mereka dengan nada ancaman, \"Sekali-kali tidak. Jauh sekali dari kebenaran apa yang mereka anggap itu. Nanti mereka akan mengetahui pada waktu menyaksikan keadaan yang sebenarnya pada hari Kiamat yang selalu mereka ingkari.\"\n\nSebaiknya mereka jangan memperolok-olokkan karena mereka kelak pasti akan mengetahui keadaan yang sebenarnya. Apa-apa yang diragukan itu pasti akan mereka alami. Allah menguatkan firman-Nya itu dengan mengulang pernyataan itu sekali lagi.\n\nKemudian Allah menerangkan kekuasaan-Nya yang Mahaagung dan tanda-tanda rahmat-Nya yang sering dilupakan oleh mereka. Padahal tanda-tanda itu tampak jelas di hadapan mata. Allah mengemukakan sembilan perkara yang dapat mereka saksikan dengan mata sebagai bukti-bukti yang menunjukkan kekuasaan-Nya, seperti disebutkan pada ayat-ayat berikut, yaitu dari ayat 6 sampai ayat 14.",
          "3": "Orang-orang musyrik Mekah ketika berkumpul di tempat pertemuan mereka yang berada di dekat Baitullah, sering membicarakan keadaan Nabi Muhammad dan Kitab Al-Qur'an yang dibawanya. Mereka sering bertanya satu sama lain bahwa apakah Muhammad itu seorang tukang sihir, penyair, atau seorang dukun tukang tenung yang terkena pengaruh buruk oleh berhala-berhala mereka? Mereka juga bertanya-tanya apakah Al-Qur'an itu sihir, syair, atau mantra-mantra saja? Masing-masing mengemukakan pendapat sesuai dengan hawa nafsu dan angan-angan mereka, sedangkan Nabi Muhammad sendiri dengan sikap yang tenang menyampaikan seruannya berdasarkan ayat-ayat Al-Qur'an yang memberi sinar penerangan kepada manusia menuju jalan kebenaran dan petunjuk yang lurus.\n\nSelain itu mereka sering bercakap-cakap tentang hari kebangkitan sehingga sering menimbulkan perdebatan, sebab di antara mereka ada yang mengingkarinya dan beranggapan bahwa setelah mati habislah urusan mereka. Tidak ada lagi kebangkitan setelah mati. Mereka berpendapat bahwa manusia itu lahir ke dunia lalu ia mati dan ditelan bumi karena tidak ada yang membinasakan mereka kecuali masa atau waktu saja. Di sisi lain, ada pula di antara mereka yang berpendapat bahwa yang dibangkitkan itu hanya arwah saja dan bukan jasad yang telah habis dimakan bumi. Ada pula di antara mereka yang menjumpai salah seorang sahabat Nabi dan menanyakan tentang hal itu dengan sikap mencemoohkan.\n\nSehubungan dengan sikap mereka yang demikian itu, surah ini turun untuk menolak keingkaran mereka, dan mengemukakan argumen yang nyata bahwa Allah benar-benar Mahakuasa membangkitkan mereka kembali setelah mati, walaupun mereka telah menjadi tanah, dimakan binatang buas, ditelan ikan di laut, terbakar api dan diterbangkan angin, atau sebab lainnya.\n\nDalam ayat ini, Allah mencela perselisihan orang-orang kafir Mekah mengenai hari kebangkitan dengan mengatakan, \"Tentang apakah orang-orang musyrik di kalangan penduduk Mekah itu saling bertanya-tanya?\"\n\nAllah menjawab pertanyaan mereka itu dengan firman-Nya. Yang dimaksud dengan berita yang sangat besar dalam ayat ini ialah berita tentang hari Kiamat. Disebut berita yang sangat besar karena hari Kiamat itu amat besar huru-haranya sebagaimana disebutkan dalam firman Allah:\n\nWahai manusia! Bertakwalah kepada Tuhanmu; sungguh, guncangan (hari) Kiamat itu adalah suatu (kejadian) yang sangat besar. (Ingatlah) pada hari ketika kamu melihatnya (guncangan itu), semua perempuan yang menyusui anaknya akan lalai terhadap anak yang disusuinya, dan setiap perempuan yang hamil akan keguguran kandungannya, dan kamu melihat manusia dalam keadaan mabuk, padahal sebenarnya mereka tidak mabuk, tetapi azab Allah itu sangat keras. (al-hajj/22: 1-2)\n\nMeskipun begitu, orang-orang musyrik masih meragukan bahkan banyak yang tidak percaya, sebagaimana diterangkan Allah dalam firman-Nya:\n\n(Kehidupan itu) tidak lain hanyalah kehidupan kita di dunia ini, (di sanalah) kita mati dan hidup dan tidak akan dibangkitkan (lagi). (al-Mu'minun/23: 37)\n\nFirman Allah:\n\nKami tidak tahu apakah hari Kiamat itu, kami hanyalah menduga-duga saja, dan kami tidak yakin. (al-Jatsiyah/45: 32)\n\nAdapun hikmah Ilahi menyampaikan persoalan ini dalam bentuk pertanyaan dan jawaban adalah agar lebih mendekatkan kepada pengertian dan penjelasan, seperti tercantum dalam firman Allah:\n\n(Lalu Allah berfirman), \"Milik siapakah kerajaan pada hari ini?\" Milik Allah Yang Maha Esa, Maha Mengalahkan. (Gafir/40: 16)\n\nKemudian Allah menjawab pertanyaan mereka dengan nada ancaman, \"Sekali-kali tidak. Jauh sekali dari kebenaran apa yang mereka anggap itu. Nanti mereka akan mengetahui pada waktu menyaksikan keadaan yang sebenarnya pada hari Kiamat yang selalu mereka ingkari.\"\n\nSebaiknya mereka jangan memperolok-olokkan karena mereka kelak pasti akan mengetahui keadaan yang sebenarnya. Apa-apa yang diragukan itu pasti akan mereka alami. Allah menguatkan firman-Nya itu dengan mengulang pernyataan itu sekali lagi.\n\nKemudian Allah menerangkan kekuasaan-Nya yang Mahaagung dan tanda-tanda rahmat-Nya yang sering dilupakan oleh mereka. Padahal tanda-tanda itu tampak jelas di hadapan mata. Allah mengemukakan sembilan perkara yang dapat mereka saksikan dengan mata sebagai bukti-bukti yang menunjukkan kekuasaan-Nya, seperti disebutkan pada ayat-ayat berikut, yaitu dari ayat 6 sampai ayat 14.",
          "4": "Orang-orang musyrik Mekah ketika berkumpul di tempat pertemuan mereka yang berada di dekat Baitullah, sering membicarakan keadaan Nabi Muhammad dan Kitab Al-Qur'an yang dibawanya. Mereka sering bertanya satu sama lain bahwa apakah Muhammad itu seorang tukang sihir, penyair, atau seorang dukun tukang tenung yang terkena pengaruh buruk oleh berhala-berhala mereka? Mereka juga bertanya-tanya apakah Al-Qur'an itu sihir, syair, atau mantra-mantra saja? Masing-masing mengemukakan pendapat sesuai dengan hawa nafsu dan angan-angan mereka, sedangkan Nabi Muhammad sendiri dengan sikap yang tenang menyampaikan seruannya berdasarkan ayat-ayat Al-Qur'an yang memberi sinar penerangan kepada manusia menuju jalan kebenaran dan petunjuk yang lurus.\n\nSelain itu mereka sering bercakap-cakap tentang hari kebangkitan sehingga sering menimbulkan perdebatan, sebab di antara mereka ada yang mengingkarinya dan beranggapan bahwa setelah mati habislah urusan mereka. Tidak ada lagi kebangkitan setelah mati. Mereka berpendapat bahwa manusia itu lahir ke dunia lalu ia mati dan ditelan bumi karena tidak ada yang membinasakan mereka kecuali masa atau waktu saja. Di sisi lain, ada pula di antara mereka yang berpendapat bahwa yang dibangkitkan itu hanya arwah saja dan bukan jasad yang telah habis dimakan bumi. Ada pula di antara mereka yang menjumpai salah seorang sahabat Nabi dan menanyakan tentang hal itu dengan sikap mencemoohkan.\n\nSehubungan dengan sikap mereka yang demikian itu, surah ini turun untuk menolak keingkaran mereka, dan mengemukakan argumen yang nyata bahwa Allah benar-benar Mahakuasa membangkitkan mereka kembali setelah mati, walaupun mereka telah menjadi tanah, dimakan binatang buas, ditelan ikan di laut, terbakar api dan diterbangkan angin, atau sebab lainnya.\n\nDalam ayat ini, Allah mencela perselisihan orang-orang kafir Mekah mengenai hari kebangkitan dengan mengatakan, \"Tentang apakah orang-orang musyrik di kalangan penduduk Mekah itu saling bertanya-tanya?\"\n\nAllah menjawab pertanyaan mereka itu dengan firman-Nya. Yang dimaksud dengan berita yang sangat besar dalam ayat ini ialah berita tentang hari Kiamat. Disebut berita yang sangat besar karena hari Kiamat itu amat besar huru-haranya sebagaimana disebutkan dalam firman Allah:\n\nWahai manusia! Bertakwalah kepada Tuhanmu; sungguh, guncangan (hari) Kiamat itu adalah suatu (kejadian) yang sangat besar. (Ingatlah) pada hari ketika kamu melihatnya (guncangan itu), semua perempuan yang menyusui anaknya akan lalai terhadap anak yang disusuinya, dan setiap perempuan yang hamil akan keguguran kandungannya, dan kamu melihat manusia dalam keadaan mabuk, padahal sebenarnya mereka tidak mabuk, tetapi azab Allah itu sangat keras. (al-hajj/22: 1-2)\n\nMeskipun begitu, orang-orang musyrik masih meragukan bahkan banyak yang tidak percaya, sebagaimana diterangkan Allah dalam firman-Nya:\n\n(Kehidupan itu) tidak lain hanyalah kehidupan kita di dunia ini, (di sanalah) kita mati dan hidup dan tidak akan dibangkitkan (lagi). (al-Mu'minun/23: 37)\n\nFirman Allah:\n\nKami tidak tahu apakah hari Kiamat itu, kami hanyalah menduga-duga saja, dan kami tidak yakin. (al-Jatsiyah/45: 32)\n\nAdapun hikmah Ilahi menyampaikan persoalan ini dalam bentuk pertanyaan dan jawaban adalah agar lebih mendekatkan kepada pengertian dan penjelasan, seperti tercantum dalam firman Allah:\n\n(Lalu Allah berfirman), \"Milik siapakah kerajaan pada hari ini?\" Milik Allah Yang Maha Esa, Maha Mengalahkan. (Gafir/40: 16)\n\nKemudian Allah menjawab pertanyaan mereka dengan nada ancaman, \"Sekali-kali tidak. Jauh sekali dari kebenaran apa yang mereka anggap itu. Nanti mereka akan mengetahui pada waktu menyaksikan keadaan yang sebenarnya pada hari Kiamat yang selalu mereka ingkari.\"\n\nSebaiknya mereka jangan memperolok-olokkan karena mereka kelak pasti akan mengetahui keadaan yang sebenarnya. Apa-apa yang diragukan itu pasti akan mereka alami. Allah menguatkan firman-Nya itu dengan mengulang pernyataan itu sekali lagi.\n\nKemudian Allah menerangkan kekuasaan-Nya yang Mahaagung dan tanda-tanda rahmat-Nya yang sering dilupakan oleh mereka. Padahal tanda-tanda itu tampak jelas di hadapan mata. Allah mengemukakan sembilan perkara yang dapat mereka saksikan dengan mata sebagai bukti-bukti yang menunjukkan kekuasaan-Nya, seperti disebutkan pada ayat-ayat berikut, yaitu dari ayat 6 sampai ayat 14.",
          "5": "Orang-orang musyrik Mekah ketika berkumpul di tempat pertemuan mereka yang berada di dekat Baitullah, sering membicarakan keadaan Nabi Muhammad dan Kitab Al-Qur'an yang dibawanya. Mereka sering bertanya satu sama lain bahwa apakah Muhammad itu seorang tukang sihir, penyair, atau seorang dukun tukang tenung yang terkena pengaruh buruk oleh berhala-berhala mereka? Mereka juga bertanya-tanya apakah Al-Qur'an itu sihir, syair, atau mantra-mantra saja? Masing-masing mengemukakan pendapat sesuai dengan hawa nafsu dan angan-angan mereka, sedangkan Nabi Muhammad sendiri dengan sikap yang tenang menyampaikan seruannya berdasarkan ayat-ayat Al-Qur'an yang memberi sinar penerangan kepada manusia menuju jalan kebenaran dan petunjuk yang lurus.\n\nSelain itu mereka sering bercakap-cakap tentang hari kebangkitan sehingga sering menimbulkan perdebatan, sebab di antara mereka ada yang mengingkarinya dan beranggapan bahwa setelah mati habislah urusan mereka. Tidak ada lagi kebangkitan setelah mati. Mereka berpendapat bahwa manusia itu lahir ke dunia lalu ia mati dan ditelan bumi karena tidak ada yang membinasakan mereka kecuali masa atau waktu saja. Di sisi lain, ada pula di antara mereka yang berpendapat bahwa yang dibangkitkan itu hanya arwah saja dan bukan jasad yang telah habis dimakan bumi. Ada pula di antara mereka yang menjumpai salah seorang sahabat Nabi dan menanyakan tentang hal itu dengan sikap mencemoohkan.\n\nSehubungan dengan sikap mereka yang demikian itu, surah ini turun untuk menolak keingkaran mereka, dan mengemukakan argumen yang nyata bahwa Allah benar-benar Mahakuasa membangkitkan mereka kembali setelah mati, walaupun mereka telah menjadi tanah, dimakan binatang buas, ditelan ikan di laut, terbakar api dan diterbangkan angin, atau sebab lainnya.\n\nDalam ayat ini, Allah mencela perselisihan orang-orang kafir Mekah mengenai hari kebangkitan dengan mengatakan, \"Tentang apakah orang-orang musyrik di kalangan penduduk Mekah itu saling bertanya-tanya?\"\n\nAllah menjawab pertanyaan mereka itu dengan firman-Nya. Yang dimaksud dengan berita yang sangat besar dalam ayat ini ialah berita tentang hari Kiamat. Disebut berita yang sangat besar karena hari Kiamat itu amat besar huru-haranya sebagaimana disebutkan dalam firman Allah:\n\nWahai manusia! Bertakwalah kepada Tuhanmu; sungguh, guncangan (hari) Kiamat itu adalah suatu (kejadian) yang sangat besar. (Ingatlah) pada hari ketika kamu melihatnya (guncangan itu), semua perempuan yang menyusui anaknya akan lalai terhadap anak yang disusuinya, dan setiap perempuan yang hamil akan keguguran kandungannya, dan kamu melihat manusia dalam keadaan mabuk, padahal sebenarnya mereka tidak mabuk, tetapi azab Allah itu sangat keras. (al-hajj/22: 1-2)\n\nMeskipun begitu, orang-orang musyrik masih meragukan bahkan banyak yang tidak percaya, sebagaimana diterangkan Allah dalam firman-Nya:\n\n(Kehidupan itu) tidak lain hanyalah kehidupan kita di dunia ini, (di sanalah) kita mati dan hidup dan tidak akan dibangkitkan (lagi). (al-Mu'minun/23: 37)\n\nFirman Allah:\n\nKami tidak tahu apakah hari Kiamat itu, kami hanyalah menduga-duga saja, dan kami tidak yakin. (al-Jatsiyah/45: 32)\n\nAdapun hikmah Ilahi menyampaikan persoalan ini dalam bentuk pertanyaan dan jawaban adalah agar lebih mendekatkan kepada pengertian dan penjelasan, seperti tercantum dalam firman Allah:\n\n(Lalu Allah berfirman), \"Milik siapakah kerajaan pada hari ini?\" Milik Allah Yang Maha Esa, Maha Mengalahkan. (Gafir/40: 16)\n\nKemudian Allah menjawab pertanyaan mereka dengan nada ancaman, \"Sekali-kali tidak. Jauh sekali dari kebenaran apa yang mereka anggap itu. Nanti mereka akan mengetahui pada waktu menyaksikan keadaan yang sebenarnya pada hari Kiamat yang selalu mereka ingkari.\"\n\nSebaiknya mereka jangan memperolok-olokkan karena mereka kelak pasti akan mengetahui keadaan yang sebenarnya. Apa-apa yang diragukan itu pasti akan mereka alami. Allah menguatkan firman-Nya itu dengan mengulang pernyataan itu sekali lagi.\n\nKemudian Allah menerangkan kekuasaan-Nya yang Mahaagung dan tanda-tanda rahmat-Nya yang sering dilupakan oleh mereka. Padahal tanda-tanda itu tampak jelas di hadapan mata. Allah mengemukakan sembilan perkara yang dapat mereka saksikan dengan mata sebagai bukti-bukti yang menunjukkan kekuasaan-Nya, seperti disebutkan pada ayat-ayat berikut, yaitu dari ayat 6 sampai ayat 14.",
          "6": "Pertama, bukankah Allah telah menjadikan bumi sebagai hamparan yang mudah didiami oleh manusia dan hewan ternak yang berguna bagi manusia. Sebetulnya bumi ini bundar seperti bola, tetapi karena begitu besarnya, maka permukaannya tampak datar seperti hamparan.",
          "7": "Kedua, Allah jadikan gunung-gunung sebagai pasak untuk mengokohkan bumi, sehingga tidak bergoyang karena guncangan-guncangan yang ada di bawahnya.",
          "8": "Ketiga, yang tidak kalah hebatnya Allah menciptakan manusia berpasang-pasangan, laki-laki dan perempuan, agar timbul kecintaan dan kesayangan di antara suami-istri untuk menempuh hidup bahagia dan memelihara keturunan yang baik, mempertahankan kelangsungan jenis manusia sehingga tidak punah.\n\nAyat ini sejalan dengan maksud firman Allah:\n\nDan di antara tanda-tanda (kebesaran)-Nya ialah Dia menciptakan pasangan-pasangan untukmu dari jenismu sendiri, agar kamu cenderung dan merasa tenteram kepadanya, dan Dia menjadikan di antaramu rasa kasih dan sayang. (ar-Rum/30: 21)",
          "9": "Keempat, Allah menjadikan tidur pada malam hari untuk beristirahat dari kesibukan pekerjaan pada siang hari, agar menghasilkan berbagai mata pencaharian. Dengan istirahat waktu tidur itu, manusia dapat mengembalikan daya dan kekuatan untuk melangsungkan pekerjaan pada keesokan harinya. Seandainya tidak diselingi oleh istirahat tidur tentu kekuatan siapa pun akan merosot sehingga tidak dapat melangsungkan tugas sehari-hari.",
          "10": "Kelima, Allah menjadikan malam sebagai pakaian. Maksudnya malam itu gelap menutupi permukaan bumi sebagaimana pakaian menutup tubuh manusia. Hal itu berarti bahwa malam itu berfungsi sebagai pakaian bagi manusia yang dapat menutupi auratnya pada waktu tidur dari pandangan orang-orang yang mungkin melihatnya. Demikian pula sebagai pakaian, maka gelap malam itu dapat melindungi dan menyembunyikan seseorang yang tidur dari bahaya atau musuh yang sedang mengancam.",
          "11": "Keenam, Allah menjadikan siang untuk berusaha dan mencari rezeki yang diperlukan dalam kehidupan dan untuk hidup bermasyarakat.",
          "12": "Ketujuh, Allah membangun di atas manusia tujuh langit yang kokoh tanpa memiliki tiang dan tunduk kepada hukum Allah.\n\nSecara ilmiah, tujuh langit yang kokoh kemungkinan dapat diartikan dengan lapisan-lapisan atmosfer yang dekat dengan bumi ini, seperti: (1) Troposphere (Troposfer), (2) Tropopause (Tropopaus), (3) Stratosphere (Stratosfer), (4) Stratopause (Stratopaus), (5) Mesosphere (Mesosfer), (6) Mesopause (Mesopause), dan (7) Thermosphere (Termosfer). Pembagian ini berdasarkan temperatur (suhu) dari lapisan-lapisan atmosfer dan jaraknya dari permukaan bumi. Kekokohan lapisan-lapisan tersebut, dalam pengertian kokoh dalam menyelimuti bola bumi kita, karena adanya gaya gravitasi bumi. (lihat pula telaah ilmiah dalam Surah ar-Ra'd/13:2, Juz-13). Pada telaah ilmiah Surah ar-Ra'd/13: 2 tersebut, pembagian lapisan atmosfer sedikit berbeda dengan yang dijelaskan pada telaah ilmiah ini, di mana Ionosfer dan Eksosfer disatukan dalam Termosfer. \n\nNamun apabila pengertian tujuh langit ini dikaitkan dengan Mi'raj Rasulullah Muhammad saw, tampak kurang tepat. Tujuh langit dalam Surah an-Naba'/78: 12 ini mungkin dapat diartikan sebagai Tujuh Dimensi Ruang-Waktu dalam Kaluza-Klein Theory (KKT). Seperti dinyatakan dalam fisika bahwa terdapat empat (4) Gaya Fundamental yang ada di jagad raya ini, yaitu Gaya Elektromagnetik, Gaya Nuklir Lemah, Gaya Nuklir Kuat, dan Gaya Gravitasi. Jika keempat gaya ini terbentuk dari Ledakan Besar (Big Bang) dari suatu Singularity, maka mestinya keempat gaya ini dahulunya 'menyatu sebagai Satu Gaya Tunggal (Grand Unified Force), ini yang dikenal dalam Grand Unified Theory (GUT, Teori Ketersatuan Agung?). KKT menjelaskan bahwa untuk dapat menerangkan ketersatuan gaya-gaya yang empat itu, maka adanya geometri ruang-waktu yang kita berada di dalamnya sekarang ini tidaklah cukup. Geometri ruang-waktu yang kita berada di dalamnya sekarang ini hanya mampu menjelaskan sedikit tentang gaya-gaya Elektromagnetik dan dalam beberapa hal Gaya Gravitasi. Untuk bisa menjelaskan keempat gaya tersebut, maka KKT menyatakan harus ada tujuh dimensi ruang-waktu (time-space dimensions) yang lain. Dengan demikian bersama empat dimensi yang sudah dikenal, yaitu: garis, bidang, ruang dan waktu; maka total dimensi ada sebelas (11) dimensi. Pernyataan ini berbasiskan pada perhitungan Matematika-Fisika. Berbasiskan pada KKT ini, para saintis telah mampu pula menghitung 'garis tengah salah satu dimensi ruang-waktu itu, yaitu sebesar 10-32 cm, jadi dimensi itu sangat kecil sekali. Dengan demikian, tidaklah mungkin dengan instrument yang ada sekarang ini kita dapat menembus tujuh dimensi ruang-waktu yang lain itu. Kaluza-Klein Theory telah memberikan gambaran adanya Tujuh Dimensi Ruang-Waktu, yang kesemuanya ini akan mengokohkan geometri jagad-raya dengan empat gaya-gaya fundamentalnya. Mungkinkah tujuh langit yang kokoh tersebut adalah tujuh dimensi ruang-waktu menurut Kaluza-Klein Theory ? Wallahu a'lam bis-sawab.",
          "13": "Kedelapan, Allah menjadikan matahari sebagai pelita yang terang benderang, menyebarkan cahaya dan panasnya ke seluruh angkasa.\n\nAllah telah menjadikan matahari yang sinarnya mengandung obat untuk membunuh kuman-kuman dan mengusir penyakit-penyakit yang dapat mengganggu makhluk yang hidup seandainya tidak cukup mendapat sinar.",
          "14": "Kesembilan, Allah menurunkan dari awan air hujan yang banyak dan memberi manfaat, terutama untuk menumbuhkan tumbuh-tumbuhan yang berguna bagi manusia dan binatang.\n\nHal itu bertujuan agar dapat menumbuhkan biji-bijian seperti gandum, sayur, padi, dan tumbuh-tumbuhan untuk bahan makanan manusia dan hewan ternak. Demikian pula kebun-kebun dan taman-taman yang lebat dengan daun-daunnya yang rimbun.\n\nDalam ayat ini, Allah menyebut bermacam-macam tanaman yang tumbuh di bumi, di antaranya ada yang mempunyai batang dan ada yang tidak. Ada yang menghasilkan buah-buahan dan ada pula yang menghasilkan biji-bijian seperti gandum, padi, dan lain-lain untuk makanan manusia. Ada pula tanaman-tanaman untuk makanan binatang ternak. Semuanya itu merupakan makanan-makanan pokok dan tambahan bagi manusia.",
          "15": "Kesembilan, Allah menurunkan dari awan air hujan yang banyak dan memberi manfaat, terutama untuk menumbuhkan tumbuh-tumbuhan yang berguna bagi manusia dan binatang.\n\nHal itu bertujuan agar dapat menumbuhkan biji-bijian seperti gandum, sayur, padi, dan tumbuh-tumbuhan untuk bahan makanan manusia dan hewan ternak. Demikian pula kebun-kebun dan taman-taman yang lebat dengan daun-daunnya yang rimbun.\n\nDalam ayat ini, Allah menyebut bermacam-macam tanaman yang tumbuh di bumi, di antaranya ada yang mempunyai batang dan ada yang tidak. Ada yang menghasilkan buah-buahan dan ada pula yang menghasilkan biji-bijian seperti gandum, padi, dan lain-lain untuk makanan manusia. Ada pula tanaman-tanaman untuk makanan binatang ternak. Semuanya itu merupakan makanan-makanan pokok dan tambahan bagi manusia.",
          "16": "Kesembilan, Allah menurunkan dari awan air hujan yang banyak dan memberi manfaat, terutama untuk menumbuhkan tumbuh-tumbuhan yang berguna bagi manusia dan binatang.\n\nHal itu bertujuan agar dapat menumbuhkan biji-bijian seperti gandum, sayur, padi, dan tumbuh-tumbuhan untuk bahan makanan manusia dan hewan ternak. Demikian pula kebun-kebun dan taman-taman yang lebat dengan daun-daunnya yang rimbun.\n\nDalam ayat ini, Allah menyebut bermacam-macam tanaman yang tumbuh di bumi, di antaranya ada yang mempunyai batang dan ada yang tidak. Ada yang menghasilkan buah-buahan dan ada pula yang menghasilkan biji-bijian seperti gandum, padi, dan lain-lain untuk makanan manusia. Ada pula tanaman-tanaman untuk makanan binatang ternak. Semuanya itu merupakan makanan-makanan pokok dan tambahan bagi manusia.",
          "17": "Dalam ayat ini, Allah menerangkan bahwa hari kebangkitan itu pasti terjadi pada waktu yang telah ditetapkan. Pada hari itu diputuskan siksa yang akan diterima orang yang kafir di dalam neraka dan pahala yang akan diterima orang-orang mukmin di dalam surga, baik orang-orang terdahulu, sekarang, maupun yang kemudian. Di sana akan sangat jauh beda nasib dan kehidupan mereka sesuai dengan derajat amal perbuatan mereka ketika di dunia. Allah telah menjadikan hari itu sebagai batas antara dunia dan akhirat, tempat seluruh makhluk akan dihimpun di Padang Mahsyar agar masing-masing dapat melihat dan menyaksikan apa yang telah mereka perbuat selama hidup di dunia, sehingga orang yang berbuat kebajikan akan menerima pahalanya dan orang yang berbuat kejahatan akan menerima siksaan. Kemudian Allah menerangkan tanda-tanda hari itu dan kedahsyatannya dengan firman-Nya dalam ayat berikut ini.",
          "18": "Pada hari Kiamat itu, ditiup sangkakala yang kedua oleh malaikat Israfil yang menyebabkan seluruh makhluk akan dibangkitkan kembali, bangkit dari kuburnya masing-masing dan berkumpul di Padang Mahsyar. Tiap-tiap umat dipimpin oleh rasulnya, sehingga datang berkelompok-kelompok seperti dalam firman Allah.\n\n(Ingatlah), pada hari (ketika) Kami panggil setiap umat dengan pemimpinnya. (al-Isra'/17: 71)",
          "19": "Dalam ayat ini, Allah menerangkan bahwa pada hari keputusan itu langit terbuka dan mempunyai pintu-pintu yang memisahkan satu bagian dengan bagian yang lain. Maksudnya langit itu terbelah-belah sehingga mempunyai celah-celah seakan-akan terbuka dan mempunyai pintu-pintu. Hal ini dijelaskan oleh firman Allah yang lain:\n\nApabila langit terbelah. (al-Insyiqaq/84: 1)\n\nHal demikian terjadi karena muncul perubahan besar dalam susunan planet-planet di alam raya, yang menyebabkan perubahan dalam daya tarik dan perjalanan orbitnya. Kejadian itu menjurus ke arah kehancuran alam raya, dan juga kehancuran alam dunia.",
          "20": "Dalam ayat ini dijelaskan bawah gunung-gunung pada hari itu tidak lagi seperti sediakala, tetapi akan diguncang sehingga hancur lebur seperti kabut yang dari jauh kelihatan seperti bayangan air. Akan tetapi jika didekati, ternyata tidak ada apa-apa karena bagian-bagiannya telah terpecah belah, dihancurkan, dan beterbangan ke mana-mana.\n\nFirman Allah dalam hal ini:\n\nDan diangkatlah bumi dan gunung-gunung, lalu dibenturkan keduanya sekali benturan. (al-haqqah/69: 14)\n\nKemudian dalam ayat yang lain Allah berfirman:\n\nDan gunung-gunung dihancurluluhkan sehancur-hancurnya, maka jadilah ia debu yang beterbangan. (al-Waqi'ah/56: 5-6)\n\nKemudian gunung-gunung itu akan dihancurleburkan seperti debu yang beterbangan seperti dijelaskan dalam firman Allah:\n\nDan gunung-gunung seperti bulu yang dihambur-hamburkan. (al-Qari'ah/101: 5)\n\nAyat 17-20 dari Surah an-Naba'/78 di atas tampaknya berbicara mengenai terjadinya kiamat. Pada ayat yang dibahas, ada penggambaran mengenai tiupan sangkakala. Ada ayat lain yang juga menggunakan kata sangkakala atau trompet dalam menggambarkan kiamat, seperti Surah an-Nazi'at/79: 6-9, \"(Sungguh, kamu akan dibangkitkan) pada hari ketika tiupan pertama mengguncangkan alam, (tiupan pertama) itu diiringi dengan tiupan kedua. Hati manusia pada waktu itu merasa sangat takut, pandangannya tunduk.\"\n\nKeempat ayat di atas membahas tentang apa yang akan terjadi saat terjadinya hari kiamat. Salah satu kejadian pada hari itu adalah gempa bumi yang sangat dahsyat. Pada ayat 6-9 Surah an-Nazi'at/79, peristiwa gempa, mungkin saja bumi, digambarkan dengan kata \"tiupan\". \n\nApabila kita perhatikan ayat 6 dan 7 dari Surah an-Nazi'at/79 di atas tampak adanya kemiripan dalam gambaran tentang hari kiamat. Namun ada dua pendapat mengenai penggambarannya. Di satu pihak, para ulama menginterpretasikan kata ar-rajifah sebagai bunyi trompet yang pertama, dan ar-radifah adalah tiupan trompet yang kedua. Di pihak lain, ar-rajifah dinyatakan sebagai bumi, dan ar-radifah sebagai saat terjadinya pengadilan. Ada juga yang menginterpretasikan ar-rajifah sebagai kekacauan dari unsur-unsur bumi, sedangkan ar-radifah adalah gempa buminya. Tampaknya pendapat terakhir yang lebih realistis. Tidak ada beda antara kekacauan unsur-unsur bumi dan gempa bumi.\n\nAkan tetapi tampaknya ada pendapat lain yang lebih masuk akal. Mungkin kedua kata yang coba diinterpretasikan oleh banyak ulama sebenarnya menunjukkan adanya gempa utama dan gempa susulan, seperti dapat dilihat pada terjemahan dan tafsir ayat 6 dan 7 Surah an-Nazi'at/79 dalam Tafsir Al-Misbah, \"Pada hari ketika berguncang-guncangan yang dahsyat, diikuti oleh yang mengiringi (nya).\" \n\nSebelum terjadinya gempa utama (main shock), beberapa gempa kecil (fore shock) akan mengawalinya. Setelah gempa utama terjadi maka diikuti oleh gempa susulan (after shocks) yang kekuatannya lebih kecil dan jumlahnya banyak sekali. Lambat laun gempa susulan ini menurun baik jumlah maupun kekuatannya. \n\nPerlu diketahui bahwa gempa awal sulit diidentifikasi. Umumnya gempa utama langsung datang, dan memorak-porandakan segalanya tanpa memperlihatkan adanya gempa awal. Sebagai gambaran adalah gempa Aceh yang terjadi pada tanggal 26 Desember 2004 dengan magnitudo Mw=9,3 datang tanpa gempa awal. Gempa yang mematahkan dasar laut sepanjang hampir 1000 km ini menimbulkan tsunami dan menghancurkan wilayah yang berada di sekitar Lautan Hindia. Gempa Aceh ini kemudian memicu gempa Nias dengan kekuatan sangat besar pula, yakni Mw=8,7. Jadi, pada hakikatnya gempa Nias bukan gempa susulan melainkan gempa yang dipicu oleh gempa besar yang pertama. Baik gempa Aceh maupun gempa Nias diikuti gempa susulan masing-masing. Dengan gambaran tersebut, gempa bumi yang datang pada hari kiamat akan jauh lebih dahsyat dan mampu memicu gempa-gempa yang sama dahsyatnya sehingga bumi hancur lebur.",
          "21": "Sesungguhnya tempat pelaksanaan azab Allah yaitu neraka Jahanam, yang selalu dalam posisi menunggu kedatangan orang-orang kafir untuk disiksa di dalamnya. Diriwayatkan oleh Ibnu Jarir dan Ibnu Mundhir dari al-hasan al-Basri, \"Tidak seorang pun masuk surga kecuali setelah melalui neraka. Apabila dia sudah melewatinya, selamatlah dia dan jika tidak, dia akan tertahan.\"",
          "22": "Dijelaskan di sini bahwa neraka Jahanam itu menjadi tempat kembali bagi orang-orang yang durhaka dan melampaui batas, yang tidak mau mendengar ajakan para rasul yang membawa petunjuk dan kebenaran.",
          "23": "Mereka tinggal di dalam neraka dalam waktu yang lama sebagaimana diterangkan pula dalam firman Allah:\n\nMereka ingin keluar dari neraka, tetapi tidak akan dapat keluar dari sana. Dan mereka mendapat azab yang kekal. (al-Ma'idah/5: 37)",
          "24": "Di dalam neraka Jahanam itu mereka tidak merasakan kesejukan yang dapat mengurangi panas yang sangat menghanguskan dan tidak pula mendapat minuman yang dapat menghilangkan rasa haus.",
          "25": "Selain air yang mendidih yang sampai kepada puncak panas, ada pula nanah yang sangat busuk baunya.",
          "26": "Neraka Jahanam itu disediakan sebagai balasan dari Allah yang setimpal dengan dosa dan pelanggaran yang mereka lakukan di dunia, karena setiap kejahatan dan keburukan akan dibalas dengan kejahatan dan keburukan yang setimpal. Azab yang setimpal itu diberikan karena dosa yang sangat berat yang telah mereka lakukan yaitu mempersekutukan Allah. Mereka dibakar dalam neraka Jahanam dalam waktu yang lama sekali.",
          "27": "Setelah menerangkan azab neraka secara garis besar dalam ayat-ayat yang lalu, maka dalam ayat-ayat berikut ini Allah menyebutkan perincian terhadap dosa itu, yaitu terbagi atas dua bagian: pertama, mereka tidak takut kepada hari perhitungan karena mengingkari kedatangannya. Oleh karena itu, mereka tidak takut melakukan pelanggaran-pelanggaran itu sesuai dengan ajakan hawa nafsunya. Kedua, mereka mendustakan ayat-ayat Allah dan apa yang disebutkan dalam Al-Qur'an tentang kewajiban mentauhidkan Allah sesuai dengan seruan para rasul serta mempercayai hari kebangkitan.",
          "28": "Setelah menerangkan azab neraka secara garis besar dalam ayat-ayat yang lalu, maka dalam ayat-ayat berikut ini Allah menyebutkan perincian terhadap dosa itu, yaitu terbagi atas dua bagian: pertama, mereka tidak takut kepada hari perhitungan karena mengingkari kedatangannya. Oleh karena itu, mereka tidak takut melakukan pelanggaran-pelanggaran itu sesuai dengan ajakan hawa nafsunya. Kedua, mereka mendustakan ayat-ayat Allah dan apa yang disebutkan dalam Al-Qur'an tentang kewajiban mentauhidkan Allah sesuai dengan seruan para rasul serta mempercayai hari kebangkitan.",
          "29": "Setelah menerangkan amal perbuatan mereka yang buruk dan akidah yang sesat, maka Allah dalam ayat ini menerangkan bahwa segala sesuatu yang mereka kerjakan itu telah dihitung sesuai dengan catatan yang ada pada sisi-Nya. Segala amalan manusia secara keseluruhan telah tercatat dalam catatan-Nya itu, tidak ada yang ketinggalan sedikit pun.",
          "30": "Dalam ayat ini, Allah menerangkan bahwa akibat dari kekafiran dan kedurhakaan itu, mereka akan merasakan siksaan-Nya. Allah tidak akan menambah kecuali dengan azab yang lebih pedih lagi.",
          "31": "Dalam ayat ini, Allah menerangkan bahwa orang-orang yang bertakwa itu benar-benar akan mendapat kemenangan dan kebahagiaan dengan penghormatan dan pahala yang besar di dalam surga.",
          "32": "Di dalamnya terdapat berbagai nikmat, antara lain berupa kebun-kebun kurma dan buah anggur yang sangat lezat rasanya, cocok dengan selera, dan sedap dalam pandangan mata.",
          "33": "Lalu diterangkan pula bahwa di dalam surga itu terdapat pula banyak bidadari yang cantik, montok, dan sebaya usianya. Kesenangan bergaul dengan kaum wanita yang biasanya merupakan kesenangan yang memuncak di dunia, akan dialami pula oleh ahli surga dengan cara yang lebih sempurna, tetapi tidak dapat dibayangkan bagaimana terjadinya nanti.",
          "34": "Di dalamnya juga terdapat hidangan-hidangan minuman yang dikemas dalam gelas-gelas yang penuh. Dalam firman Allah yang lain dinyatakan:\n\nDan di sana mereka diberi segelas minuman bercampur jahe. (al-Insan/76: 17)",
          "35": "Di dalam surga itu, mereka tidak mendengar perkataan yang tidak berarti atau sia-sia dan tidak pula perkataan yang dusta walaupun mereka meminum arak, sebagaimana diterangkan dalam firman Allah:\n\n(Di dalam surga itu) mereka saling mengulurkan gelas yang isinya tidak (menimbulkan) ucapan yang tidak berfaedah ataupun perbuatan dosa. (ath-thur/52: 23)",
          "36": "Dalam ayat ini diterangkan bahwa kemenangan dan kebahagiaan yang besar itu adalah pemberian yang banyak dari Allah, sebagai rahmat dan karunia-Nya kepada hamba yang taat kepada-Nya.",
          "37": "Dalam ayat ini, Allah menerangkan bahwa Dialah Tuhan Yang memelihara langit dan bumi dan segala yang berada di antaranya dengan sifat-Nya sebagai Tuhan Yang Maha Pemurah. Keagungan Allah pada hari Kiamat itu tampak sekali, tidak seorang pun yang akan berbicara dengan Allah, melainkan dengan izin-Nya.",
          "38": "Dalam ayat ini, Allah menerangkan bahwa pada hari Kiamat itu Malaikat Jibril dan para malaikat lainnya berdiri bersaf-saf menunggu perintah Allah. Mereka tidak berkata apa pun kecuali setelah diberi izin oleh Allah Yang Maha Pemurah. Kata-kata yang mereka ucapkan pun ketika itu hanya kata-kata yang benar.",
          "39": "Dalam ayat ini, Allah menerangkan bahwa hari Kiamat itu pasti terjadi dan persoalan-persoalan yang tadinya tertutup atau tersembunyi pasti akan diungkapkan. Begitu pula apa-apa yang tersimpan dalam hati manusia, pada hari itu pasti diperlihatkan. Oleh karena itu, Allah mendorong mereka agar bertambah dekat kepada-Nya dan melakukan perbuatan yang menjauhkan diri dari azab-Nya. Dengan demikian, ia pasti menempuh jalan kembali kepada Tuhannya dengan penuh kebahagiaan.",
          "40": "Ayat ini memberi peringatan kepada orang-orang kafir bahwa sesungguhnya Allah telah memberi peringatan kepada mereka dengan siksaan yang dekat.\n\nSetiap orang harus mengerti bahwa apa saja yang akan dialaminya telah dekat waktu terjadinya. Soal jarak waktu bukanlah suatu hal yang penting, tetapi yang penting adalah peristiwa itu pasti akan dialaminya. Maka seorang yang berakal sehat selalu bersiap-siap untuk menghadapi peristiwa-peristiwa yang akan dijumpainya. Pada hari itu, manusia akan melihat apa yang telah diperbuat oleh kedua tangannya, sebagaimana dijelaskan pula dalam firman Allah:\n\n(Ingatlah) pada hari (ketika) setiap jiwa mendapatkan (balasan) atas kebajikan yang telah dikerjakan dihadapkan kepadanya, (begitu juga balasan) atas kejahatan yang telah dia kerjakan. Dia berharap sekiranya ada jarak yang jauh antara dia dengan (hari) itu. (Ali 'Imran/3: 30)\n\nPada hari itu, orang kafir akan berkata dengan penuh kesedihan dan penyesalan, \"Andaikata aku dahulu di dunia hanya menjadi tanah, dan tidak menjadi manusia yang durhaka kepada Tuhan.\""
        }
      }
    }
  }
}