{
  "name": "Abasa",
  "name_translations": {
    "ar": "عبس",
    "en": "He frowned",
    "id": "Bermuka Masam"
  },
  "number_of_ayah": 42,
  "number_of_surah": 80,
  "place": "Mecca",
  "recitations": [{
    "name": "Mishari Rashid al-`Afasy",
    "audio_url": "https://download.quranicaudio.com/quran/mishaari_raashid_al_3afaasee/080.mp3"
  }, {
    "name": "Abdur-Rahman as-Sudais",
    "audio_url": "https://download.quranicaudio.com/quran/abdurrahmaan_as-sudays/080.mp3"
  }, {
    "name": "Saad al-Ghamdi",
    "audio_url": "https://download.quranicaudio.com/quran/sa3d_al-ghaamidi/complete/080.mp3"
  }],
  "type": "Makkiyah",
  "verses": [{
    "number": 1,
    "text": "بِسْمِ ٱللَّهِ ٱلرَّحْمَٰنِ ٱلرَّحِيمِ عَبَسَ وَتَوَلَّىٰٓ",
    "translation_en": "The Prophet frowned and turned away",
    "translation_id": "Dia (Muhammad) bermuka masam dan berpaling,"
  }, {
    "number": 2,
    "text": "أَن جَآءَهُ ٱلْأَعْمَىٰ",
    "translation_en": "Because there came to him the blind man, [interrupting].",
    "translation_id": "karena telah datang seorang buta kepadanya."
  }, {
    "number": 3,
    "text": "وَمَا يُدْرِيكَ لَعَلَّهُۥ يَزَّكَّىٰٓ",
    "translation_en": "But what would make you perceive, [O Muhammad], that perhaps he might be purified",
    "translation_id": "Tahukah kamu barangkali ia ingin membersihkan dirinya (dari dosa),"
  }, {
    "number": 4,
    "text": "أَوْ يَذَّكَّرُ فَتَنفَعَهُ ٱلذِّكْرَىٰٓ",
    "translation_en": "Or be reminded and the remembrance would benefit him?",
    "translation_id": "atau dia (ingin) mendapatkan pengajaran, lalu pengajaran itu memberi manfaat kepadanya?"
  }, {
    "number": 5,
    "text": "أَمَّا مَنِ ٱسْتَغْنَىٰ",
    "translation_en": "As for he who thinks himself without need,",
    "translation_id": "Adapun orang yang merasa dirinya serba cukup,"
  }, {
    "number": 6,
    "text": "فَأَنتَ لَهُۥ تَصَدَّىٰ",
    "translation_en": "To him you give attention.",
    "translation_id": "maka kamu melayaninya."
  }, {
    "number": 7,
    "text": "وَمَا عَلَيْكَ أَلَّا يَزَّكَّىٰ",
    "translation_en": "And not upon you [is any blame] if he will not be purified.",
    "translation_id": "Padahal tidak ada (celaan) atasmu kalau dia tidak membersihkan diri (beriman)."
  }, {
    "number": 8,
    "text": "وَأَمَّا مَن جَآءَكَ يَسْعَىٰ",
    "translation_en": "But as for he who came to you striving [for knowledge]",
    "translation_id": "Dan adapun orang yang datang kepadamu dengan bersegera (untuk mendapatkan pengajaran),"
  }, {
    "number": 9,
    "text": "وَهُوَ يَخْشَىٰ",
    "translation_en": "While he fears [Allah],",
    "translation_id": "sedang ia takut kepada (Allah),"
  }, {
    "number": 10,
    "text": "فَأَنتَ عَنْهُ تَلَهَّىٰ",
    "translation_en": "From him you are distracted.",
    "translation_id": "maka kamu mengabaikannya."
  }, {
    "number": 11,
    "text": "كَلَّآ إِنَّهَا تَذْكِرَةٌ",
    "translation_en": "No! Indeed, these verses are a reminder;",
    "translation_id": "Sekali-kali jangan (demikian)! Sesungguhnya ajaran-ajaran Tuhan itu adalah suatu peringatan,"
  }, {
    "number": 12,
    "text": "فَمَن شَآءَ ذَكَرَهُۥ",
    "translation_en": "So whoever wills may remember it.",
    "translation_id": "maka barangsiapa yang menghendaki, tentulah ia memperhatikannya,"
  }, {
    "number": 13,
    "text": "فِى صُحُفٍ مُّكَرَّمَةٍ",
    "translation_en": "[It is recorded] in honored sheets,",
    "translation_id": "di dalam kitab-kitab yang dimuliakan,"
  }, {
    "number": 14,
    "text": "مَّرْفُوعَةٍ مُّطَهَّرَةٍۭ",
    "translation_en": "Exalted and purified,",
    "translation_id": "yang ditinggikan lagi disucikan,"
  }, {
    "number": 15,
    "text": "بِأَيْدِى سَفَرَةٍ",
    "translation_en": "[Carried] by the hands of messenger-angels,",
    "translation_id": "di tangan para penulis (malaikat),"
  }, {
    "number": 16,
    "text": "كِرَامٍۭ بَرَرَةٍ",
    "translation_en": "Noble and dutiful.",
    "translation_id": "yang mulia lagi berbakti."
  }, {
    "number": 17,
    "text": "قُتِلَ ٱلْإِنسَٰنُ مَآ أَكْفَرَهُۥ",
    "translation_en": "Cursed is man; how disbelieving is he.",
    "translation_id": "Binasalah manusia; alangkah amat sangat kekafirannya?"
  }, {
    "number": 18,
    "text": "مِنْ أَىِّ شَىْءٍ خَلَقَهُۥ",
    "translation_en": "From what substance did He create him?",
    "translation_id": "Dari apakah Allah menciptakannya?"
  }, {
    "number": 19,
    "text": "مِن نُّطْفَةٍ خَلَقَهُۥ فَقَدَّرَهُۥ",
    "translation_en": "From a sperm-drop He created him and destined for him;",
    "translation_id": "Dari setetes mani, Allah menciptakannya lalu menentukannya."
  }, {
    "number": 20,
    "text": "ثُمَّ ٱلسَّبِيلَ يَسَّرَهُۥ",
    "translation_en": "Then He eased the way for him;",
    "translation_id": "Kemudian Dia memudahkan jalannya."
  }, {
    "number": 21,
    "text": "ثُمَّ أَمَاتَهُۥ فَأَقْبَرَهُۥ",
    "translation_en": "Then He causes his death and provides a grave for him.",
    "translation_id": "kemudian Dia mematikannya dan memasukkannya ke dalam kubur,"
  }, {
    "number": 22,
    "text": "ثُمَّ إِذَا شَآءَ أَنشَرَهُۥ",
    "translation_en": "Then when He wills, He will resurrect him.",
    "translation_id": "kemudian bila Dia menghendaki, Dia membangkitkannya kembali."
  }, {
    "number": 23,
    "text": "كَلَّا لَمَّا يَقْضِ مَآ أَمَرَهُۥ",
    "translation_en": "No! Man has not yet accomplished what He commanded him.",
    "translation_id": "Sekali-kali jangan; manusia itu belum melaksanakan apa yang diperintahkan Allah kepadanya,"
  }, {
    "number": 24,
    "text": "فَلْيَنظُرِ ٱلْإِنسَٰنُ إِلَىٰ طَعَامِهِۦٓ",
    "translation_en": "Then let mankind look at his food -",
    "translation_id": "maka hendaklah manusia itu memperhatikan makanannya."
  }, {
    "number": 25,
    "text": "أَنَّا صَبَبْنَا ٱلْمَآءَ صَبًّا",
    "translation_en": "How We poured down water in torrents,",
    "translation_id": "Sesungguhnya Kami benar-benar telah mencurahkan air (dari langit),"
  }, {
    "number": 26,
    "text": "ثُمَّ شَقَقْنَا ٱلْأَرْضَ شَقًّا",
    "translation_en": "Then We broke open the earth, splitting [it with sprouts],",
    "translation_id": "kemudian Kami belah bumi dengan sebaik-baiknya,"
  }, {
    "number": 27,
    "text": "فَأَنۢبَتْنَا فِيهَا حَبًّا",
    "translation_en": "And caused to grow within it grain",
    "translation_id": "lalu Kami tumbuhkan biji-bijian di bumi itu,"
  }, {
    "number": 28,
    "text": "وَعِنَبًا وَقَضْبًا",
    "translation_en": "And grapes and herbage",
    "translation_id": "anggur dan sayur-sayuran,"
  }, {
    "number": 29,
    "text": "وَزَيْتُونًا وَنَخْلًا",
    "translation_en": "And olive and palm trees",
    "translation_id": "zaitun dan kurma,"
  }, {
    "number": 30,
    "text": "وَحَدَآئِقَ غُلْبًا",
    "translation_en": "And gardens of dense shrubbery",
    "translation_id": "kebun-kebun (yang) lebat,"
  }, {
    "number": 31,
    "text": "وَفَٰكِهَةً وَأَبًّا",
    "translation_en": "And fruit and grass -",
    "translation_id": "dan buah-buahan serta rumput-rumputan,"
  }, {
    "number": 32,
    "text": "مَّتَٰعًا لَّكُمْ وَلِأَنْعَٰمِكُمْ",
    "translation_en": "[As] enjoyment for you and your grazing livestock.",
    "translation_id": "untuk kesenanganmu dan untuk binatang-binatang ternakmu."
  }, {
    "number": 33,
    "text": "فَإِذَا جَآءَتِ ٱلصَّآخَّةُ",
    "translation_en": "But when there comes the Deafening Blast",
    "translation_id": "Dan apabila datang suara yang memekakkan (tiupan sangkakala yang kedua),"
  }, {
    "number": 34,
    "text": "يَوْمَ يَفِرُّ ٱلْمَرْءُ مِنْ أَخِيهِ",
    "translation_en": "On the Day a man will flee from his brother",
    "translation_id": "pada hari ketika manusia lari dari saudaranya,"
  }, {
    "number": 35,
    "text": "وَأُمِّهِۦ وَأَبِيهِ",
    "translation_en": "And his mother and his father",
    "translation_id": "dari ibu dan bapaknya,"
  }, {
    "number": 36,
    "text": "وَصَٰحِبَتِهِۦ وَبَنِيهِ",
    "translation_en": "And his wife and his children,",
    "translation_id": "dari istri dan anak-anaknya."
  }, {
    "number": 37,
    "text": "لِكُلِّ ٱمْرِئٍ مِّنْهُمْ يَوْمَئِذٍ شَأْنٌ يُغْنِيهِ",
    "translation_en": "For every man, that Day, will be a matter adequate for him.",
    "translation_id": "Setiap orang dari mereka pada hari itu mempunyai urusan yang cukup menyibukkannya."
  }, {
    "number": 38,
    "text": "وُجُوهٌ يَوْمَئِذٍ مُّسْفِرَةٌ",
    "translation_en": "[Some] faces, that Day, will be bright -",
    "translation_id": "Banyak muka pada hari itu berseri-seri,"
  }, {
    "number": 39,
    "text": "ضَاحِكَةٌ مُّسْتَبْشِرَةٌ",
    "translation_en": "Laughing, rejoicing at good news.",
    "translation_id": "tertawa dan bergembira ria,"
  }, {
    "number": 40,
    "text": "وَوُجُوهٌ يَوْمَئِذٍ عَلَيْهَا غَبَرَةٌ",
    "translation_en": "And [other] faces, that Day, will have upon them dust.",
    "translation_id": "dan banyak (pula) muka pada hari itu tertutup debu,"
  }, {
    "number": 41,
    "text": "تَرْهَقُهَا قَتَرَةٌ",
    "translation_en": "Blackness will cover them.",
    "translation_id": "dan ditutup lagi oleh kegelapan."
  }, {
    "number": 42,
    "text": "أُو۟لَٰٓئِكَ هُمُ ٱلْكَفَرَةُ ٱلْفَجَرَةُ",
    "translation_en": "Those are the disbelievers, the wicked ones.",
    "translation_id": "Mereka itulah orang-orang kafir lagi durhaka."
  }],
  "tafsir": {
    "id": {
      "kemenag": {
        "name": "Kemenag",
        "source": "Aplikasi Quran Kementrian Agama Republik Indonesia",
        "text": {
          "1": "Pada permulaan Surah 'Abasa ini, Allah menegur Nabi Muhammad yang bermuka masam dan berpaling dari 'Abdullah bin Ummi Maktum yang buta, ketika sahabat ini menyela pembicaraan Nabi dengan beberapa tokoh Quraisy. Saat itu 'Abdullah bin Ummi Maktum bertanya dan meminta Nabi saw untuk membacakan dan mengajarkan beberapa wahyu yang telah diterima Nabi. Permintaan itu diulanginya beberapa kali karena ia tidak tahu Nabi sedang sibuk menghadapi beberapa pembesar Quraisy.\n\nSebetulnya Nabi saw sesuai dengan skala prioritas sedang menghadapi tokoh-tokoh penting yang diharapkan dapat masuk Islam karena hal ini akan mempunyai pengaruh besar pada perkembangan dakwah selanjutnya. Maka adalah manusiawi jika Nabi saw tidak memperhatikan pertanyaan 'Abdullah bin Ummi Maktum, apalagi telah ada porsi waktu yang telah disediakan untuk pembicaraan Nabi dengan para sahabat.\n\nTetapi Nabi Muhammad sebagai manusia terbaik dan contoh teladan utama bagi setiap orang mukmin (uswah hasanah), maka Nabi tidak boleh membeda-bedakan derajat manusia. Dalam menetapkan skala prioritas juga harus lebih memberi perhatian kepada orang kecil apalagi memiliki kelemahan seperti 'Abdullah bin Ummi Maktum yang buta dan tidak dapat melihat. Maka seharusnya Nabi lebih mendahulukan pembicaraan dengan 'Abdullah bin Ummi Maktum daripada dengan para tokoh Quraisy.\n\nDalam peristiwa ini Nabi saw tidak mengatakan sepatah katapun kepada 'Abdullah bin Ummi Maktum yang menyebabkan hatinya terluka, tetapi Allah melihat raut muka Nabi Muhammad saw yang masam itu dan tidak mengindahakan Ummi Maktum yang menyebabkan dia tersinggung.\n\nHikmah adanya teguran Allah kepada Nabi Muhammad juga memberi bukti bahwa Al-Qur'an bukanlah karangan Nabi, tetapi betul-betul firman Allah. Teguran yang sangat keras ini tidak mungkin dikarang sendiri oleh Nabi.\n\n'Abdullah bin Ummi Maktum adalah seorang yang bersih dan cerdas. Apabila mendengarkan hikmah, ia dapat memeliharanya dan membersihkan diri dari kebusukan kemusyrikan. Adapun para pembesar Quraisy itu sebagian besar adalah orang-orang yang kaya dan angkuh sehingga tidak sepatutnya Nabi terlalu serius menghadapi mereka untuk diislamkan. Tugas Nabi hanya sekadar menyampaikan risalah dan persoalan hidayah semata-mata berada di bawah kekuasaan Allah. Kekuatan manusia itu harus dipandang dari segi kecerdasan pikiran dan keteguhan hatinya serta kesediaan untuk menerima dan melaksanakan kebenaran. Adapun harta, kedudukan, dan pengaruh kepemimpinan bersifat tidak tetap, suatu ketika ada dan pada saat yang lain hilang sehingga tidak bisa diandalkan. \n\nNabi sendiri setelah ayat ini turun selalu menghormati 'Abdullah bin Ummi Maktum dan sering memuliakannya melalui sabda beliau, \"Selamat datang kepada orang yang menyebabkan aku ditegur oleh Allah. Apakah engkau mempunyai keperluan?\"",
          "2": "Pada permulaan Surah 'Abasa ini, Allah menegur Nabi Muhammad yang bermuka masam dan berpaling dari 'Abdullah bin Ummi Maktum yang buta, ketika sahabat ini menyela pembicaraan Nabi dengan beberapa tokoh Quraisy. Saat itu 'Abdullah bin Ummi Maktum bertanya dan meminta Nabi saw untuk membacakan dan mengajarkan beberapa wahyu yang telah diterima Nabi. Permintaan itu diulanginya beberapa kali karena ia tidak tahu Nabi sedang sibuk menghadapi beberapa pembesar Quraisy.\n\nSebetulnya Nabi saw sesuai dengan skala prioritas sedang menghadapi tokoh-tokoh penting yang diharapkan dapat masuk Islam karena hal ini akan mempunyai pengaruh besar pada perkembangan dakwah selanjutnya. Maka adalah manusiawi jika Nabi saw tidak memperhatikan pertanyaan 'Abdullah bin Ummi Maktum, apalagi telah ada porsi waktu yang telah disediakan untuk pembicaraan Nabi dengan para sahabat.\n\nTetapi Nabi Muhammad sebagai manusia terbaik dan contoh teladan utama bagi setiap orang mukmin (uswah hasanah), maka Nabi tidak boleh membeda-bedakan derajat manusia. Dalam menetapkan skala prioritas juga harus lebih memberi perhatian kepada orang kecil apalagi memiliki kelemahan seperti 'Abdullah bin Ummi Maktum yang buta dan tidak dapat melihat. Maka seharusnya Nabi lebih mendahulukan pembicaraan dengan 'Abdullah bin Ummi Maktum daripada dengan para tokoh Quraisy.\n\nDalam peristiwa ini Nabi saw tidak mengatakan sepatah katapun kepada 'Abdullah bin Ummi Maktum yang menyebabkan hatinya terluka, tetapi Allah melihat raut muka Nabi Muhammad saw yang masam itu dan tidak mengindahakan Ummi Maktum yang menyebabkan dia tersinggung.\n\nHikmah adanya teguran Allah kepada Nabi Muhammad juga memberi bukti bahwa Al-Qur'an bukanlah karangan Nabi, tetapi betul-betul firman Allah. Teguran yang sangat keras ini tidak mungkin dikarang sendiri oleh Nabi.\n\n'Abdullah bin Ummi Maktum adalah seorang yang bersih dan cerdas. Apabila mendengarkan hikmah, ia dapat memeliharanya dan membersihkan diri dari kebusukan kemusyrikan. Adapun para pembesar Quraisy itu sebagian besar adalah orang-orang yang kaya dan angkuh sehingga tidak sepatutnya Nabi terlalu serius menghadapi mereka untuk diislamkan. Tugas Nabi hanya sekadar menyampaikan risalah dan persoalan hidayah semata-mata berada di bawah kekuasaan Allah. Kekuatan manusia itu harus dipandang dari segi kecerdasan pikiran dan keteguhan hatinya serta kesediaan untuk menerima dan melaksanakan kebenaran. Adapun harta, kedudukan, dan pengaruh kepemimpinan bersifat tidak tetap, suatu ketika ada dan pada saat yang lain hilang sehingga tidak bisa diandalkan. \n\nNabi sendiri setelah ayat ini turun selalu menghormati 'Abdullah bin Ummi Maktum dan sering memuliakannya melalui sabda beliau, \"Selamat datang kepada orang yang menyebabkan aku ditegur oleh Allah. Apakah engkau mempunyai keperluan?\"",
          "3": "Dalam ayat-ayat ini, Allah menegur Rasul-Nya, \"Apa yang memberitahukan kepadamu tentang keadaan orang buta ini? Boleh jadi ia ingin membersihkan dirinya dengan ajaran yang kamu berikan kepadanya atau ingin bermanfaat bagi dirinya dan ia mendapat keridaan Allah, sedangkan pengajaran itu belum tentu bermanfaat bagi orang-orang kafir Quraisy yang sedang kamu hadapi itu.\"",
          "4": "Dalam ayat-ayat ini, Allah menegur Rasul-Nya, \"Apa yang memberitahukan kepadamu tentang keadaan orang buta ini? Boleh jadi ia ingin membersihkan dirinya dengan ajaran yang kamu berikan kepadanya atau ingin bermanfaat bagi dirinya dan ia mendapat keridaan Allah, sedangkan pengajaran itu belum tentu bermanfaat bagi orang-orang kafir Quraisy yang sedang kamu hadapi itu.\"",
          "5": "Dalam ayat-ayat ini, Allah melanjutkan teguran-Nya, \"Adapun orang-orang kafir Mekah yang merasa dirinya serba cukup dan mampu, mereka tidak tertarik untuk beriman padamu, mengapa engkau bersikap terlalu condong pada mereka dan ingin sekali supaya mereka masuk Islam.\"",
          "6": "Dalam ayat-ayat ini, Allah melanjutkan teguran-Nya, “Adapun orang-orang kafir Mekah yang merasa dirinya serba cukup dan mampu, mereka tidak tertarik untuk beriman padamu, mengapa engkau bersikap terlalu condong pada mereka dan ingin sekali supaya mereka masuk Islam.”",
          "7": "Dalam ayat-ayat ini, Allah melanjutkan teguran-Nya, \"Adapun orang-orang kafir Mekah yang merasa dirinya serba cukup dan mampu, mereka tidak tertarik untuk beriman padamu, mengapa engkau bersikap terlalu condong pada mereka dan ingin sekali supaya mereka masuk Islam.\"",
          "8": "Dalam ayat-ayat ini, Allah mengingatkan Nabi Muhammad, \"Dan adapun orang seperti 'Abdullah bin Ummi Maktum yang datang kepadamu dengan bersegera untuk mendapat petunjuk dan rahmat dari Tuhannya, sedang ia takut kepada Allah jika ia jatuh ke dalam lembah kesesatan, maka kamu bersikap acuh tak acuh dan tidak memperhatikan permintaannya.\"",
          "9": "Dalam ayat-ayat ini, Allah mengingatkan Nabi Muhammad, \"Dan adapun orang seperti 'Abdullah bin Ummi Maktum yang datang kepadamu dengan bersegera untuk mendapat petunjuk dan rahmat dari Tuhannya, sedang ia takut kepada Allah jika ia jatuh ke dalam lembah kesesatan, maka kamu bersikap acuh tak acuh dan tidak memperhatikan permintaannya.\"",
          "10": "Dalam ayat-ayat ini, Allah mengingatkan Nabi Muhammad, \"Dan adapun orang seperti 'Abdullah bin Ummi Maktum yang datang kepadamu dengan bersegera untuk mendapat petunjuk dan rahmat dari Tuhannya, sedang ia takut kepada Allah jika ia jatuh ke dalam lembah kesesatan, maka kamu bersikap acuh tak acuh dan tidak memperhatikan permintaannya.\"",
          "11": "Dalam ayat ini, Allah menegur Nabi-Nya agar tidak lagi mengulangi tindakan-tindakan seperti itu yaitu ketika ia menghadapi Ibnu Ummi Maktum dan al-Walid bin al-Mugirah beserta kawan-kawannya.\n\nSesungguhnya pengajaran Allah itu adalah suatu peringatan dan nasihat untuk menyadarkan orang-orang yang lupa atau tidak memperhatikan tanda-tanda kebesaran dan kekuasaan Tuhannya. Barang siapa yang menghendaki peringatan yang jelas dan gamblang, tentu ia memperhatikan dan beramal sesuai dengan kehendak hidayah itu. Apalagi jika diperhatikan bahwa hidayah itu berasal dari kitab-kitab yang mulia seperti diterangkan dalam ayat-ayat berikutnya.",
          "12": "Dalam ayat ini, Allah menegur Nabi-Nya agar tidak lagi mengulangi tindakan-tindakan seperti itu yaitu ketika ia menghadapi Ibnu Ummi Maktum dan al-Walid bin al-Mugirah beserta kawan-kawannya.\n\nSesungguhnya pengajaran Allah itu adalah suatu peringatan dan nasihat untuk menyadarkan orang-orang yang lupa atau tidak memperhatikan tanda-tanda kebesaran dan kekuasaan Tuhannya. Barang siapa yang menghendaki peringatan yang jelas dan gamblang, tentu ia memperhatikan dan beramal sesuai dengan kehendak hidayah itu. Apalagi jika diperhatikan bahwa hidayah itu berasal dari kitab-kitab yang mulia seperti diterangkan dalam ayat-ayat berikutnya.",
          "13": "Al-Qur'an adalah salah satu dari kitab-kitab yang diturunkan kepada para nabi. Ia merupakan kitab yang mulia dan tinggi nilai ajarannya dan disucikan dari segala macam bentuk pengaruh setan. Al-Qur'an diturunkan dengan perantaraan para penulis yaitu para malaikat yang sangat mulia lagi berbakti, sebagaimana dalam firman Allah:\n\nYang tidak durhaka kepada Allah terhadap apa yang Dia perintahkan kepada mereka dan selalu mengerjakan apa yang diperintahkan. (at-Tahrim/66: 6)",
          "14": "Al-Qur'an adalah salah satu dari kitab-kitab yang diturunkan kepada para nabi. Ia merupakan kitab yang mulia dan tinggi nilai ajarannya dan disucikan dari segala macam bentuk pengaruh setan. Al-Qur'an diturunkan dengan perantaraan para penulis yaitu para malaikat yang sangat mulia lagi berbakti, sebagaimana dalam firman Allah:\n\nYang tidak durhaka kepada Allah terhadap apa yang Dia perintahkan kepada mereka dan selalu mengerjakan apa yang diperintahkan. (at-Tahrim/66: 6)",
          "15": "Al-Qur'an adalah salah satu dari kitab-kitab yang diturunkan kepada para nabi. Ia merupakan kitab yang mulia dan tinggi nilai ajarannya dan disucikan dari segala macam bentuk pengaruh setan. Al-Qur'an diturunkan dengan perantaraan para penulis yaitu para malaikat yang sangat mulia lagi berbakti, sebagaimana dalam firman Allah:\n\nYang tidak durhaka kepada Allah terhadap apa yang Dia perintahkan kepada mereka dan selalu mengerjakan apa yang diperintahkan. (at-Tahrim/66: 6)",
          "16": "Al-Qur'an adalah salah satu dari kitab-kitab yang diturunkan kepada para nabi. Ia merupakan kitab yang mulia dan tinggi nilai ajarannya dan disucikan dari segala macam bentuk pengaruh setan. Al-Qur'an diturunkan dengan perantaraan para penulis yaitu para malaikat yang sangat mulia lagi berbakti, sebagaimana dalam firman Allah:\n\nYang tidak durhaka kepada Allah terhadap apa yang Dia perintahkan kepada mereka dan selalu mengerjakan apa yang diperintahkan. (at-Tahrim/66: 6)",
          "17": "Dalam ayat-ayat ini, Allah memberi peringatan keras kepada manusia dengan kalimat-kalimat yang tegas, yaitu: binasalah manusia! Alangkah besar keingkarannya kepada nikmat-nikmat Allah yang telah dilimpahkan kepadanya sejak mulai lahir sampai matinya. Allah mengemukakan pertanyaan supaya dijadikan renungan oleh manusia untuk dapat menimbulkan kesadaran, yaitu dari apakah Allah menciptakannya?\n\nAllah memberi perincian tentang macam-macam nikmat yang telah diberikan kepada manusia dalam tiga masa, yaitu permulaan, pertengahan dan bagian akhir. Allah memberi isyarat kepada yang pertama dengan pertanyaan berikut ini: \"Dari apakah manusia diciptakan Allah?\"",
          "18": "Dalam ayat-ayat ini, Allah memberi peringatan keras kepada manusia dengan kalimat-kalimat yang tegas, yaitu: binasalah manusia! Alangkah besar keingkarannya kepada nikmat-nikmat Allah yang telah dilimpahkan kepadanya sejak mulai lahir sampai matinya. Allah mengemukakan pertanyaan supaya dijadikan renungan oleh manusia untuk dapat menimbulkan kesadaran, yaitu dari apakah Allah menciptakannya?\n\nAllah memberi perincian tentang macam-macam nikmat yang telah diberikan kepada manusia dalam tiga masa, yaitu permulaan, pertengahan dan bagian akhir. Allah memberi isyarat kepada yang pertama dengan pertanyaan berikut ini: \"Dari apakah manusia diciptakan Allah?\"",
          "19": "Sebagai jawaban dari pertanyaan di atas, Allah menjelaskan bahwa manusia diciptakan dari setetes mani yang hina. Allah lalu menentukan tahap-tahap kejadian, umur, rezeki, dan nasibnya.",
          "20": "Pada ayat ini, Allah menjelaskan bahwa Dia telah memudahkan jalan manusia pada bagian pertengahan yaitu memberi kesempatan kepadanya untuk menempuh jalan yang benar atau jalan yang sesat. Sebenarnya manusia tidak pantas menyombongkan diri, apabila ia mengerti asal kejadiannya, sebagaimana firman Allah:\n\nYang memperindah segala sesuatu yang Dia ciptakan dan yang memulai penciptaan manusia dari tanah, kemudian Dia menjadikan keturunannya dari sari pati air yang hina (air mani). (as-Sajdah/32: 7-8)",
          "21": "Dalam dua ayat ini dijelaskan bahwa dalam tahap terakhir (penghabisan), Allah mematikan dan memasukkan manusia ke dalam kubur. Sampai saatnya nanti pada hari Kiamat, Allah membangkitkannya kembali dari kubur-kubur mereka. Firman Allah menjelaskan:\n\nDarinya (tanah) itulah Kami menciptakan kamu dan kepadanyalah Kami akan mengembalikan kamu dan dari sanalah Kami akan mengeluarkan kamu pada waktu yang lain. (thaha/20: 55)",
          "22": "Dalam dua ayat ini dijelaskan bahwa dalam tahap terakhir (penghabisan), Allah mematikan dan memasukkan manusia ke dalam kubur. Sampai saatnya nanti pada hari Kiamat, Allah membangkitkannya kembali dari kubur-kubur mereka. Firman Allah menjelaskan:\n\nDarinya (tanah) itulah Kami menciptakan kamu dan kepadanyalah Kami akan mengembalikan kamu dan dari sanalah Kami akan mengeluarkan kamu pada waktu yang lain. (thaha/20: 55)",
          "23": "Dalam ayat ini, Allah mengulangi lagi peringatan-Nya akan kekafiran manusia terhadap nikmat-Nya dengan menyatakan bahwa setiap orang kafir itu sangat aneh. Semestinya mereka beriman dan mengagungkan Allah setelah merasakan nikmat yang dianugerahkan kepada mereka, tetapi mereka bersikap sebaliknya. Mereka mengingkari nikmat itu seakan-akan hanya hasil usaha mereka sendiri.",
          "24": "Dalam ayat ini, Allah menyuruh manusia untuk memperhatikan makanannya, bagaimana Ia telah menyiapkan makanan yang bergizi yang mengandung protein, karbohidrat, dan lain-lain sehingga memenuhi kebutuhan hidupnya. Manusia dapat merasakan kelezatan makanan dan minumannya yang juga menjadi pendorong bagi pemeliharaan tubuhnya sehingga tetap dalam keadaan sehat dan mampu menunaikan tugas yang dibebankan kepadanya.",
          "25": "Pada ayat ini dijelaskan bahwa sesungguhnya Allah telah mencurahkan air hujan dari langit dengan curahan yang cukup besar sehingga memenuhi kebutuhan semua makhluk-Nya, baik manusia, binatang, maupun tumbuh-tumbuhan.",
          "26": "Kemudian Allah membukakan permukaan bumi dengan sebaik-baiknya agar supaya udara dan sinar matahari dapat masuk ke dalam bagian bumi, sehingga tanahnya menjadi subur untuk menumbuhkan berbagai tanaman.",
          "27": "Dalam ayat ini dan selanjutnya Allah menyebutkan beberapa macam tumbuh-tumbuhan: pertama, Allah menumbuhkan di bumi biji-bijian seperti gandum, padi, dan lain-lainnya yang menjadi makanan pokok.\n\nKedua dan ketiga, Allah menumbuhkan pula buah anggur dan bermacam sayuran yang dapat dimakan secara langsung.\n\nKeempat dan kelima, buah zaitun dan pohon kurma.\n\nKeenam, kebun-kebun yang besar, tinggi, dan lebat buahnya. Tidak hanya buahnya yang dapat dimanfaatkan, tetapi pohonnya pun dapat dijadikan bahan bangunan dan alat-alat perumahan.\n\nKetujuh, bermacam-macam buah-buahan yang lain, seperti buah pir, apel, mangga, dan sebagainya.\n\nKedelapan, berbagai macam rumput-rumputan.\n\nAir yang turun dari langit dan perannya dalam \"menghidupkan tanah yang mati\" secara jelas diuraikan pada Surah al-Furqan/25: 48-49. Apa kandungan dari air hujan sehingga dapat digunakan untuk tumbuhnya tumbuhan ada pada Surah Qaf/50: 9. \n\nSedangkan uraian bagaimana bumi \"terbelah\", di samping ayat di atas, juga terdapat pada Surah Fussilat/41: 39, sebagaimana pada penggalannya: \"Dan di antara ayat-ayat-Nya adalah engkau melihat bumi kering tandus maka apabila telah Kami turunkan air di atasnya, niscaya ia bergerak dan mengembang.\"\n\nAyat tersebut menerangkan apa yang akan terjadi pada tanah yang kering apabila butiran hujan jatuh di atasnya. Ayat tersebut juga menjelaskan adanya tiga tahap bagaimana perkembangan tumbuhan sampai dengan menghasilkan buah.\n\nTingkat-tingkat perkembangan tumbuhan yang dijelaskan oleh ayat di atas adalah demikian:\n\nPertama: Bergeraknya tanah. Apa yang dimaksud dengan bergeraknya tanah adalah gerakan partikel tanah. Partikel ini terdiri dari lapisan-lapisan yang terdiri atas bahan silika dan alumina. Ketika air masuk ke lapisan-lapisan partikel, maka akan terjadi pembengkakan dari partikel-partikel pembentuk lumpur. Hal ini dapat dijelaskan demikian:\n\n1.Muatan listrik elektrostatis yang ada di permukaan partikel (yang terjadi setelah kehadiran air) akan mengakibatkan terganggunya stabilitas. Partikel ini akan bergerak terus, sebelum ada stabilisator yang berupa partikel yang bermuatan listrik yang berlawanan. Di sini kita seharusnya bersyukur, tentang bagaimana Allah telah menciptakan semuanya dalam pasangan-pasangan, sehingga mendatangkan suasana yang stabil dan sentosa. Termasuk dalam hal ini adalah muatan listrik\n\n2.Pergerakan partikel tanah juga disebabkan karena adanya tabrakan dengan partikel air. Pergerakan partikel air yang tidak teratur menyebabkan partikel tanah bergerak ke semua arah. Gerakan yang demikian ini ditemukan oleh seorang ahli tumbuhan bernama Robert Brown pada tahun 1828. Pergerakannya sangat tergantung pada kecepatan dan jumlah partikel air. Dengan demikian, pergerakan yang terjadi adalah interaksi langsung antara partikel tanah dan partikel air.\n\nKedua: Mengembangnya tanah. Apa yang dimaksud dengan mengembangnya tanah adalah mengembangnya partikel tanah. Partikel tanah akan bertambah tebal. Dengan demikian, tanah akan mengembang, sejalan dengan mengembangnya partikel tanah. Telah dikemukakan sebelumnya bahwa partikel tanah terdiri atas lapisan-lapisan yang berhubungan satu sama lain. Antara lapisan satu dan lainnya terdapat pori-pori. Ke dalam pori-pori inilah air dan ion-ion yang terlarut akan masuk. Dengan bentuk pori-pori yang sangat sempit dan adanya medan elektrostatis di permukaan lapisan, maka air seperti di taruh dalam botol, dan tidak mengalir ke luar. Dengan kata lain, air akan disimpan di pori-pori di setiap lapisan.\n\nKetiga: Tahap Perkecambahan. Tahap perkecambahan biji terjadi saat air sudah tersedia. Saat air sudah pada tahap cukup, maka embrio yang ada di dalam biji akan menjadi aktif dan menyerap matrial nutrisi yang sederhana (material nutrisi kompleks dipecah menjadi sederhana dengan bantuan enzim). Pada tahap ini, bakal akar tumbuh ke bawah, bergerak di antara partikel tanah untuk mencari kawasan yang memenuhi syarat dan memperoleh nutrisi yang diperlukannya. Kemudian bakal daun akan berkembang ke atas, menembus permukaan tanah, dan mengarahkan pada sumber sinar matahari.\n\nJadi, secara singkat, tahapan-tahapan di atas dapat dijelaskan demikian. Kata \"bergerak\" jelas mengindikasikan efek dari air terhadap partikel tanah. Efek ini dapat terjadi sebagai akibat adanya muatan listrik elektrostatis atau benturan langsung antara partikel-partikel air dan tanah. Sedangkan kata \"membengkak\" mengacu pada menebalnya partikel tanah karena terperangkapnya air di antara lapisan-lapisan pembentuk partikel tanah. Dengan demikian, partikel tanah berfungsi sebagai reservoar air, tempat menyimpan air. Ini sesuai dengan ayat berikut: \n\nDan Kami turunkan air dari langit dengan suatu ukuran; lalu Kami jadikan air itu menetap di bumi, dan pasti Kami berkuasa melenyapkannya. (al-Mu'minun/23: 18)\n\nKemudian bakal akar, dan disusul bakal daun, mulai tumbuh. Anak pohon akan muncul, terus tumbuh dan memberikan hasil untuk keperluan manusia. Apakah manusia masih tidak bersyukur?\n\nMaka perhatikanlah bekas-bekas rahmat Allah, bagaimana Allah menghidupkan bumi setelah mati (kering). Sungguh, itu berarti Dia pasti (berkuasa) menghidupkan yang telah mati. Dan Dia Mahakuasa atas segala sesuatu. (ar-Rum/30: 50)",
          "28": "Dalam ayat ini dan selanjutnya Allah menyebutkan beberapa macam tumbuh-tumbuhan: pertama, Allah menumbuhkan di bumi biji-bijian seperti gandum, padi, dan lain-lainnya yang menjadi makanan pokok.\n\nKedua dan ketiga, Allah menumbuhkan pula buah anggur dan bermacam sayuran yang dapat dimakan secara langsung.\n\nKeempat dan kelima, buah zaitun dan pohon kurma.\n\nKeenam, kebun-kebun yang besar, tinggi, dan lebat buahnya. Tidak hanya buahnya yang dapat dimanfaatkan, tetapi pohonnya pun dapat dijadikan bahan bangunan dan alat-alat perumahan.\n\nKetujuh, bermacam-macam buah-buahan yang lain, seperti buah pir, apel, mangga, dan sebagainya.\n\nKedelapan, berbagai macam rumput-rumputan.\n\nAir yang turun dari langit dan perannya dalam \"menghidupkan tanah yang mati\" secara jelas diuraikan pada Surah al-Furqan/25: 48-49. Apa kandungan dari air hujan sehingga dapat digunakan untuk tumbuhnya tumbuhan ada pada Surah Qaf/50: 9. \n\nSedangkan uraian bagaimana bumi \"terbelah\", di samping ayat di atas, juga terdapat pada Surah Fussilat/41: 39, sebagaimana pada penggalannya: \"Dan di antara ayat-ayat-Nya adalah engkau melihat bumi kering tandus maka apabila telah Kami turunkan air di atasnya, niscaya ia bergerak dan mengembang.\"\n\nAyat tersebut menerangkan apa yang akan terjadi pada tanah yang kering apabila butiran hujan jatuh di atasnya. Ayat tersebut juga menjelaskan adanya tiga tahap bagaimana perkembangan tumbuhan sampai dengan menghasilkan buah.\n\nTingkat-tingkat perkembangan tumbuhan yang dijelaskan oleh ayat di atas adalah demikian:\n\nPertama: Bergeraknya tanah. Apa yang dimaksud dengan bergeraknya tanah adalah gerakan partikel tanah. Partikel ini terdiri dari lapisan-lapisan yang terdiri atas bahan silika dan alumina. Ketika air masuk ke lapisan-lapisan partikel, maka akan terjadi pembengkakan dari partikel-partikel pembentuk lumpur. Hal ini dapat dijelaskan demikian:\n\n1.Muatan listrik elektrostatis yang ada di permukaan partikel (yang terjadi setelah kehadiran air) akan mengakibatkan terganggunya stabilitas. Partikel ini akan bergerak terus, sebelum ada stabilisator yang berupa partikel yang bermuatan listrik yang berlawanan. Di sini kita seharusnya bersyukur, tentang bagaimana Allah telah menciptakan semuanya dalam pasangan-pasangan, sehingga mendatangkan suasana yang stabil dan sentosa. Termasuk dalam hal ini adalah muatan listrik\n\n2.Pergerakan partikel tanah juga disebabkan karena adanya tabrakan dengan partikel air. Pergerakan partikel air yang tidak teratur menyebabkan partikel tanah bergerak ke semua arah. Gerakan yang demikian ini ditemukan oleh seorang ahli tumbuhan bernama Robert Brown pada tahun 1828. Pergerakannya sangat tergantung pada kecepatan dan jumlah partikel air. Dengan demikian, pergerakan yang terjadi adalah interaksi langsung antara partikel tanah dan partikel air.\n\nKedua: Mengembangnya tanah. Apa yang dimaksud dengan mengembangnya tanah adalah mengembangnya partikel tanah. Partikel tanah akan bertambah tebal. Dengan demikian, tanah akan mengembang, sejalan dengan mengembangnya partikel tanah. Telah dikemukakan sebelumnya bahwa partikel tanah terdiri atas lapisan-lapisan yang berhubungan satu sama lain. Antara lapisan satu dan lainnya terdapat pori-pori. Ke dalam pori-pori inilah air dan ion-ion yang terlarut akan masuk. Dengan bentuk pori-pori yang sangat sempit dan adanya medan elektrostatis di permukaan lapisan, maka air seperti di taruh dalam botol, dan tidak mengalir ke luar. Dengan kata lain, air akan disimpan di pori-pori di setiap lapisan.\n\nKetiga: Tahap Perkecambahan. Tahap perkecambahan biji terjadi saat air sudah tersedia. Saat air sudah pada tahap cukup, maka embrio yang ada di dalam biji akan menjadi aktif dan menyerap matrial nutrisi yang sederhana (material nutrisi kompleks dipecah menjadi sederhana dengan bantuan enzim). Pada tahap ini, bakal akar tumbuh ke bawah, bergerak di antara partikel tanah untuk mencari kawasan yang memenuhi syarat dan memperoleh nutrisi yang diperlukannya. Kemudian bakal daun akan berkembang ke atas, menembus permukaan tanah, dan mengarahkan pada sumber sinar matahari.\n\nJadi, secara singkat, tahapan-tahapan di atas dapat dijelaskan demikian. Kata \"bergerak\" jelas mengindikasikan efek dari air terhadap partikel tanah. Efek ini dapat terjadi sebagai akibat adanya muatan listrik elektrostatis atau benturan langsung antara partikel-partikel air dan tanah. Sedangkan kata \"membengkak\" mengacu pada menebalnya partikel tanah karena terperangkapnya air di antara lapisan-lapisan pembentuk partikel tanah. Dengan demikian, partikel tanah berfungsi sebagai reservoar air, tempat menyimpan air. Ini sesuai dengan ayat berikut: \n\nDan Kami turunkan air dari langit dengan suatu ukuran; lalu Kami jadikan air itu menetap di bumi, dan pasti Kami berkuasa melenyapkannya. (al-Mu'minun/23: 18)\n\nKemudian bakal akar, dan disusul bakal daun, mulai tumbuh. Anak pohon akan muncul, terus tumbuh dan memberikan hasil untuk keperluan manusia. Apakah manusia masih tidak bersyukur?\n\nMaka perhatikanlah bekas-bekas rahmat Allah, bagaimana Allah menghidupkan bumi setelah mati (kering). Sungguh, itu berarti Dia pasti (berkuasa) menghidupkan yang telah mati. Dan Dia Mahakuasa atas segala sesuatu. (ar-Rum/30: 50)",
          "29": "Dalam ayat ini dan selanjutnya Allah menyebutkan beberapa macam tumbuh-tumbuhan: pertama, Allah menumbuhkan di bumi biji-bijian seperti gandum, padi, dan lain-lainnya yang menjadi makanan pokok.\n\nKedua dan ketiga, Allah menumbuhkan pula buah anggur dan bermacam sayuran yang dapat dimakan secara langsung.\n\nKeempat dan kelima, buah zaitun dan pohon kurma.\n\nKeenam, kebun-kebun yang besar, tinggi, dan lebat buahnya. Tidak hanya buahnya yang dapat dimanfaatkan, tetapi pohonnya pun dapat dijadikan bahan bangunan dan alat-alat perumahan.\n\nKetujuh, bermacam-macam buah-buahan yang lain, seperti buah pir, apel, mangga, dan sebagainya.\n\nKedelapan, berbagai macam rumput-rumputan.\n\nAir yang turun dari langit dan perannya dalam \"menghidupkan tanah yang mati\" secara jelas diuraikan pada Surah al-Furqan/25: 48-49. Apa kandungan dari air hujan sehingga dapat digunakan untuk tumbuhnya tumbuhan ada pada Surah Qaf/50: 9. \n\nSedangkan uraian bagaimana bumi \"terbelah\", di samping ayat di atas, juga terdapat pada Surah Fussilat/41: 39, sebagaimana pada penggalannya: \"Dan di antara ayat-ayat-Nya adalah engkau melihat bumi kering tandus maka apabila telah Kami turunkan air di atasnya, niscaya ia bergerak dan mengembang.\"\n\nAyat tersebut menerangkan apa yang akan terjadi pada tanah yang kering apabila butiran hujan jatuh di atasnya. Ayat tersebut juga menjelaskan adanya tiga tahap bagaimana perkembangan tumbuhan sampai dengan menghasilkan buah.\n\nTingkat-tingkat perkembangan tumbuhan yang dijelaskan oleh ayat di atas adalah demikian:\n\nPertama: Bergeraknya tanah. Apa yang dimaksud dengan bergeraknya tanah adalah gerakan partikel tanah. Partikel ini terdiri dari lapisan-lapisan yang terdiri atas bahan silika dan alumina. Ketika air masuk ke lapisan-lapisan partikel, maka akan terjadi pembengkakan dari partikel-partikel pembentuk lumpur. Hal ini dapat dijelaskan demikian:\n\n1.Muatan listrik elektrostatis yang ada di permukaan partikel (yang terjadi setelah kehadiran air) akan mengakibatkan terganggunya stabilitas. Partikel ini akan bergerak terus, sebelum ada stabilisator yang berupa partikel yang bermuatan listrik yang berlawanan. Di sini kita seharusnya bersyukur, tentang bagaimana Allah telah menciptakan semuanya dalam pasangan-pasangan, sehingga mendatangkan suasana yang stabil dan sentosa. Termasuk dalam hal ini adalah muatan listrik\n\n2.Pergerakan partikel tanah juga disebabkan karena adanya tabrakan dengan partikel air. Pergerakan partikel air yang tidak teratur menyebabkan partikel tanah bergerak ke semua arah. Gerakan yang demikian ini ditemukan oleh seorang ahli tumbuhan bernama Robert Brown pada tahun 1828. Pergerakannya sangat tergantung pada kecepatan dan jumlah partikel air. Dengan demikian, pergerakan yang terjadi adalah interaksi langsung antara partikel tanah dan partikel air.\n\nKedua: Mengembangnya tanah. Apa yang dimaksud dengan mengembangnya tanah adalah mengembangnya partikel tanah. Partikel tanah akan bertambah tebal. Dengan demikian, tanah akan mengembang, sejalan dengan mengembangnya partikel tanah. Telah dikemukakan sebelumnya bahwa partikel tanah terdiri atas lapisan-lapisan yang berhubungan satu sama lain. Antara lapisan satu dan lainnya terdapat pori-pori. Ke dalam pori-pori inilah air dan ion-ion yang terlarut akan masuk. Dengan bentuk pori-pori yang sangat sempit dan adanya medan elektrostatis di permukaan lapisan, maka air seperti di taruh dalam botol, dan tidak mengalir ke luar. Dengan kata lain, air akan disimpan di pori-pori di setiap lapisan.\n\nKetiga: Tahap Perkecambahan. Tahap perkecambahan biji terjadi saat air sudah tersedia. Saat air sudah pada tahap cukup, maka embrio yang ada di dalam biji akan menjadi aktif dan menyerap matrial nutrisi yang sederhana (material nutrisi kompleks dipecah menjadi sederhana dengan bantuan enzim). Pada tahap ini, bakal akar tumbuh ke bawah, bergerak di antara partikel tanah untuk mencari kawasan yang memenuhi syarat dan memperoleh nutrisi yang diperlukannya. Kemudian bakal daun akan berkembang ke atas, menembus permukaan tanah, dan mengarahkan pada sumber sinar matahari.\n\nJadi, secara singkat, tahapan-tahapan di atas dapat dijelaskan demikian. Kata \"bergerak\" jelas mengindikasikan efek dari air terhadap partikel tanah. Efek ini dapat terjadi sebagai akibat adanya muatan listrik elektrostatis atau benturan langsung antara partikel-partikel air dan tanah. Sedangkan kata \"membengkak\" mengacu pada menebalnya partikel tanah karena terperangkapnya air di antara lapisan-lapisan pembentuk partikel tanah. Dengan demikian, partikel tanah berfungsi sebagai reservoar air, tempat menyimpan air. Ini sesuai dengan ayat berikut: \n\nDan Kami turunkan air dari langit dengan suatu ukuran; lalu Kami jadikan air itu menetap di bumi, dan pasti Kami berkuasa melenyapkannya. (al-Mu'minun/23: 18)\n\nKemudian bakal akar, dan disusul bakal daun, mulai tumbuh. Anak pohon akan muncul, terus tumbuh dan memberikan hasil untuk keperluan manusia. Apakah manusia masih tidak bersyukur?\n\nMaka perhatikanlah bekas-bekas rahmat Allah, bagaimana Allah menghidupkan bumi setelah mati (kering). Sungguh, itu berarti Dia pasti (berkuasa) menghidupkan yang telah mati. Dan Dia Mahakuasa atas segala sesuatu. (ar-Rum/30: 50)",
          "30": "Dalam ayat ini dan selanjutnya Allah menyebutkan beberapa macam tumbuh-tumbuhan: pertama, Allah menumbuhkan di bumi biji-bijian seperti gandum, padi, dan lain-lainnya yang menjadi makanan pokok.\n\nKedua dan ketiga, Allah menumbuhkan pula buah anggur dan bermacam sayuran yang dapat dimakan secara langsung.\n\nKeempat dan kelima, buah zaitun dan pohon kurma.\n\nKeenam, kebun-kebun yang besar, tinggi, dan lebat buahnya. Tidak hanya buahnya yang dapat dimanfaatkan, tetapi pohonnya pun dapat dijadikan bahan bangunan dan alat-alat perumahan.\n\nKetujuh, bermacam-macam buah-buahan yang lain, seperti buah pir, apel, mangga, dan sebagainya.\n\nKedelapan, berbagai macam rumput-rumputan.\n\nAir yang turun dari langit dan perannya dalam \"menghidupkan tanah yang mati\" secara jelas diuraikan pada Surah al-Furqan/25: 48-49. Apa kandungan dari air hujan sehingga dapat digunakan untuk tumbuhnya tumbuhan ada pada Surah Qaf/50: 9. \n\nSedangkan uraian bagaimana bumi \"terbelah\", di samping ayat di atas, juga terdapat pada Surah Fussilat/41: 39, sebagaimana pada penggalannya: \"Dan di antara ayat-ayat-Nya adalah engkau melihat bumi kering tandus maka apabila telah Kami turunkan air di atasnya, niscaya ia bergerak dan mengembang.\"\n\nAyat tersebut menerangkan apa yang akan terjadi pada tanah yang kering apabila butiran hujan jatuh di atasnya. Ayat tersebut juga menjelaskan adanya tiga tahap bagaimana perkembangan tumbuhan sampai dengan menghasilkan buah.\n\nTingkat-tingkat perkembangan tumbuhan yang dijelaskan oleh ayat di atas adalah demikian:\n\nPertama: Bergeraknya tanah. Apa yang dimaksud dengan bergeraknya tanah adalah gerakan partikel tanah. Partikel ini terdiri dari lapisan-lapisan yang terdiri atas bahan silika dan alumina. Ketika air masuk ke lapisan-lapisan partikel, maka akan terjadi pembengkakan dari partikel-partikel pembentuk lumpur. Hal ini dapat dijelaskan demikian:\n\n1.Muatan listrik elektrostatis yang ada di permukaan partikel (yang terjadi setelah kehadiran air) akan mengakibatkan terganggunya stabilitas. Partikel ini akan bergerak terus, sebelum ada stabilisator yang berupa partikel yang bermuatan listrik yang berlawanan. Di sini kita seharusnya bersyukur, tentang bagaimana Allah telah menciptakan semuanya dalam pasangan-pasangan, sehingga mendatangkan suasana yang stabil dan sentosa. Termasuk dalam hal ini adalah muatan listrik\n\n2.Pergerakan partikel tanah juga disebabkan karena adanya tabrakan dengan partikel air. Pergerakan partikel air yang tidak teratur menyebabkan partikel tanah bergerak ke semua arah. Gerakan yang demikian ini ditemukan oleh seorang ahli tumbuhan bernama Robert Brown pada tahun 1828. Pergerakannya sangat tergantung pada kecepatan dan jumlah partikel air. Dengan demikian, pergerakan yang terjadi adalah interaksi langsung antara partikel tanah dan partikel air.\n\nKedua: Mengembangnya tanah. Apa yang dimaksud dengan mengembangnya tanah adalah mengembangnya partikel tanah. Partikel tanah akan bertambah tebal. Dengan demikian, tanah akan mengembang, sejalan dengan mengembangnya partikel tanah. Telah dikemukakan sebelumnya bahwa partikel tanah terdiri atas lapisan-lapisan yang berhubungan satu sama lain. Antara lapisan satu dan lainnya terdapat pori-pori. Ke dalam pori-pori inilah air dan ion-ion yang terlarut akan masuk. Dengan bentuk pori-pori yang sangat sempit dan adanya medan elektrostatis di permukaan lapisan, maka air seperti di taruh dalam botol, dan tidak mengalir ke luar. Dengan kata lain, air akan disimpan di pori-pori di setiap lapisan.\n\nKetiga: Tahap Perkecambahan. Tahap perkecambahan biji terjadi saat air sudah tersedia. Saat air sudah pada tahap cukup, maka embrio yang ada di dalam biji akan menjadi aktif dan menyerap matrial nutrisi yang sederhana (material nutrisi kompleks dipecah menjadi sederhana dengan bantuan enzim). Pada tahap ini, bakal akar tumbuh ke bawah, bergerak di antara partikel tanah untuk mencari kawasan yang memenuhi syarat dan memperoleh nutrisi yang diperlukannya. Kemudian bakal daun akan berkembang ke atas, menembus permukaan tanah, dan mengarahkan pada sumber sinar matahari.\n\nJadi, secara singkat, tahapan-tahapan di atas dapat dijelaskan demikian. Kata \"bergerak\" jelas mengindikasikan efek dari air terhadap partikel tanah. Efek ini dapat terjadi sebagai akibat adanya muatan listrik elektrostatis atau benturan langsung antara partikel-partikel air dan tanah. Sedangkan kata \"membengkak\" mengacu pada menebalnya partikel tanah karena terperangkapnya air di antara lapisan-lapisan pembentuk partikel tanah. Dengan demikian, partikel tanah berfungsi sebagai reservoar air, tempat menyimpan air. Ini sesuai dengan ayat berikut: \n\nDan Kami turunkan air dari langit dengan suatu ukuran; lalu Kami jadikan air itu menetap di bumi, dan pasti Kami berkuasa melenyapkannya. (al-Mu'minun/23: 18)\n\nKemudian bakal akar, dan disusul bakal daun, mulai tumbuh. Anak pohon akan muncul, terus tumbuh dan memberikan hasil untuk keperluan manusia. Apakah manusia masih tidak bersyukur?\n\nMaka perhatikanlah bekas-bekas rahmat Allah, bagaimana Allah menghidupkan bumi setelah mati (kering). Sungguh, itu berarti Dia pasti (berkuasa) menghidupkan yang telah mati. Dan Dia Mahakuasa atas segala sesuatu. (ar-Rum/30: 50)",
          "31": "Dalam ayat ini dan selanjutnya Allah menyebutkan beberapa macam tumbuh-tumbuhan: pertama, Allah menumbuhkan di bumi biji-bijian seperti gandum, padi, dan lain-lainnya yang menjadi makanan pokok.\n\nKedua dan ketiga, Allah menumbuhkan pula buah anggur dan bermacam sayuran yang dapat dimakan secara langsung.\n\nKeempat dan kelima, buah zaitun dan pohon kurma.\n\nKeenam, kebun-kebun yang besar, tinggi, dan lebat buahnya. Tidak hanya buahnya yang dapat dimanfaatkan, tetapi pohonnya pun dapat dijadikan bahan bangunan dan alat-alat perumahan.\n\nKetujuh, bermacam-macam buah-buahan yang lain, seperti buah pir, apel, mangga, dan sebagainya.\n\nKedelapan, berbagai macam rumput-rumputan.\n\nAir yang turun dari langit dan perannya dalam \"menghidupkan tanah yang mati\" secara jelas diuraikan pada Surah al-Furqan/25: 48-49. Apa kandungan dari air hujan sehingga dapat digunakan untuk tumbuhnya tumbuhan ada pada Surah Qaf/50: 9. \n\nSedangkan uraian bagaimana bumi \"terbelah\", di samping ayat di atas, juga terdapat pada Surah Fussilat/41: 39, sebagaimana pada penggalannya: \"Dan di antara ayat-ayat-Nya adalah engkau melihat bumi kering tandus maka apabila telah Kami turunkan air di atasnya, niscaya ia bergerak dan mengembang.\"\n\nAyat tersebut menerangkan apa yang akan terjadi pada tanah yang kering apabila butiran hujan jatuh di atasnya. Ayat tersebut juga menjelaskan adanya tiga tahap bagaimana perkembangan tumbuhan sampai dengan menghasilkan buah.\n\nTingkat-tingkat perkembangan tumbuhan yang dijelaskan oleh ayat di atas adalah demikian:\n\nPertama: Bergeraknya tanah. Apa yang dimaksud dengan bergeraknya tanah adalah gerakan partikel tanah. Partikel ini terdiri dari lapisan-lapisan yang terdiri atas bahan silika dan alumina. Ketika air masuk ke lapisan-lapisan partikel, maka akan terjadi pembengkakan dari partikel-partikel pembentuk lumpur. Hal ini dapat dijelaskan demikian:\n\n1.Muatan listrik elektrostatis yang ada di permukaan partikel (yang terjadi setelah kehadiran air) akan mengakibatkan terganggunya stabilitas. Partikel ini akan bergerak terus, sebelum ada stabilisator yang berupa partikel yang bermuatan listrik yang berlawanan. Di sini kita seharusnya bersyukur, tentang bagaimana Allah telah menciptakan semuanya dalam pasangan-pasangan, sehingga mendatangkan suasana yang stabil dan sentosa. Termasuk dalam hal ini adalah muatan listrik\n\n2.Pergerakan partikel tanah juga disebabkan karena adanya tabrakan dengan partikel air. Pergerakan partikel air yang tidak teratur menyebabkan partikel tanah bergerak ke semua arah. Gerakan yang demikian ini ditemukan oleh seorang ahli tumbuhan bernama Robert Brown pada tahun 1828. Pergerakannya sangat tergantung pada kecepatan dan jumlah partikel air. Dengan demikian, pergerakan yang terjadi adalah interaksi langsung antara partikel tanah dan partikel air.\n\nKedua: Mengembangnya tanah. Apa yang dimaksud dengan mengembangnya tanah adalah mengembangnya partikel tanah. Partikel tanah akan bertambah tebal. Dengan demikian, tanah akan mengembang, sejalan dengan mengembangnya partikel tanah. Telah dikemukakan sebelumnya bahwa partikel tanah terdiri atas lapisan-lapisan yang berhubungan satu sama lain. Antara lapisan satu dan lainnya terdapat pori-pori. Ke dalam pori-pori inilah air dan ion-ion yang terlarut akan masuk. Dengan bentuk pori-pori yang sangat sempit dan adanya medan elektrostatis di permukaan lapisan, maka air seperti di taruh dalam botol, dan tidak mengalir ke luar. Dengan kata lain, air akan disimpan di pori-pori di setiap lapisan.\n\nKetiga: Tahap Perkecambahan. Tahap perkecambahan biji terjadi saat air sudah tersedia. Saat air sudah pada tahap cukup, maka embrio yang ada di dalam biji akan menjadi aktif dan menyerap matrial nutrisi yang sederhana (material nutrisi kompleks dipecah menjadi sederhana dengan bantuan enzim). Pada tahap ini, bakal akar tumbuh ke bawah, bergerak di antara partikel tanah untuk mencari kawasan yang memenuhi syarat dan memperoleh nutrisi yang diperlukannya. Kemudian bakal daun akan berkembang ke atas, menembus permukaan tanah, dan mengarahkan pada sumber sinar matahari.\n\nJadi, secara singkat, tahapan-tahapan di atas dapat dijelaskan demikian. Kata \"bergerak\" jelas mengindikasikan efek dari air terhadap partikel tanah. Efek ini dapat terjadi sebagai akibat adanya muatan listrik elektrostatis atau benturan langsung antara partikel-partikel air dan tanah. Sedangkan kata \"membengkak\" mengacu pada menebalnya partikel tanah karena terperangkapnya air di antara lapisan-lapisan pembentuk partikel tanah. Dengan demikian, partikel tanah berfungsi sebagai reservoar air, tempat menyimpan air. Ini sesuai dengan ayat berikut: \n\nDan Kami turunkan air dari langit dengan suatu ukuran; lalu Kami jadikan air itu menetap di bumi, dan pasti Kami berkuasa melenyapkannya. (al-Mu'minun/23: 18)\n\nKemudian bakal akar, dan disusul bakal daun, mulai tumbuh. Anak pohon akan muncul, terus tumbuh dan memberikan hasil untuk keperluan manusia. Apakah manusia masih tidak bersyukur?\n\nMaka perhatikanlah bekas-bekas rahmat Allah, bagaimana Allah menghidupkan bumi setelah mati (kering). Sungguh, itu berarti Dia pasti (berkuasa) menghidupkan yang telah mati. Dan Dia Mahakuasa atas segala sesuatu. (ar-Rum/30: 50)",
          "32": "Semua itu merupakan harta benda untuk kesenangan hidup manusia, dan merupakan makanan baginya dan bagi ternaknya.",
          "33": "Dalam ayat ini dijelaskan apabila datang hari Kiamat, ketika terdengar suara yang sangat dahsyat yang memekakkan telinga, yaitu tiupan Malaikat Israfil yang kedua kalinya, maka pada hari tersebut terasa kesedihan dan penyesalan bagi seluruh orang-orang yang kafir. Dalam ayat berikutnya diperinci kedahsyatan hari Kiamat itu.",
          "34": "Pada ayat-ayat ini diterangkan bahwa pada hari Kiamat, manusia lari dari saudara, ibu, dan bapaknya, bahkan dari istri dan anak-anaknya. Hal itu disebabkan seluruh pikiran hanya tertuju pada penyelamatan diri dari bencana yang sangat menakutkan, sehingga lupa pada orang tua, saudara, istri, dan anak-anak. Firman Allah:\n\nWahai manusia! Bertakwalah kepada Tuhanmu dan takutlah pada hari yang (ketika itu) seorang bapak tidak dapat menolong anaknya, dan seorang anak tidak dapat (pula) menolong bapaknya sedikit pun. Sungguh, janji Allah pasti benar, maka janganlah sekali-kali kamu terpedaya oleh kehidupan dunia, dan jangan sampai kamu terpedaya oleh penipu dalam (menaati) Allah. (Luqman/31: 33)",
          "35": "Pada ayat-ayat ini diterangkan bahwa pada hari Kiamat, manusia lari dari saudara, ibu, dan bapaknya, bahkan dari istri dan anak-anaknya. Hal itu disebabkan seluruh pikiran hanya tertuju pada penyelamatan diri dari bencana yang sangat menakutkan, sehingga lupa pada orang tua, saudara, istri, dan anak-anak. Firman Allah:\n\nWahai manusia! Bertakwalah kepada Tuhanmu dan takutlah pada hari yang (ketika itu) seorang bapak tidak dapat menolong anaknya, dan seorang anak tidak dapat (pula) menolong bapaknya sedikit pun. Sungguh, janji Allah pasti benar, maka janganlah sekali-kali kamu terpedaya oleh kehidupan dunia, dan jangan sampai kamu terpedaya oleh penipu dalam (menaati) Allah. (Luqman/31: 33)",
          "36": "Pada ayat-ayat ini diterangkan bahwa pada hari Kiamat, manusia lari dari saudara, ibu, dan bapaknya, bahkan dari istri dan anak-anaknya. Hal itu disebabkan seluruh pikiran hanya tertuju pada penyelamatan diri dari bencana yang sangat menakutkan, sehingga lupa pada orang tua, saudara, istri, dan anak-anak. Firman Allah:\n\nWahai manusia! Bertakwalah kepada Tuhanmu dan takutlah pada hari yang (ketika itu) seorang bapak tidak dapat menolong anaknya, dan seorang anak tidak dapat (pula) menolong bapaknya sedikit pun. Sungguh, janji Allah pasti benar, maka janganlah sekali-kali kamu terpedaya oleh kehidupan dunia, dan jangan sampai kamu terpedaya oleh penipu dalam (menaati) Allah. (Luqman/31: 33)",
          "37": "Setiap manusia pada hari Kiamat yang dahsyat itu mempunyai urusan masing-masing yang cukup menyibukkannya sehingga tidak sempat memperhatikan orang lain. Ketika masih di dunia, mereka saling memberikan pertolongan sampai menebus dengan harta bilamana diperlukan, apalagi jika bersangkutan dengan keselamatan anak-anaknya sendiri yang akan meneruskan generasinya yang akan datang atau mengenai kehormatan istrinya, orang yang paling dekat dan paling setia kepadanya.\n\nAkan tetapi pada hari akhirat nanti, tidak ada kesempatan lagi untuk memperhatikan anggota-anggota keluarganya itu karena kedahsyatan pada hari Kiamat yang sangat menyibukkan itu.\n\nPada hari itu manusia terbagi dua golongan: yang bahagia dan yang celaka, dan terhadap golongan yang pertama dinyatakan dalam ayat berikut ini.",
          "38": "Banyak muka orang-orang mukmin pada hari itu berseri-seri dengan penuh kegembiraan karena mereka dapat menyaksikan sendiri apa yang dijanjikan oleh Allah kepada orang-orang yang beriman ternyata semuanya dapat terlaksana dengan penuh kebahagiaan. Mereka tertawa dan bergembira.",
          "39": "Banyak muka orang-orang mukmin pada hari itu berseri-seri dengan penuh kegembiraan karena mereka dapat menyaksikan sendiri apa yang dijanjikan oleh Allah kepada orang-orang yang beriman ternyata semuanya dapat terlaksana dengan penuh kebahagiaan. Mereka tertawa dan bergembira.",
          "40": "Sebaliknya terhadap golongan kedua dinyatakan bahwa banyak pula muka orang-orang kafir pada hari itu tertutup debu penuh dengan sesal dan kesedihan. Mereka itu ditutup lagi oleh kegelapan karena ditimpa oleh kehinaan dan kesusahan. Mereka itulah orang-orang kafir yang amat durhaka.",
          "41": "Sebaliknya terhadap golongan kedua dinyatakan bahwa banyak pula muka orang-orang kafir pada hari itu tertutup debu penuh dengan sesal dan kesedihan. Mereka itu ditutup lagi oleh kegelapan karena ditimpa oleh kehinaan dan kesusahan. Mereka itulah orang-orang kafir yang amat durhaka.",
          "42": "Sebaliknya terhadap golongan kedua dinyatakan bahwa banyak pula muka orang-orang kafir pada hari itu tertutup debu penuh dengan sesal dan kesedihan. Mereka itu ditutup lagi oleh kegelapan karena ditimpa oleh kehinaan dan kesusahan. Mereka itulah orang-orang kafir yang amat durhaka."
        }
      }
    }
  }
}