{
  "name": "Al-Fajr",
  "name_translations": {
    "ar": "الفجر",
    "en": "The Dawn",
    "id": "Fajar"
  },
  "number_of_ayah": 30,
  "number_of_surah": 89,
  "place": "Mecca",
  "recitations": [{
    "name": "Mishari Rashid al-`Afasy",
    "audio_url": "https://download.quranicaudio.com/quran/mishaari_raashid_al_3afaasee/089.mp3"
  }, {
    "name": "Abdur-Rahman as-Sudais",
    "audio_url": "https://download.quranicaudio.com/quran/abdurrahmaan_as-sudays/089.mp3"
  }, {
    "name": "Saad al-Ghamdi",
    "audio_url": "https://download.quranicaudio.com/quran/sa3d_al-ghaamidi/complete/089.mp3"
  }],
  "type": "Makkiyah",
  "verses": [{
    "number": 1,
    "text": "بِسْمِ ٱللَّهِ ٱلرَّحْمَٰنِ ٱلرَّحِيمِ وَٱلْفَجْرِ",
    "translation_en": "By the dawn",
    "translation_id": "Demi fajar,"
  }, {
    "number": 2,
    "text": "وَلَيَالٍ عَشْرٍ",
    "translation_en": "And [by] ten nights",
    "translation_id": "dan malam yang sepuluh,"
  }, {
    "number": 3,
    "text": "وَٱلشَّفْعِ وَٱلْوَتْرِ",
    "translation_en": "And [by] the even [number] and the odd",
    "translation_id": "dan yang genap dan yang ganjil,"
  }, {
    "number": 4,
    "text": "وَٱلَّيْلِ إِذَا يَسْرِ",
    "translation_en": "And [by] the night when it passes,",
    "translation_id": "dan malam bila berlalu."
  }, {
    "number": 5,
    "text": "هَلْ فِى ذَٰلِكَ قَسَمٌ لِّذِى حِجْرٍ",
    "translation_en": "Is there [not] in [all] that an oath [sufficient] for one of perception?",
    "translation_id": "Pada yang demikian itu terdapat sumpah (yang dapat diterima) oleh orang-orang yang berakal."
  }, {
    "number": 6,
    "text": "أَلَمْ تَرَ كَيْفَ فَعَلَ رَبُّكَ بِعَادٍ",
    "translation_en": "Have you not considered how your Lord dealt with 'Aad -",
    "translation_id": "Apakah kamu tidak memperhatikan bagaimana Tuhanmu berbuat terhadap kaum 'Aad?"
  }, {
    "number": 7,
    "text": "إِرَمَ ذَاتِ ٱلْعِمَادِ",
    "translation_en": "[With] Iram - who had lofty pillars,",
    "translation_id": "(yaitu) penduduk Iram yang mempunyai bangunan-bangunan yang tinggi,"
  }, {
    "number": 8,
    "text": "ٱلَّتِى لَمْ يُخْلَقْ مِثْلُهَا فِى ٱلْبِلَٰدِ",
    "translation_en": "The likes of whom had never been created in the land?",
    "translation_id": "yang belum pernah dibangun (suatu kota) seperti itu, di negeri-negeri lain,"
  }, {
    "number": 9,
    "text": "وَثَمُودَ ٱلَّذِينَ جَابُوا۟ ٱلصَّخْرَ بِٱلْوَادِ",
    "translation_en": "And [with] Thamud, who carved out the rocks in the valley?",
    "translation_id": "dan kaum Tsamud yang memotong batu-batu besar di lembah,"
  }, {
    "number": 10,
    "text": "وَفِرْعَوْنَ ذِى ٱلْأَوْتَادِ",
    "translation_en": "And [with] Pharaoh, owner of the stakes? -",
    "translation_id": "dan kaum Fir'aun yang mempunyai pasak-pasak (tentara yang banyak),"
  }, {
    "number": 11,
    "text": "ٱلَّذِينَ طَغَوْا۟ فِى ٱلْبِلَٰدِ",
    "translation_en": "[All of] whom oppressed within the lands",
    "translation_id": "yang berbuat sewenang-wenang dalam negeri,"
  }, {
    "number": 12,
    "text": "فَأَكْثَرُوا۟ فِيهَا ٱلْفَسَادَ",
    "translation_en": "And increased therein the corruption.",
    "translation_id": "lalu mereka berbuat banyak kerusakan dalam negeri itu,"
  }, {
    "number": 13,
    "text": "فَصَبَّ عَلَيْهِمْ رَبُّكَ سَوْطَ عَذَابٍ",
    "translation_en": "So your Lord poured upon them a scourge of punishment.",
    "translation_id": "karena itu Tuhanmu menimpakan kepada mereka cemeti azab,"
  }, {
    "number": 14,
    "text": "إِنَّ رَبَّكَ لَبِٱلْمِرْصَادِ",
    "translation_en": "Indeed, your Lord is in observation.",
    "translation_id": "sesungguhnya Tuhanmu benar-benar mengawasi."
  }, {
    "number": 15,
    "text": "فَأَمَّا ٱلْإِنسَٰنُ إِذَا مَا ٱبْتَلَىٰهُ رَبُّهُۥ فَأَكْرَمَهُۥ وَنَعَّمَهُۥ فَيَقُولُ رَبِّىٓ أَكْرَمَنِ",
    "translation_en": "And as for man, when his Lord tries him and [thus] is generous to him and favors him, he says, \"My Lord has honored me.\"",
    "translation_id": "Adapun manusia apabila Tuhannya mengujinya lalu dia dimuliakan-Nya dan diberi-Nya kesenangan, maka dia akan berkata: \"Tuhanku telah memuliakanku\"."
  }, {
    "number": 16,
    "text": "وَأَمَّآ إِذَا مَا ٱبْتَلَىٰهُ فَقَدَرَ عَلَيْهِ رِزْقَهُۥ فَيَقُولُ رَبِّىٓ أَهَٰنَنِ",
    "translation_en": "But when He tries him and restricts his provision, he says, \"My Lord has humiliated me.\"",
    "translation_id": "Adapun bila Tuhannya mengujinya lalu membatasi rezekinya maka dia berkata: \"Tuhanku menghinakanku\"."
  }, {
    "number": 17,
    "text": "كَلَّا بَل لَّا تُكْرِمُونَ ٱلْيَتِيمَ",
    "translation_en": "No! But you do not honor the orphan",
    "translation_id": "Sekali-kali tidak (demikian), sebenarnya kamu tidak memuliakan anak yatim,"
  }, {
    "number": 18,
    "text": "وَلَا تَحَٰٓضُّونَ عَلَىٰ طَعَامِ ٱلْمِسْكِينِ",
    "translation_en": "And you do not encourage one another to feed the poor.",
    "translation_id": "dan kamu tidak saling mengajak memberi makan orang miskin,"
  }, {
    "number": 19,
    "text": "وَتَأْكُلُونَ ٱلتُّرَاثَ أَكْلًا لَّمًّا",
    "translation_en": "And you consume inheritance, devouring [it] altogether,",
    "translation_id": "dan kamu memakan harta pusaka dengan cara mencampur baurkan (yang halal dan yang bathil),"
  }, {
    "number": 20,
    "text": "وَتُحِبُّونَ ٱلْمَالَ حُبًّا جَمًّا",
    "translation_en": "And you love wealth with immense love.",
    "translation_id": "dan kamu mencintai harta benda dengan kecintaan yang berlebihan."
  }, {
    "number": 21,
    "text": "كَلَّآ إِذَا دُكَّتِ ٱلْأَرْضُ دَكًّا دَكًّا",
    "translation_en": "No! When the earth has been leveled - pounded and crushed -",
    "translation_id": "Jangan (berbuat demikian). Apabila bumi digoncangkan berturut-turut,"
  }, {
    "number": 22,
    "text": "وَجَآءَ رَبُّكَ وَٱلْمَلَكُ صَفًّا صَفًّا",
    "translation_en": "And your Lord has come and the angels, rank upon rank,",
    "translation_id": "dan datanglah Tuhanmu; sedang malaikat berbaris-baris."
  }, {
    "number": 23,
    "text": "وَجِا۟ىٓءَ يَوْمَئِذٍۭ بِجَهَنَّمَ يَوْمَئِذٍ يَتَذَكَّرُ ٱلْإِنسَٰنُ وَأَنَّىٰ لَهُ ٱلذِّكْرَىٰ",
    "translation_en": "And brought [within view], that Day, is Hell - that Day, man will remember, but what good to him will be the remembrance?",
    "translation_id": "Dan pada hari itu diperlihatkan neraka Jahannam; dan pada hari itu ingatlah manusia, akan tetapi tidak berguna lagi mengingat itu baginya."
  }, {
    "number": 24,
    "text": "يَقُولُ يَٰلَيْتَنِى قَدَّمْتُ لِحَيَاتِى",
    "translation_en": "He will say, \"Oh, I wish I had sent ahead [some good] for my life.\"",
    "translation_id": "Dia mengatakan: \"Alangkah baiknya kiranya aku dahulu mengerjakan (amal saleh) untuk hidupku ini\"."
  }, {
    "number": 25,
    "text": "فَيَوْمَئِذٍ لَّا يُعَذِّبُ عَذَابَهُۥٓ أَحَدٌ",
    "translation_en": "So on that Day, none will punish [as severely] as His punishment,",
    "translation_id": "Maka pada hari itu tiada seorangpun yang menyiksa seperti siksa-Nya."
  }, {
    "number": 26,
    "text": "وَلَا يُوثِقُ وَثَاقَهُۥٓ أَحَدٌ",
    "translation_en": "And none will bind [as severely] as His binding [of the evildoers].",
    "translation_id": "dan tiada seorangpun yang mengikat seperti ikatan-Nya."
  }, {
    "number": 27,
    "text": "يَٰٓأَيَّتُهَا ٱلنَّفْسُ ٱلْمُطْمَئِنَّةُ",
    "translation_en": "[To the righteous it will be said], \"O reassured soul,",
    "translation_id": "Hai jiwa yang tenang."
  }, {
    "number": 28,
    "text": "ٱرْجِعِىٓ إِلَىٰ رَبِّكِ رَاضِيَةً مَّرْضِيَّةً",
    "translation_en": "Return to your Lord, well-pleased and pleasing [to Him],",
    "translation_id": "Kembalilah kepada Tuhanmu dengan hati yang puas lagi diridhai-Nya."
  }, {
    "number": 29,
    "text": "فَٱدْخُلِى فِى عِبَٰدِى",
    "translation_en": "And enter among My [righteous] servants",
    "translation_id": "Maka masuklah ke dalam jama'ah hamba-hamba-Ku,"
  }, {
    "number": 30,
    "text": "وَٱدْخُلِى جَنَّتِى",
    "translation_en": "And enter My Paradise.\"",
    "translation_id": "masuklah ke dalam surga-Ku."
  }],
  "tafsir": {
    "id": {
      "kemenag": {
        "name": "Kemenag",
        "source": "Aplikasi Quran Kementrian Agama Republik Indonesia",
        "text": {
          "1": "Allah bersumpah dengan fajar. Fajar yang dimaksud adalah fajar yaumun-nahr (hari penyembelihan kurban), yaitu tanggal 10 Zulhijah, karena ayat berikutnya membicarakan \"malam yang sepuluh\", yaitu sepuluh hari pertama bulan itu. Akan tetapi, ada yang berpendapat bahwa fajar yang dimaksud adalah fajar setiap hari yang mulai menyingsing yang menandakan malam sudah berakhir dan siang sudah dimulai. Ada pula yang berpendapat bahwa fajar itu adalah fajar 1 Muharram sebagai awal tahun, atau fajar 1 Zulhijah sebagai bulan pelaksanaan ibadah haji.",
          "2": "Berikutnya Allah bersumpah dengan \"malam yang sepuluh\". Yang dimaksud adalah sepuluh hari pertama bulan Zulhijah, yang merupakan hari-hari yang sangat dimuliakan beramal pada hari-hari tersebut, sebagaimana diinformasikan hadis berikut:\n\nTidak ada hari apa pun berbuat baik lebih dicintai Allah padanya daripada hari-hari ini. (Riwayat al-Bukhari dari Ibnu 'Abbas)\n\nAkan tetapi, ada yang berpendapat bahwa yang dimaksud adalah sepuluh hari pertama bulan Muharram, atau sepuluh hari pertama bulan Ramadan, atau sepuluh hari pertama setiap bulan.",
          "3": "Berikutnya lagi Allah bersumpah dengan \"yang genap dan yang ganjil\". \"Yang genap adalah yaumun-nahr di atas, yaitu tanggal 10 Zulhijah, dan \"yang ganjil\" adalah hari 'Arafah, yaitu tanggal 9 Zulhijah. Itu adalah hari-hari yang dimuliakan juga. Tanggal 9 Zulhijah adalah hari wukuf di 'Arafah, yaitu hari dimulainya ibadah haji, dan tanggal 10 Zulhijah adalah hari mulai penyembelihan hewan kurban.",
          "4": "Selanjutnya Allah bersumpah dengan \"malam ketika berlalu\". Malam yang dimaksud adalah malam ketika jamaah haji sudah berlalu dari 'Arafah dan singgah di Muzdalifah dalam perjalanan menuju Mina dalam pelaksanaan ibadah haji.\n\nDemikianlah Allah bersumpah dengan hari-hari dalam pelaksanaan ibadah haji untuk menunjukkan bahwa ibadah haji itu besar maknanya dalam pandangan Allah. Hal itu karena ibadah haji itu mengingatkan manusia tentang adanya kematian. Dengan ingat kematian, manusia diharapkan beriman dan berbuat baik.\n\nAyat ini juga bisa ditafsirkan bahwa Allah bersumpah dengan hari-hari yang terus silih berganti untuk menunjukkan bahwa Allah Mahakuasa memelihara dan mengelola alam. Bila sudah tiba waktunya, yaitu hari Kiamat, Ia Mahakuasa pula menghancurkannya dan menghidupkannya kembali",
          "5": "Pesan yang ingin disampaikan Allah dengan bersumpah di atas adalah bahwa orang yang mau menggunakan akalnya harusnya mengerti bahwa Allah Mahakuasa mengadakan, memelihara, menghancurkan, dan menghidupkan kembali alam ini. Oleh karena itu, mereka seharusnya beriman dan berbuat baik. \n\nAyat ini merupakan peringatan bagi kaum kafir Mekah pada saat ayat ini turun, agar beriman kepada Allah dan hari kemudian, berbuat baik, dan meninggalkan perbuatan jahat mereka. Juga menjadi peringatan bagi seluruh umat manusia",
          "6": "Allah bertanya kepada Nabi Muhammad, yang maksudnya untuk memberitahukan kepada beliau atau siapa saja untuk direnungkan, tentang kaum 'Ad. Kaum ini adalah umat Nabi Hud yang mendiami daerah yang disebut Ahqaf di daerah Hadramaut, Yaman. 'Ad adalah nama nenek moyang mereka, 'Ad bin Iram bin Sam bin Nuh. Mereka diberi nama dengan nama nenek moyang mereka itu. Mereka terkenal sebagai bangsa yang kuat dan memiliki tubuh yang tinggi, besar, dan perkasa. Bukti keperkasaan mereka adalah bahwa mereka telah mampu membangun kota yang disebut Iram dengan gedung-gedung yang kokoh, tinggi, dan megah untuk ukuran pada masa itu. Mereka juga menguasai bangsa-bangsa sekitarnya. Walaupun demikian perkasa dan memiliki peradaban yang tinggi, Allah tetap mampu menghancurkan mereka sehingga hanya tinggal nama. Semua itu akibat pembangkangan mereka kepada Allah dan kesewenang-wenangan mereka kepada manusia.",
          "7": "Allah bertanya kepada Nabi Muhammad, yang maksudnya untuk memberitahukan kepada beliau atau siapa saja untuk direnungkan, tentang kaum 'Ad. Kaum ini adalah umat Nabi Hud yang mendiami daerah yang disebut Ahqaf di daerah Hadramaut, Yaman. 'Ad adalah nama nenek moyang mereka, 'Ad bin Iram bin Sam bin Nuh. Mereka diberi nama dengan nama nenek moyang mereka itu. Mereka terkenal sebagai bangsa yang kuat dan memiliki tubuh yang tinggi, besar, dan perkasa. Bukti keperkasaan mereka adalah bahwa mereka telah mampu membangun kota yang disebut Iram dengan gedung-gedung yang kokoh, tinggi, dan megah untuk ukuran pada masa itu. Mereka juga menguasai bangsa-bangsa sekitarnya. Walaupun demikian perkasa dan memiliki peradaban yang tinggi, Allah tetap mampu menghancurkan mereka sehingga hanya tinggal nama. Semua itu akibat pembangkangan mereka kepada Allah dan kesewenang-wenangan mereka kepada manusia.",
          "8": "Allah bertanya kepada Nabi Muhammad, yang maksudnya untuk memberitahukan kepada beliau atau siapa saja untuk direnungkan, tentang kaum 'Ad. Kaum ini adalah umat Nabi Hud yang mendiami daerah yang disebut Ahqaf di daerah Hadramaut, Yaman. 'Ad adalah nama nenek moyang mereka, 'Ad bin Iram bin Sam bin Nuh. Mereka diberi nama dengan nama nenek moyang mereka itu. Mereka terkenal sebagai bangsa yang kuat dan memiliki tubuh yang tinggi, besar, dan perkasa. Bukti keperkasaan mereka adalah bahwa mereka telah mampu membangun kota yang disebut Iram dengan gedung-gedung yang kokoh, tinggi, dan megah untuk ukuran pada masa itu. Mereka juga menguasai bangsa-bangsa sekitarnya. Walaupun demikian perkasa dan memiliki peradaban yang tinggi, Allah tetap mampu menghancurkan mereka sehingga hanya tinggal nama. Semua itu akibat pembangkangan mereka kepada Allah dan kesewenang-wenangan mereka kepada manusia.",
          "9": "Begitu juga Allah telah menghancurleburkan kaum Samud, umat Nabi Saleh. Bangsa ini juga telah memiliki peradaban yang tinggi, yang ditunjukkan oleh kemampuan mereka membangun gedung-gedung megah di tempat-tempat datar dan memotong, memahat batu-batu di pegunungan untuk dibuat tempat-tempat peristirahatan, serta membuat relief-relief dan perhiasan-perhiasan dari batu atau marmer. Keahlian mereka itu diceritakan dalam ayat lain:\n\nDan kamu pahat dengan terampil sebagian gunung-gunung untuk dijadikan rumah-rumah. (asy-Syu'ara'/26: 149)\n\nWalaupun mereka sudah begitu maju, kuat, dan memiliki peradaban yang tinggi, Allah tetap kuasa menghancurkan mereka karena pembangkangan mereka.",
          "10": "Allah juga telah menghancurkan Fir'aun. Ia terkenal sebagai raja yang zalim bahkan memandang dirinya tuhan bangsa Mesir. Bangsa ini di bawah Fir'aun juga telah mencapai peradaban yang tinggi, di antara buktinya adalah kemampuan mereka membangun piramid-piramid yang merupakan salah satu keajaiban dunia sampai sekarang. Mereka juga telah memiliki angkatan bersenjata yang besar. Akan tetapi, semuanya itu juga sudah dihancurleburkan Allah sehingga sekarang mereka hanya tinggal nama untuk dikenang.",
          "11": "Semua bangsa yang telah disebutkan di atas, yaitu kaum 'Ad, Samud, dan Fir'aun telah melakukan kesewenang-wenangan di bumi ini, yaitu mempertuhankan manusia atau benda dan memperkosa hak-hak asasi manusia.",
          "12": "Di samping itu, mereka telah melakukan kerusakan di muka bumi, seperti menindas kaum yang lemah bahkan membunuh siapa saja yang mereka kehendaki.",
          "13": "Akhirnya Allah \"menumpahkan kepada mereka cemeti azab\", yang berarti bahwa azab itu dicurahkan seluruhnya kepada mereka sehebat-hebatnya, sehingga mereka hancur lebur tak bersisa dan yang tertinggal hanyalah nama untuk diingat orang. Yang menimpakan azab itu adalah \"Tuhanmu\" (ya, Muhammad!), yang berarti bahwa peristiwa-peristiwa itu hendaknya menjadi pelajaran bagi kaum kafir Mekah agar mereka tidak terus-menerus membangkang.\n\nBagaimana azab yang ditimpakan kepada bangsa-bangsa itu dinyatakan dalam ayat-ayat lain:\n\nMaka adapun kaum Samud, mereka telah dibinasakan dengan suara yang sangat keras, sedangkan kaum 'Ad, mereka telah dibinasakan dengan angin topan yang sangat dingin, Allah menimpakan angin itu kepada mereka selama tujuh malam delapan hari terus-menerus; maka kamu melihat kaum 'Ad pada waktu itu mati bergelimpangan seperti batang-batang pohon kurma yang telah kosong (lapuk). Maka adakah kamu melihat seorang pun yang masih tersisa di antara mereka? Kemudian datang Fir'aun dan orang-orang yang sebelumnya dan (penduduk) negeri-negeri yang dijungkirbalikkan karena kesalahan yang besar. Maka mereka mendurhakai utusan Tuhannya, Allah menyiksa mereka dengan siksaan yang sangat keras. (al-haqqah/69: 5-10)",
          "14": "Allah menegaskan bahwa Ia sungguh amat kuat pengawasan-Nya terhadap makhluk-Nya. Tidak ada perbuatan sekecil apa pun yang tidak diketahui-Nya. Oleh karena itu, yang membangkang dan bergelimang dosa seharusnya sadar dan kemudian beriman dan tobat dari dosa-dosanya.",
          "15": "Ayat ini menyatakan bahwa Allah menguji manusia dengan kemuliaan dan berbagai nikmat-Nya, seperti kekuasaan dan kekayaan. Orang yang kafir dan durhaka akan memandang hal itu sebagai tanda bahwa Allah menyayangi mereka.",
          "16": "Sebaliknya, bila Allah menguji mereka dengan cara membatasi rezeki, mereka menyangka bahwa Allah telah membenci mereka. Pandangan itu tidak benar, karena Allah memberi siapa yang disukai-Nya atau tidak memberi siapa yang tidak disukai-Nya. Allah ingin menguji manusia, dan karena itu Ia menghendaki agar manusia itu selalu patuh kepada-Nya, baik dalam keadaan berkecukupan maupun kekurangan. Bila Allah memberi, maka manusia yang diberi harus bersyukur, dan bila Ia tidak memberi, manusia harus bersabar.",
          "17": "Akan tetapi banyak manusia yang ingkar, mereka tidak mensyukuri nikmat yang diberikan kepadanya. Bersyukur adalah mengucapkan kata-kata syukur dan menggunakan nikmat itu sesuai dengan ketentuan Yang Memberinya. Salah satu ketentuan-Nya adalah bahwa orang yang diberi kelebihan rezeki harus memperhatikan mereka yang berkekurangan. Di antara mereka adalah anak-anak yatim. Anak yatim perlu diasuh sampai mereka dewasa. Manusia yang ingkar dan tak mau bersyukur tidak mau memperhatikan pengasuhan anak-anak yatim itu.",
          "18": "Di samping itu, mereka tidak menaruh kasihan pada penderitaan orang miskin. Jangankan untuk melepaskan mereka dari kemiskinan, membantu mencukupkan kebutuhan pokok mereka saja mereka tidak ada perhatian.",
          "19": "Tambahan lagi manusia yang ingkar dan durhaka itu sangat tamak. Mereka tega merampas harta warisan yang menjadi hak anak yatim secara akal-akalan, misalnya mencampurkannya ke dalam kekayaan mereka lalu menyatakan bahwa yang mereka makan adalah harta mereka sendiri.",
          "20": "Orang yang durhaka itu terus mencari dan mengumpulkan kekayaan tanpa mengenal rasa lelah dan tidak peduli halal atau haram. Di samping itu, mereka sangat pelit, tidak mau mengeluarkan kewajiban berkenaan harta, yaitu membayar zakat dan membantu orang yang berkekurangan.\n\nAllah tidak mungkin sayang kepada orang kaya raya yang memperoleh kekayaan itu dengan cara yang tidak benar. Juga kepada orang yang tidak mau membantu orang lain. Mereka jangan mengira bahwa mereka memperoleh kekayaan itu sebagai tanda bahwa Allah menyayangi mereka. Sebaliknya, Allah sesungguhnya membenci mereka. Tidak mustahil mereka akan dijatuhi azab seperti yang telah ditimpakan-Nya kepada umat-umat terdahulu itu. Di akhirat nanti, Allah akan memasukkan mereka ke dalam neraka. Hakikat ini hendaknya disadari oleh kaum kafir Mekah yang masih juga membangkang. Hal itu hendaknya dijadikan pelajaran oleh seluruh umat manusia.",
          "21": "Dalam ayat ini, Allah memberitahukan bahwa orang-orang kafir itu nanti di akhirat akan menyesal. Allah memberitahukan bahwa dunia ini akan hancur karena planet-planet ini akan bertubrukan satu sama lain dengan dahsyatnya dan semua makhluk akan mati. Setelah itu Allah menghidupkan semua makhluk itu kembali dan menghadapkan mereka di Padang Mahsyar. Kemudian Allah dan para malaikat yang membuat formasi-formasi khusus memeriksa setiap amal manusia. Waktu itulah neraka Jahanam dihadapkan kepada orang-orang yang durhaka ketika di dunia. Waktu itu mereka yang durhaka sadar atas kedurhakaannya. Akan tetapi, sadar pada waktu itu tidak ada gunanya, karena \"nasi sudah jadi bubur\", dunia tempat beramal sudah berakhir, dan yang ada hanyalah tempat melihat hasil amal di dunia.",
          "22": "Dalam ayat ini, Allah memberitahukan bahwa orang-orang kafir itu nanti di akhirat akan menyesal. Allah memberitahukan bahwa dunia ini akan hancur karena planet-planet ini akan bertubrukan satu sama lain dengan dahsyatnya dan semua makhluk akan mati. Setelah itu Allah menghidupkan semua makhluk itu kembali dan menghadapkan mereka di Padang Mahsyar. Kemudian Allah dan para malaikat yang membuat formasi-formasi khusus memeriksa setiap amal manusia. Waktu itulah neraka Jahanam dihadapkan kepada orang-orang yang durhaka ketika di dunia. Waktu itu mereka yang durhaka sadar atas kedurhakaannya. Akan tetapi, sadar pada waktu itu tidak ada gunanya, karena \"nasi sudah jadi bubur\", dunia tempat beramal sudah berakhir, dan yang ada hanyalah tempat melihat hasil amal di dunia.",
          "23": "Dalam ayat ini, Allah memberitahukan bahwa orang-orang kafir itu nanti di akhirat akan menyesal. Allah memberitahukan bahwa dunia ini akan hancur karena planet-planet ini akan bertubrukan satu sama lain dengan dahsyatnya dan semua makhluk akan mati. Setelah itu Allah menghidupkan semua makhluk itu kembali dan menghadapkan mereka di Padang Mahsyar. Kemudian Allah dan para malaikat yang membuat formasi-formasi khusus memeriksa setiap amal manusia. Waktu itulah neraka Jahanam dihadapkan kepada orang-orang yang durhaka ketika di dunia. Waktu itu mereka yang durhaka sadar atas kedurhakaannya. Akan tetapi, sadar pada waktu itu tidak ada gunanya, karena \"nasi sudah jadi bubur\", dunia tempat beramal sudah berakhir, dan yang ada hanyalah tempat melihat hasil amal di dunia.",
          "24": "Ketika itu orang-orang yang durhaka menyesali diri mereka mengapa dulu di dunia tidak melakukan sesuatu yang berguna untuk kehidupannya di akhirat.",
          "25": "Di akhirat, yang ada hanya azab bagi orang yang durhaka. Azab itu tiada tara sehingga tidak ada bandingannya. Azab itu dijatuhkan sesuai dengan dosa-dosa mereka pada waktu di dunia.",
          "26": "Pada waktu itu tidak ada yang lebih dipercaya dalam melaksanakan tugasnya selain Malaikat Zabaniyah. Malaikat itu akan melaksanakan tugasnya persis sebagaimana yang diperintahkan Allah, yaitu bahwa orang-orang yang durhaka itu akan diazab di dalam neraka Jahanam sesuai dengan dosa-dosa mereka. Dengan demikian, terbuktilah bahwa kelimpahan nikmat yang mereka terima pada waktu di dunia itu bukanlah tanda bahwa Allah cinta kepada mereka.",
          "27": "Dalam ayat-ayat ini, Allah memanggil jiwa yang tenang dan damai ketika diwafatkan, yaitu jiwa yang suci karena iman dan amal saleh yang dikerjakannya, sehingga memperoleh apa yang dijanjikan Allah kepadanya. Jiwa itu diminta Allah untuk pulang memenuhi panggilan-Nya dengan menghadap kepada-Nya kembali dengan perasaan puas dan senang karena telah memenuhi perintah-perintah-Nya waktu hidup di dunia. Allah juga puas dan senang kepadanya karena sudah menjalankan perintah-perintah-Nya. Setelah datang kepada-Nya, jiwa itu dipersilakan Allah masuk ke dalam kelompok hamba-hamba-Nya, yaitu ke dalam surga-Nya.",
          "28": "Dalam ayat-ayat ini, Allah memanggil jiwa yang tenang dan damai ketika diwafatkan, yaitu jiwa yang suci karena iman dan amal saleh yang dikerjakannya, sehingga memperoleh apa yang dijanjikan Allah kepadanya. Jiwa itu diminta Allah untuk pulang memenuhi panggilan-Nya dengan menghadap kepada-Nya kembali dengan perasaan puas dan senang karena telah memenuhi perintah-perintah-Nya waktu hidup di dunia. Allah juga puas dan senang kepadanya karena sudah menjalankan perintah-perintah-Nya. Setelah datang kepada-Nya, jiwa itu dipersilakan Allah masuk ke dalam kelompok hamba-hamba-Nya, yaitu ke dalam surga-Nya.",
          "29": "Dalam ayat-ayat ini, Allah memanggil jiwa yang tenang dan damai ketika diwafatkan, yaitu jiwa yang suci karena iman dan amal saleh yang dikerjakannya, sehingga memperoleh apa yang dijanjikan Allah kepadanya. Jiwa itu diminta Allah untuk pulang memenuhi panggilan-Nya dengan menghadap kepada-Nya kembali dengan perasaan puas dan senang karena telah memenuhi perintah-perintah-Nya waktu hidup di dunia. Allah juga puas dan senang kepadanya karena sudah menjalankan perintah-perintah-Nya. Setelah datang kepada-Nya, jiwa itu dipersilakan Allah masuk ke dalam kelompok hamba-hamba-Nya, yaitu ke dalam surga-Nya.",
          "30": "Dalam ayat-ayat ini, Allah memanggil jiwa yang tenang dan damai ketika diwafatkan, yaitu jiwa yang suci karena iman dan amal saleh yang dikerjakannya, sehingga memperoleh apa yang dijanjikan Allah kepadanya. Jiwa itu diminta Allah untuk pulang memenuhi panggilan-Nya dengan menghadap kepada-Nya kembali dengan perasaan puas dan senang karena telah memenuhi perintah-perintah-Nya waktu hidup di dunia. Allah juga puas dan senang kepadanya karena sudah menjalankan perintah-perintah-Nya. Setelah datang kepada-Nya, jiwa itu dipersilakan Allah masuk ke dalam kelompok hamba-hamba-Nya, yaitu ke dalam surga-Nya."
        }
      }
    }
  }
}