{
  "name": "Ash-Shams",
  "name_translations": {
    "ar": "الشمس",
    "en": "The Sun",
    "id": "Matahari"
  },
  "number_of_ayah": 15,
  "number_of_surah": 91,
  "place": "Mecca",
  "recitations": [{
    "name": "Mishari Rashid al-`Afasy",
    "audio_url": "https://download.quranicaudio.com/quran/mishaari_raashid_al_3afaasee/091.mp3"
  }, {
    "name": "Abdur-Rahman as-Sudais",
    "audio_url": "https://download.quranicaudio.com/quran/abdurrahmaan_as-sudays/091.mp3"
  }, {
    "name": "Saad al-Ghamdi",
    "audio_url": "https://download.quranicaudio.com/quran/sa3d_al-ghaamidi/complete/091.mp3"
  }],
  "type": "Makkiyah",
  "verses": [{
    "number": 1,
    "text": "بِسْمِ ٱللَّهِ ٱلرَّحْمَٰنِ ٱلرَّحِيمِ وَٱلشَّمْسِ وَضُحَىٰهَا",
    "translation_en": "By the sun and its brightness",
    "translation_id": "Demi matahari dan cahayanya di pagi hari,"
  }, {
    "number": 2,
    "text": "وَٱلْقَمَرِ إِذَا تَلَىٰهَا",
    "translation_en": "And [by] the moon when it follows it",
    "translation_id": "dan bulan apabila mengiringinya,"
  }, {
    "number": 3,
    "text": "وَٱلنَّهَارِ إِذَا جَلَّىٰهَا",
    "translation_en": "And [by] the day when it displays it",
    "translation_id": "dan siang apabila menampakkannya,"
  }, {
    "number": 4,
    "text": "وَٱلَّيْلِ إِذَا يَغْشَىٰهَا",
    "translation_en": "And [by] the night when it covers it",
    "translation_id": "dan malam apabila menutupinya,"
  }, {
    "number": 5,
    "text": "وَٱلسَّمَآءِ وَمَا بَنَىٰهَا",
    "translation_en": "And [by] the sky and He who constructed it",
    "translation_id": "dan langit serta pembinaannya,"
  }, {
    "number": 6,
    "text": "وَٱلْأَرْضِ وَمَا طَحَىٰهَا",
    "translation_en": "And [by] the earth and He who spread it",
    "translation_id": "dan bumi serta penghamparannya,"
  }, {
    "number": 7,
    "text": "وَنَفْسٍ وَمَا سَوَّىٰهَا",
    "translation_en": "And [by] the soul and He who proportioned it",
    "translation_id": "dan jiwa serta penyempurnaannya (ciptaannya),"
  }, {
    "number": 8,
    "text": "فَأَلْهَمَهَا فُجُورَهَا وَتَقْوَىٰهَا",
    "translation_en": "And inspired it [with discernment of] its wickedness and its righteousness,",
    "translation_id": "maka Allah mengilhamkan kepada jiwa itu (jalan) kefasikan dan ketakwaannya."
  }, {
    "number": 9,
    "text": "قَدْ أَفْلَحَ مَن زَكَّىٰهَا",
    "translation_en": "He has succeeded who purifies it,",
    "translation_id": "sesungguhnya beruntunglah orang yang mensucikan jiwa itu,"
  }, {
    "number": 10,
    "text": "وَقَدْ خَابَ مَن دَسَّىٰهَا",
    "translation_en": "And he has failed who instills it [with corruption].",
    "translation_id": "dan sesungguhnya merugilah orang yang mengotorinya."
  }, {
    "number": 11,
    "text": "كَذَّبَتْ ثَمُودُ بِطَغْوَىٰهَآ",
    "translation_en": "Thamud denied [their prophet] by reason of their transgression,",
    "translation_id": "(Kaum) Tsamud telah mendustakan (rasulnya) karena mereka melampaui batas,"
  }, {
    "number": 12,
    "text": "إِذِ ٱنۢبَعَثَ أَشْقَىٰهَا",
    "translation_en": "When the most wretched of them was sent forth.",
    "translation_id": "ketika bangkit orang yang paling celaka di antara mereka,"
  }, {
    "number": 13,
    "text": "فَقَالَ لَهُمْ رَسُولُ ٱللَّهِ نَاقَةَ ٱللَّهِ وَسُقْيَٰهَا",
    "translation_en": "And the messenger of Allah [Salih] said to them, \"[Do not harm] the she-camel of Allah or [prevent her from] her drink.\"",
    "translation_id": "lalu Rasul Allah (Saleh) berkata kepada mereka: (\"Biarkanlah) unta betina Allah dan minumannya\"."
  }, {
    "number": 14,
    "text": "فَكَذَّبُوهُ فَعَقَرُوهَا فَدَمْدَمَ عَلَيْهِمْ رَبُّهُم بِذَنۢبِهِمْ فَسَوَّىٰهَا",
    "translation_en": "But they denied him and hamstrung her. So their Lord brought down upon them destruction for their sin and made it equal [upon all of them].",
    "translation_id": "Lalu mereka mendustakannya dan menyembelih unta itu, maka Tuhan mereka membinasakan mereka disebabkan dosa mereka, lalu Allah menyama-ratakan mereka (dengan tanah),"
  }, {
    "number": 15,
    "text": "وَلَا يَخَافُ عُقْبَٰهَا",
    "translation_en": "And He does not fear the consequence thereof.",
    "translation_id": "dan Allah tidak takut terhadap akibat tindakan-Nya itu."
  }],
  "tafsir": {
    "id": {
      "kemenag": {
        "name": "Kemenag",
        "source": "Aplikasi Quran Kementrian Agama Republik Indonesia",
        "text": {
          "1": "Allah bersumpah dengan matahari dan cahayanya pada waktu duha yang sangat terang dan kontras dengan sesaat sebelumnya di mana kegelapan menutup alam ini. Kemudian Allah bersumpah dengan bulan yang bertolak belakang dengan matahari, sebab ia bukan sumber cahaya tetapi hanya menerima cahaya dari matahari.\n\nMenurut kajian ilmiah, cahaya di pagi hari adalah yang paling lengkap kekayaan panjang gelombangnya. Oleh karena itu, cahaya matahari pagi paling baik khasiatnya bagi manusia. Matahari adalah sumber energi utama bagi manusia, sedang cahayanya terdiri dari cahaya tampak, inframerah, dan ultraviolet. Cahaya tampak memiliki tujuh spektrum yang berbeda dan masing-masing memiliki kegunaan yang berbeda bagi tubuh manusia. Adapun inframerah bermanfaat untuk mengurangi rasa sakit pada otot-otot, dan ultraviolet berfungsi sebagai fitokatalis yang mempercepat perubahan pro-vitamin D yang ada pada kulit manusia menjadi vitamin D.",
          "2": "Allah bersumpah dengan matahari dan cahayanya pada waktu duha yang sangat terang dan kontras dengan sesaat sebelumnya di mana kegelapan menutup alam ini. Kemudian Allah bersumpah dengan bulan yang bertolak belakang dengan matahari, sebab ia bukan sumber cahaya tetapi hanya menerima cahaya dari matahari.\n\nMenurut kajian ilmiah, cahaya di pagi hari adalah yang paling lengkap kekayaan panjang gelombangnya. Oleh karena itu, cahaya matahari pagi paling baik khasiatnya bagi manusia. Matahari adalah sumber energi utama bagi manusia, sedang cahayanya terdiri dari cahaya tampak, inframerah, dan ultraviolet. Cahaya tampak memiliki tujuh spektrum yang berbeda dan masing-masing memiliki kegunaan yang berbeda bagi tubuh manusia. Adapun inframerah bermanfaat untuk mengurangi rasa sakit pada otot-otot, dan ultraviolet berfungsi sebagai fitokatalis yang mempercepat perubahan pro-vitamin D yang ada pada kulit manusia menjadi vitamin D.",
          "3": "Selanjutnya Allah bersumpah dengan siang dan malam. Siang menampakkan matahari, sedangkan malam menyembunyikan matahari. Dengan ini, Allah memberikan isyarat tentang sistem perputaran bulan dan bumi terhadap matahari sebagai penanda waktu bagi manusia. Perputaran bumi terhadap matahari menimbulkan sistem penanda waktu syamsiah sedang perputaran bulan terhadap bumi menimbulkan penanda waktu qomariyah. Pergerakan ketiga benda langit ini yang begitu terstruktur tersebut menunjukkan betapa kuasa Allah.",
          "4": "Selanjutnya Allah bersumpah dengan siang dan malam. Siang menampakkan matahari, sedangkan malam menyembunyikan matahari. Dengan ini, Allah memberikan isyarat tentang sistem perputaran bulan dan bumi terhadap matahari sebagai penanda waktu bagi manusia. Perputaran bumi terhadap matahari menimbulkan sistem penanda waktu syamsiah sedang perputaran bulan terhadap bumi menimbulkan penanda waktu qomariyah. Pergerakan ketiga benda langit ini yang begitu terstruktur tersebut menunjukkan betapa kuasa Allah.",
          "5": "Selanjutnya lagi, Allah bersumpah dengan langit dan bumi. Langit, yaitu kosmos beserta segala isinya, menyangga langit itu sehingga tetap berfungsi sebagai atap bumi. Dan bumi itu terhampar sehingga menyediakan potensi-potensi yang dapat dimanfaatkan manusia untuk hidup di atasnya.",
          "6": "Selanjutnya lagi, Allah bersumpah dengan langit dan bumi. Langit, yaitu kosmos beserta segala isinya, menyangga langit itu sehingga tetap berfungsi sebagai atap bumi. Dan bumi itu terhampar sehingga menyediakan potensi-potensi yang dapat dimanfaatkan manusia untuk hidup di atasnya.",
          "7": "Terakhir, Allah bersumpah dengan diri manusia yang telah Ia ciptakan dengan kondisi fisik dan psikis yang sempurna. Setelah menciptakannya secara sempurna, Allah memasukkan ke dalam diri manusia potensi jahat dan baik.",
          "8": "Terakhir, Allah bersumpah dengan diri manusia yang telah Ia ciptakan dengan kondisi fisik dan psikis yang sempurna. Setelah menciptakannya secara sempurna, Allah memasukkan ke dalam diri manusia potensi jahat dan baik.",
          "9": "Dalam ayat-ayat ini, Allah menegaskan pesan yang begitu pentingnya sehingga untuk itu Ia perlu bersumpah. Pesan itu adalah bahwa orang yang membersihkan dirinya, yaitu mengendalikan dirinya sehingga hanya mengerjakan perbuatan-perbuatan baik, akan beruntung, yaitu bahagia di dunia dan terutama di akhirat. Sedangkan orang yang mengotori dirinya, yaitu mengikuti hawa nafsunya sehingga melakukan perbuatan-perbuatan dosa, akan celaka, yaitu tidak bahagia di dunia dan di akhirat masuk neraka.",
          "10": "Dalam ayat-ayat ini, Allah menegaskan pesan yang begitu pentingnya sehingga untuk itu Ia perlu bersumpah. Pesan itu adalah bahwa orang yang membersihkan dirinya, yaitu mengendalikan dirinya sehingga hanya mengerjakan perbuatan-perbuatan baik, akan beruntung, yaitu bahagia di dunia dan terutama di akhirat. Sedangkan orang yang mengotori dirinya, yaitu mengikuti hawa nafsunya sehingga melakukan perbuatan-perbuatan dosa, akan celaka, yaitu tidak bahagia di dunia dan di akhirat masuk neraka.",
          "11": "Kaum Samud adalah umat Nabi Saleh. Mereka telah mendustakan dan mengingkari kenabian dan ajaran-ajaran yang dibawa Nabi Saleh dari Allah. Nabi Saleh diberi mukjizat oleh Allah sebagai ujian bagi kaumnya, yaitu seekor unta betina yang dijelmakan dari sebuah batu besar, untuk menandingi keahlian kaum itu yang sangat piawai dalam seni patung dari batu. Bila mereka piawai dalam seni patung sehingga patung itu terlihat bagaikan hidup, maka mukjizat Nabi Saleh adalah menjelmakan seekor unta betina yang benar-benar hidup dari sebuah batu. Akan tetapi, mereka tidak mengakuinya, dan berusaha membunuh unta itu.",
          "12": "Awal kecelakaan bagi kaum Samud adalah ketika tampil seorang yang paling jahat dari mereka, yaitu Qudar bin Salif. Ia adalah seorang yang sangat berani, perkasa, dan bengis. Ia datang memprovokasi kaumnya untuk membunuh unta betina mukjizat Nabi Saleh.",
          "13": "Nabi Saleh memperingatkan kaumnya agar tidak mengganggu unta itu. Ia memperingatkan bahwa unta itu adalah mukjizat dari Allah, dan haknya untuk memperoleh minum berselang hari dengan mereka, harus dihormati. Ia memperingatkan pula bahwa bila mereka mengganggunya, mereka akan mendapat bahaya.",
          "14": "Akan tetapi, kaumnya memandang Nabi Saleh bohong, begitu juga unta itu sebagai mukjizat, dan menganggap sepi peringatan Nabi Saleh tersebut. Unta itu mereka tangkap beramai-ramai, lalu Qudar bin Salif membunuhnya dengan cara memotong-motongnya. Akhirnya Allah meratakan negeri mereka dengan tanah, dengan mengirim petir yang menggelegar yang diiringi gempa yang dahsyat, sebagai balasan pembangkangan dan dosa-dosa mereka.",
          "15": "Allah tidak peduli bencana yang Ia timpakan kepada mereka dengan korban yang begitu besar. Hal itu karena pembangkangan mereka yang sudah sangat keterlaluan, yaitu membunuh unta betina (mukjizat) yang diturunkan-Nya kepada nabi-Nya."
        }
      }
    }
  }
}