{
  "name": "Al-Qadr",
  "name_translations": {
    "ar": "القدر",
    "en": "The Power, Fate",
    "id": "Kemuliaan"
  },
  "number_of_ayah": 5,
  "number_of_surah": 97,
  "place": "Mecca",
  "recitations": [{
    "name": "Mishari Rashid al-`Afasy",
    "audio_url": "https://download.quranicaudio.com/quran/mishaari_raashid_al_3afaasee/097.mp3"
  }, {
    "name": "Abdur-Rahman as-Sudais",
    "audio_url": "https://download.quranicaudio.com/quran/abdurrahmaan_as-sudays/097.mp3"
  }, {
    "name": "Saad al-Ghamdi",
    "audio_url": "https://download.quranicaudio.com/quran/sa3d_al-ghaamidi/complete/097.mp3"
  }],
  "type": "Makkiyah",
  "verses": [{
    "number": 1,
    "text": "بِّسْمِ ٱللَّهِ ٱلرَّحْمَٰنِ ٱلرَّحِيمِ إِنَّآ أَنزَلْنَٰهُ فِى لَيْلَةِ ٱلْقَدْرِ",
    "translation_en": "Indeed, We sent the Qur'an down during the Night of Decree.",
    "translation_id": "Sesungguhnya Kami telah menurunkannya (Al Quran) pada malam kemuliaan."
  }, {
    "number": 2,
    "text": "وَمَآ أَدْرَىٰكَ مَا لَيْلَةُ ٱلْقَدْرِ",
    "translation_en": "And what can make you know what is the Night of Decree?",
    "translation_id": "Dan tahukah kamu apakah malam kemuliaan itu?"
  }, {
    "number": 3,
    "text": "لَيْلَةُ ٱلْقَدْرِ خَيْرٌ مِّنْ أَلْفِ شَهْرٍ",
    "translation_en": "The Night of Decree is better than a thousand months.",
    "translation_id": "Malam kemuliaan itu lebih baik dari seribu bulan."
  }, {
    "number": 4,
    "text": "تَنَزَّلُ ٱلْمَلَٰٓئِكَةُ وَٱلرُّوحُ فِيهَا بِإِذْنِ رَبِّهِم مِّن كُلِّ أَمْرٍ",
    "translation_en": "The angels and the Spirit descend therein by permission of their Lord for every matter.",
    "translation_id": "Pada malam itu turun malaikat-malaikat dan malaikat Jibril dengan izin Tuhannya untuk mengatur segala urusan."
  }, {
    "number": 5,
    "text": "سَلَٰمٌ هِىَ حَتَّىٰ مَطْلَعِ ٱلْفَجْرِ",
    "translation_en": "Peace it is until the emergence of dawn.",
    "translation_id": "Malam itu (penuh) kesejahteraan sampai terbit fajar."
  }],
  "tafsir": {
    "id": {
      "kemenag": {
        "name": "Kemenag",
        "source": "Aplikasi Quran Kementrian Agama Republik Indonesia",
        "text": {
          "1": "Terdapat empat tempat dalam Al-Qur'an yang menerangkan tentang penurunannya kepada Nabi saw yaitu:\n\n1.Dalam Surah al-Qadr.\n\n2.Dalam Surah ad-Dukhan, yaitu pada firman-Nya:\n\nha Mim. Demi Kitab (Al-Qur'an) yang jelas, sesungguhnya Kami menurunkannya pada malam yang diberkahi. Sungguh, Kamilah yang memberi peringatan. Pada (malam itu) dijelaskan segala urusan yang penuh hikmah, (yaitu) urusan dari sisi Kami. Sungguh, Kamilah yang mengutus rasul-rasul, sebagai rahmat dari Tuhanmu. Sungguh, Dia Maha Mendengar, Maha Mengetahui. (ad-Dukhan/44: 1-6)\n\n3.Dalam Surah al-Baqarah, yaitu pada firman-Nya:\n\nBulan Ramadan adalah (bulan) yang di dalamnya diturunkan Al-Qur'an, sebagai petunjuk bagi manusia dan penjelasan-penjelasan mengenai petunjuk itu dan pembeda (antara yang benar dan yang batil). (al-Baqarah/2: 185)\n\n4.Dalam Surah al-Anfal, yaitu pada firman-Nya:\n\nDan ketahuilah, sesungguhnya segala yang kamu peroleh sebagai rampasan perang, maka seperlima untuk Allah, Rasul, kerabat Rasul, anak yatim, orang miskin dan ibnu sabil, (demikian) jika kamu beriman kepada Allah dan kepada apa yang Kami turunkan kepada hamba Kami (Muhammad) di hari Furqan, yaitu pada hari bertemunya dua pasukan. Allah Mahakuasa atas segala sesuatu. (al-Anfal/8: 41)\n\nAyat Surah al-Qadr menyatakan bahwa turunnya Al-Qur'an dari Lauh Mahfudh ke Baitul-'Izzah jelas pada malam Lailatul Qadr. Ayat Surah ad-Dukhan menguatkan turunnya Al-Qur'an pada malam yang diberkahi, ayat Surah al-Baqarah menunjukkan turunnya Al-Qur'an pada bulan Ramadan. Sedangkan Surah al-Anfal/8: 41 di atas menerangkan penyelesaian pembagian rampasan perang pada Perang Badar. Perang ini disebut yaumul-furqan karena merupakan pertempuran antara tentara Islam dengan tentara kafir, di mana kemenangan berada di tangan tentara Islam. \n\nDalam ayat ini diungkapkan bahwa Allah menurunkan Al-Qur'an pertama kali kepada Nabi saw pada malam yang mulia. Kemudian diturunkan terus-menerus secara berangsur-angsur menurut peristiwa dan suasana yang menghendakinya dalam jangka waktu dua puluh dua tahun lebih sebagai petunjuk bagi manusia dalam mencapai kebahagiaan hidup di dunia dan di akhirat nanti.\n\nSehubungan dengan uraian di atas, para ulama mengatakan bahwa kata anzala dan nazzala berbeda penggunaan dan maknanya. Oleh sebab itu, makna anzalnahu dalam Surah al-Qadr menunjukkan turunnya kitab suci Al-Qur'an pertama kali dan sekaligus dari Lauh Mahfudh ke langit dunia. Kemudian diturunkan berangsur-angsur dari langit dunia kepada Nabi Muhammad, yang dibawa oleh Malaikat Jibril selama 22 tahun, 2 bulan dan 22 hari. Sedangkan makna nazzala bermakna diturunkan berangsur-angsur.\n\nTidak diragukan lagi bahwa manusia sangat memerlukan Al-Qur'an sebagai pedoman yang menjelaskan sesuatu yang mereka ragukan dalam hal-hal yang berhubungan dengan soal-soal keagamaan atau masalah-masalah duniawi. Al-Qur'an juga menerangkan kepada mereka kejadian manusia dan kejadian yang akan datang ketika datangnya hari kebangkitan.\n\nManusia memerlukan pegangan tersebut karena tanpanya, mereka tidak dapat memahami prinsip-prinsip kemaslahatan yang sebenarnya untuk membentuk peraturan-peraturan dan undang-undang. Oleh sebab itu, benarlah pendapat yang menyatakan bahwa manusia tidak dapat melepaskan diri dari agama dan petunjuk rohani yang menentukan ukuran dan nilai sesuatu setelah mengetahui secara ilmiah keadaan dan khasiat sesuatu.",
          "2": "Kemudian dalam ayat ini, Allah menyatakan keutamaan Lailatul-Qadr yang tidak dapat diketahui oleh para ulama dan ilmuwan, bagaimanapun tingginya ilmu pengetahuan mereka. Pengertian dan pengetahuan Nabi-Nya pun tidak sanggup menentukan kebesaran dan keutamaan malam itu. Hanya Allah yang mengetahui segala hal yang gaib, yang menciptakan alam semesta, yang mewujudkannya dari tidak ada menjadi ada.",
          "3": "Pada ayat ini, Allah menerangkan keutamaan Lailatul-Qadr yang sebenarnya. Malam itu adalah suatu malam yang memancarkan cahaya hidayah sebagai permulaan tasyri' yang diturunkan untuk kebahagiaan manusia. Malam itu juga sebagai peletakan batu pertama syariat Islam, sebagai agama penghabisan bagi umat manusia, yang sesuai dengan kemaslahatan mereka sepanjang zaman. Malam tersebut lebih utama dari seribu bulan yang mereka lalui dengan bergelimang dosa kemusyrikan dan kesesatan yang tidak berkesudahan. Ibadah pada malam itu mempunyai nilai tambah berupa kemuliaan dan ganjaran yang lebih baik dari ibadah seribu bulan\n\nSebutan kata \"seribu\" dalam ayat ini tidak bermaksud untuk menentukan bilangannya. Akan tetapi, maksudnya untuk menyatakan banyaknya yang tidak terhingga sebagaimana yang dikehendaki dengan firman Allah:\n\nMasing-masing dari mereka ingin diberi umur seribu tahun. (al-Baqarah/2: 96).\n\nApakah ada malam yang lebih mulia daripada malam yang padanya mulai diturunkan cahaya hidayah untuk manusia setelah berabad-abad lamanya mereka berada dalam kesesatan dan kekufuran? Apakah ada kemuliaan yang lebih agung daripada malam di mana cahaya purnama ilmu makrifah ketuhanan menerangi jiwa Muhammad saw yang diutus sebagai rahmat untuk seluruh manusia, menyampaikan berita gembira dan ancaman serta memanggil mereka ke jalan yang lurus, menjadikan mereka umat yang melepaskan manusia dari belenggu perbudakan dan penindasan penguasa yang zalim di timur dan barat, dan mempersatukan mereka sesudah berpecah-belah dan bermusuh-musuhan?\n\nMaka seyogyanya umat Islam menjadikan malam tersebut sebagai hari raya karena malam itu merupakan waktu turunnya undang-undang dasar samawi yang mengarahkan manusia ke arah yang bermanfaat bagi mereka. Penurunan ini juga memperbaharui janji mereka dengan Tuhan yang berhubungan dengan jiwa dan harta sebagai tanda syukur atas nikmat pemberian-Nya serta mengharapkan pahala balasan-Nya.",
          "4": "Dalam ayat ini, Allah menyatakan sebagian dari keistimewaan malam tersebut, yaitu turunnya para malaikat bersama Jibril dari alam malaikat sehingga tampak oleh Nabi saw, terutama Jibril yang menyampaikan wahyu. Penampakan Jibril kepada Nabi saw dalam rupanya yang asli adalah perintah Allah, setelah Ia mempersiapkan Nabi-Nya untuk menerima wahyu yang akan disampaikannya kepada manusia yang mengandung kebajikan dan keberkahan.\n\nTurunnya malaikat ke bumi adalah dengan izin Allah, tidak perlu kita menyelidiki bagaimana cara dan apa rahasianya. Kita cukup beriman saja dengannya. Adapun yang dapat diketahui manusia tentang rahasia alam ini hanya sedikit sekali, sebagaimana diterangkan dalam firman Allah:\n\nSedangkan kamu diberi pengetahuan hanya sedikit. (al-Isra'/17: 85)\n\nMalam itu (Lailatul-Qadr) adalah hari raya umat Islam karena merupakan waktu turunnya Al-Qur'an dan malam bersyukur kepada Allah atas kebajikan serta kenikmatan yang dikaruniakan-Nya. Pada saat itu, malaikat ikut bersyukur bersama manusia atas kebesaran malam Qadar, sebagai tanda kemuliaan manusia yang menjadi khalifah Allah di muka bumi.\n\nDi antara tanda-tanda Lailatul-Qadr adalah matahari terbit tanpa sinarnya yang memancar. Ibnu 'Abbas meriwayatkan bahwa Rasulullah bersabda tentang Lailatul-Qadr:\n\nLailatul qadar adalah malam yang tenang dan cerah, tidak panas dan tidak dingin, serta matahari pada pagi harinya berwarna merah terang. (Riwayat Abu Dawud)",
          "5": "Dalam ayat ini, Allah menyatakan bahwa malam tersebut dipenuhi kebajikan dan keberkahan dari permulaan sampai terbit fajar, karena turunnya Al-Qur'an yang disaksikan oleh para malaikat ketika Allah melapangkan dada Nabi-Nya dan memudahkan jalan untuk menyampaikan petunjuk serta bimbingan kepada umatnya."
        }
      }
    }
  }
}