{
  "name": "Az-Zalzalah",
  "name_translations": {
    "ar": "الزلزلة",
    "en": "The Earthquake",
    "id": "Guncangan"
  },
  "number_of_ayah": 8,
  "number_of_surah": 99,
  "place": "Medina",
  "recitations": [{
    "name": "Mishari Rashid al-`Afasy",
    "audio_url": "https://download.quranicaudio.com/quran/mishaari_raashid_al_3afaasee/099.mp3"
  }, {
    "name": "Abdur-Rahman as-Sudais",
    "audio_url": "https://download.quranicaudio.com/quran/abdurrahmaan_as-sudays/099.mp3"
  }, {
    "name": "Saad al-Ghamdi",
    "audio_url": "https://download.quranicaudio.com/quran/sa3d_al-ghaamidi/complete/099.mp3"
  }],
  "type": "Madaniyah",
  "verses": [{
    "number": 1,
    "text": "بِسْمِ ٱللَّهِ ٱلرَّحْمَٰنِ ٱلرَّحِيمِ إِذَا زُلْزِلَتِ ٱلْأَرْضُ زِلْزَالَهَا",
    "translation_en": "When the earth is shaken with its [final] earthquake",
    "translation_id": "Apabila bumi digoncangkan dengan goncangan (yang dahsyat),"
  }, {
    "number": 2,
    "text": "وَأَخْرَجَتِ ٱلْأَرْضُ أَثْقَالَهَا",
    "translation_en": "And the earth discharges its burdens",
    "translation_id": "dan bumi telah mengeluarkan beban-beban berat (yang dikandung)nya,"
  }, {
    "number": 3,
    "text": "وَقَالَ ٱلْإِنسَٰنُ مَا لَهَا",
    "translation_en": "And man says, \"What is [wrong] with it?\" -",
    "translation_id": "dan manusia bertanya: \"Mengapa bumi (menjadi begini)?\","
  }, {
    "number": 4,
    "text": "يَوْمَئِذٍ تُحَدِّثُ أَخْبَارَهَا",
    "translation_en": "That Day, it will report its news",
    "translation_id": "pada hari itu bumi menceritakan beritanya,"
  }, {
    "number": 5,
    "text": "بِأَنَّ رَبَّكَ أَوْحَىٰ لَهَا",
    "translation_en": "Because your Lord has commanded it.",
    "translation_id": "karena sesungguhnya Tuhanmu telah memerintahkan (yang sedemikian itu) kepadanya."
  }, {
    "number": 6,
    "text": "يَوْمَئِذٍ يَصْدُرُ ٱلنَّاسُ أَشْتَاتًا لِّيُرَوْا۟ أَعْمَٰلَهُمْ",
    "translation_en": "That Day, the people will depart separated [into categories] to be shown [the result of] their deeds.",
    "translation_id": "Pada hari itu manusia ke luar dari kuburnya dalam keadaan bermacam-macam, supaya diperlihatkan kepada mereka (balasan) pekerjaan mereka,"
  }, {
    "number": 7,
    "text": "فَمَن يَعْمَلْ مِثْقَالَ ذَرَّةٍ خَيْرًا يَرَهُۥ",
    "translation_en": "So whoever does an atom's weight of good will see it,",
    "translation_id": "Barangsiapa yang mengerjakan kebaikan seberat dzarrahpun, niscaya dia akan melihat (balasan)nya."
  }, {
    "number": 8,
    "text": "وَمَن يَعْمَلْ مِثْقَالَ ذَرَّةٍ شَرًّا يَرَهُۥ",
    "translation_en": "And whoever does an atom's weight of evil will see it.",
    "translation_id": "Dan barangsiapa yang mengerjakan kejahatan sebesar dzarrahpun, niscaya dia akan melihat (balasan)nya pula."
  }],
  "tafsir": {
    "id": {
      "kemenag": {
        "name": "Kemenag",
        "source": "Aplikasi Quran Kementrian Agama Republik Indonesia",
        "text": {
          "1": "Dalam ayat ini, Allah mengungkapkan bahwa bumi bergeletar dan berguncang sedahsyat-dahsyatnya, sebagaimana diterangkan firman Allah dalam ayat lain:\n\nWahai manusia! Bertakwalah kepada Tuhanmu; sungguh, guncangan (hari) Kiamat itu adalah suatu (kejadian) yang sangat besar. (al-hajj/22: 1)\n\nApabila bumi diguncangkan sedahsyat-dahsyatnya. (al-Waqi'ah/56: 4).\n\nKeterangan ini menunjukkan tentang dahsyatnya keadaan ketika itu. Hal itu dimaksudkan untuk menarik perhatian orang-orang kafir agar memikirkan dan merenungkannya. Seakan-akan dikatakan kepada mereka bahwa apabila bumi sebagai benda padat bisa bergeletar dengan dahsyat pada hari itu, maka mengapa mereka sendiri tidak mau sadar dari kelalaian dengan meninggalkan kekafirannya.",
          "2": "Dalam ayat ini, Allah menyatakan bahwa pada hari terjadi kegun-cangan itu, karena dahsyatnya, bumi menghamburkan isi perutnya yang terpendam berupa logam, harta simpanan, dan mayat-mayat dari kubur. Dalam ayat lain, Allah berfirman:\n\nDan apabila bumi diratakan, dan memuntahkan apa yang ada di dalamnya dan menjadi kosong. (al-Insyiqaq/84: 3-4)\n\nContohnya, sebagaimana terjadi dengan letusan gunung Krakatau pada tahun 1883, gempa dan tsunami di Aceh pada tahun 2004, lumpur panas di Sidoarjo Jawa Timur sejak tahun 2006, dan lain-lain yang begitu dahsyat sehingga mengeluarkan lava dan isi perut bumi. Guncangan pada hari kiamat jauh lebih dahsyat lagi.",
          "3": "Dalam ayat ini, Allah mengungkapkan bahwa orang-orang yang mengalami dan menyaksikan kejadian yang dahsyat dan membuat terperanjat orang-orang yang melihatnya, berkata, \"Apa gerangan yang terjadi pada bumi. Ini belum pernah terjadi sebelumnya?\" Dalam ayat lain, Allah berfirman:\n\nDan kamu melihat manusia dalam keadaan mabuk, padahal sebenarnya mereka tidak mabuk. (al-hajj/22: 2)",
          "4": "Dalam ayat ini, Allah menyatakan bahwa ketika terjadinya keguncangan yang dahsyat itu, saat bumi bergetar dan mengalami kehancuran serta kerusakan, seakan-akan ia menjelaskan kepada manusia bahwa kejadian yang belum pernah terjadi ini tidak menurut ketentuan yang berlaku bagi alam semesta dalam keadaan biasa.\n\nAllah menjelaskan bahwa sebab terjadinya keguncangan tersebut adalah atas perintah-Nya semata. Ketika bumi diperintahkan hancur, maka bumi akan hancur luluh.\n\nPada dasarnya ayat 1-5 di atas berkenaan dengan hari kiamat. Namun dari sekala lebih kecil ayat-ayat tersebut dapat ditafsirkan dengan proses geologi terjadinya gempa, yang sudah barang tentu besarannya jauh lebih kecil dibanding kejadian kiamat kelak.\n\nSeperti telah dijelaskan sebelumnya menurut kajian ilmiah bahwa lempengan-lempengan kulit bumi bergerak dan saling berinteraksi satu sama lain. Pada tempat-tempat saling bertemu, pertemuan lempengan ini menimbulkan gempa bumi. Sebagai contoh adalah Indonesia yang merupakan tempat pertemuan tiga lempeng: Eurasia, Pasifik, dan Indo-Australia. Bila dua lempeng bertemu, maka terjadi tekanan (beban) yang terus menerus, dan bila lempengan tidak tahan lagi menahan tekanan (beban) tersebut, maka lepaslah beban yang telah terkumpul ratusan tahun itu, dan dikeluarkan dalam bentuk gempa bumi.\n\nPada hari itu bumi 'menceritakan beritanya. Beban berat yang dikeluarkan dalam bentuk gempa bumi, merupakan satu proses geologi yang berjalan bertahun-tahun. Begitu seterusnya, setiap selesai beban dilepaskan, kembali proses pengumpulan beban terjadi. Proses geologi atau berita geologi ini dapat direkam baik secara alami maupun dengan menggunakan peralatan geofisika ataupun geodesi (lihat juga an-Naml/27: 88, ath-thur/52: 6). Telaah tentang gempa bumi dapat dilihat pula pada Surah an-Naba'/78: 17-20.",
          "5": "Dalam ayat ini, Allah menyatakan bahwa ketika terjadinya keguncangan yang dahsyat itu, saat bumi bergetar dan mengalami kehancuran serta kerusakan, seakan-akan ia menjelaskan kepada manusia bahwa kejadian yang belum pernah terjadi ini tidak menurut ketentuan yang berlaku bagi alam semesta dalam keadaan biasa.\n\nAllah menjelaskan bahwa sebab terjadinya keguncangan tersebut adalah atas perintah-Nya semata. Ketika bumi diperintahkan hancur, maka bumi akan hancur luluh.\n\nPada dasarnya ayat 1-5 di atas berkenaan dengan hari kiamat. Namun dari sekala lebih kecil ayat-ayat tersebut dapat ditafsirkan dengan proses geologi terjadinya gempa, yang sudah barang tentu besarannya jauh lebih kecil dibanding kejadian kiamat kelak.\n\nSeperti telah dijelaskan sebelumnya menurut kajian ilmiah bahwa lempengan-lempengan kulit bumi bergerak dan saling berinteraksi satu sama lain. Pada tempat-tempat saling bertemu, pertemuan lempengan ini menimbulkan gempa bumi. Sebagai contoh adalah Indonesia yang merupakan tempat pertemuan tiga lempeng: Eurasia, Pasifik, dan Indo-Australia. Bila dua lempeng bertemu, maka terjadi tekanan (beban) yang terus menerus, dan bila lempengan tidak tahan lagi menahan tekanan (beban) tersebut, maka lepaslah beban yang telah terkumpul ratusan tahun itu, dan dikeluarkan dalam bentuk gempa bumi.\n\nPada hari itu bumi 'menceritakan beritanya. Beban berat yang dikeluarkan dalam bentuk gempa bumi, merupakan satu proses geologi yang berjalan bertahun-tahun. Begitu seterusnya, setiap selesai beban dilepaskan, kembali proses pengumpulan beban terjadi. Proses geologi atau berita geologi ini dapat direkam baik secara alami maupun dengan menggunakan peralatan geofisika ataupun geodesi (lihat juga an-Naml/27: 88, ath-thur/52: 6). Telaah tentang gempa bumi dapat dilihat pula pada Surah an-Naba'/78: 17-20.",
          "6": "Dalam ayat ini, Allah menerangkan bahwa pada hari terjadinya kerusakan dan kehancuran bagi bumi serta terjadinya alam baru dan hidup baru, muncullah manusia dalam keadaan yang berbeda-beda dan berkelompok. Orang-orang yang beramal baik tidak sama dengan orang-orang jahat. Orang-orang yang taat tidak sama dengan orang yang berbuat maksiat. Mereka muncul untuk diperlihatkan Allah kepada mereka apa yang telah mereka lakukan dan untuk memetik hasil usaha mereka selama hidup di dunia.",
          "7": "Dalam ayat-ayat ini, Allah merincikan balasan amal masing-masing. Barang siapa beramal baik, walaupun hanya seberat atom niscaya akan diterima balasannya, dan begitu pula yang beramal jahat walaupun hanya seberat atom akan merasakan balasannya. Amal kebajikan orang-orang kafir tidak dapat menolong dan melepaskannya dari siksa karena kekafirannya. Mereka akan tetap sengsara selama-lamanya di dalam neraka.",
          "8": "Dalam ayat-ayat ini, Allah merincikan balasan amal masing-masing. Barang siapa beramal baik, walaupun hanya seberat atom niscaya akan diterima balasannya, dan begitu pula yang beramal jahat walaupun hanya seberat atom akan merasakan balasannya. Amal kebajikan orang-orang kafir tidak dapat menolong dan melepaskannya dari siksa karena kekafirannya. Mereka akan tetap sengsara selama-lamanya di dalam neraka."
        }
      }
    }
  }
}