[
{
    "result": {
        "author": "@only_fxc7",
        "bendera": "🇦🇫",
          "jawaban": "Afganistan"

    }
},
{
    "result": {
        "author": "@only_fxc7",
        "bendera": "🇧🇷",
        "jawaban": "brazil"

    }
},
{
    "result": {
        "author": "@only_fxc7",
        "bendera": "🇿🇦",
        "jawaban": "Afrika Selatan"

    }
},
{
    "result": {
        "author": "@only_fxc7",
        "bendera": "🇧🇿",
        "jawaban": "Belize"

    }
},
{
    "result": {
        "author": "@only_fxc7",
        "bendera": "🇧🇴",
        "jawaban": "Bolivia"

    }
},
{
    "result": {
        "author": "@only_fxc7",
        "bendera": "🇧🇼",
        "jawaban": "Botswana"

    }
},
{
    "result": {
        "author": "@only_fxc7",
        "bendera": "🇧🇹",
        "jawaban": "bhutan"

    }
},
{
    "result": {
        "author": "@only_fxc7",
        "bendera": "🇧🇯",
        "jawaban": "benin"

    }
},
{
    "result": {
        "author": "@only_fxc7",
        "bendera": "🇨🇿",
        "jawaban": "ceko"

    }
},
{
    "result": {
        "author": "@only_fxc7",
        "bendera": "🇷🇺",
        "jawaban": "Rusia"

    }
},
{
    "result": {
        "author": "@only_fxc7",
        "bendera": "🇧🇩",
        "jawaban": "Bangladesh"

    }
},
{
    "result": {
        "author": "@only_fxc7",
        "bendera": "🇲🇾",
        "jawaban": "Malaysia"

    }
},
{
    "result": {
        "author": "@only_fxc7",
        "bendera": "🇺🇲",
        "jawaban": "Amerika"

    }
},
{
    "result": {
        "author": "@only_fxc7",
        "bendera": "🇦🇸",
        "jawaban": "samoa"

    }
},
{
    "result": {
        "author": "@only_fxc7",
        "bendera": "🇧🇮",
        "jawaban": "Burundi"

    }
},
{
    "result": {
        "author": "@only_fxc7",
        "bendera": "🇹🇩",
        "jawaban": "chad"

    }
},
{
    "result": {
        "author": "@only_fxc7",
        "bendera": "🇩🇲",
        "jawaban": "Dominika"

    }
},
{
    "result": {
        "author": "@only_fxc7",
        "bendera": "🇧🇬",
        "jawaban": "Bulgaria"

    }
},
{
    "result": {
        "author": "@only_fxc7",
        "bendera": "🇪🇸",
        "jawaban": "Spanyol"

    }
},
{
    "result": {
        "author": "@only_fxc7",
        "bendera": "🇦🇷",
        "jawaban": "Argentina"

    }
},
{
    "result": {
        "author": "@only_fxc7",
        "bendera": "🇨🇱",
        "jawaban": "Chilli"

    }
},
{
    "result": {
        "author": "@only_fxc7",
        "bendera": "🇧🇫",
        "jawaban": "Burkina Faso"

    }
},
{
    "result": {
        "author": "@only_fxc7",
        "bendera": "🇵🇬",
        "jawaban": "Papua Nugini"

    }
},
{
    "result": {
        "author": "@only_fxc7",
        "bendera": "🇹🇱",
        "jawaban": "Timor Leste"

    }
},
{
    "result": {
        "author": "@only_fxc7",
        "bendera": "🇱🇦",
        "jawaban": "Laos"

    }
},
{
    "result": {
        "author": "@only_fxc7",
        "bendera": "🇹🇭",
        "jawaban": "Thailand"

    }
},
{
    "result": {
        "author": "@only_fxc7",
        "bendera": "🇸🇬",
        "jawaban": "Singapore"

    }
},
{
    "result": {
        "author": "@only_fxc7",
        "bendera": "🇧🇳",
        "jawaban": "Brunai Darussalam"

    }
},
{
    "result": {
        "author": "@only_fxc7",
        "bendera": "🇫🇯",
        "jawaban": "fiji"

    }
},
{
    "result": {
        "author": "@only_fxc7",
        "bendera": "🇬🇦",
        "jawaban": "Gabon"

    }
},
{
    "result": {
        "author": "@only_fxc7",
        "bendera": "🇬🇭",
        "jawaban": "Ghana"

    }
},
{
    "result": {
        "author": "@only_fxc7",
        "bendera": "🇪🇬",
        "jawaban": "mesir"

    }
},
{
    "result": {
        "author": "@only_fxc7",
        "bendera": "🇮🇱",
        "jawaban": "Israel"

    }
},
{
    "result": {
        "author": "@only_fxc7",
        "bendera": "🇵🇸",
        "jawaban": "Palestina"

    }
},
{
    "result": {
        "author": "@only_fxc7",
        "bendera": "🇼🇸",
        "jawaban": "Samoa"

    }
},
{
    "result": {
        "author": "@only_fxc7",
        "bendera": "🇬🇲",
        "jawaban": "Gambia"

    }
},
{
    "result": {
        "author": "@only_fxc7",
        "bendera": "🇵🇱",
        "jawaban": "Polandia"

    }
},
{
    "result": {
        "author": "@only_fxc7y",
        "bendera": "🇮🇩",
        "jawaban": "Indonesia"

    }
},
{
    "result": {
        "author": "@only_fxc7",
        "bendera": "🇱🇻",
        "jawaban": "Latvia"

    }
},
{
    "result": {
        "author": "@only_fxc7",
        "bendera": "🇯🇲",
        "jawaban": "Rasta"

    }
},
{
    "result": {
        "author": "@only_fxc7",
        "bendera": "🇫🇷",
        "jawaban": "Perancis"

    }
},
{
    "result": {
        "author": "@only_fxc7",
        "bendera": "🇵🇭",
        "jawaban": "Filipina"

    }
},
{
    "result": {
        "author": "@only_fxc7",
        "bendera": "🇦🇹",
        "jawaban": "Austria"

    }
}
]